"Project ID","Project name","Project description","Project creation date","Project last update","Team size","Current step name","Current status","Thématique","Accompagnement","TOD Advisor","Step Name (step_13)","Entry date (step_13)","Submission date (step_13)","Type de situation","Step Name (step_70)","Entry date (step_70)","Submission date (step_70)","Step Name (step_1)","Entry date (step_1)","Submission date (step_1)","Step Name (step_8)","Entry date (step_8)","Submission date (step_8)","Step Name (step_2)","Entry date (step_2)","Submission date (step_2)","Step Name (step_33)","Entry date (step_33)","Submission date (step_33)","Step Name (step_17)","Entry date (step_17)","Submission date (step_17)","Step Name (step_18)","Entry date (step_18)","Submission date (step_18)","Step Name (step_12)","Entry date (step_12)","Submission date (step_12)","Step Name (step_19)","Entry date (step_19)","Submission date (step_19)","Step Name (step_20)","Entry date (step_20)","Submission date (step_20)","Step Name (step_10)","Entry date (step_10)","Submission date (step_10)","Step Name (step_7)","Entry date (step_7)","Submission date (step_7)","Step Name (step_23)","Entry date (step_23)","Submission date (step_23)","Step Name (step_24)","Entry date (step_24)","Submission date (step_24)","Step Name (step_25)","Entry date (step_25)","Submission date (step_25)","Step Name (step_26)","Entry date (step_26)","Submission date (step_26)","Step Name (step_27)","Entry date (step_27)","Submission date (step_27)","Step Name (step_28)","Entry date (step_28)","Submission date (step_28)","Step Name (step_29)","Entry date (step_29)","Step Name (step_63)","Entry date (step_63)","Submission date (step_63)","Step Name (step_64)","Entry date (step_64)","Submission date (step_64)","Step Name (step_65)","Entry date (step_65)","Submission date (step_65)","Step Name (step_66)","Entry date (step_66)","Submission date (step_66)","Step Name (step_67)","Entry date (step_67)","Submission date (step_67)","Step Name (step_68)","Entry date (step_68)","Submission date (step_68)","Step Name (step_69)","Entry date (step_69)","Submission date (step_69)"
"001","Enside","ENSIDE offers an innovative approach to strengthen team cohesion and collective energy. Our solution combines immersive cohesion workshops (""Let's Connect"") with a digital application that collects and analyzes human data to generate actionable insights","05/06/2024","13/06/2025","004","OM | Incubation","active","New Ways of working","0","Corporate","Soumission","05/06/2024","12/07/2024","Operating Model (situation visant à améliorer, optimiser ou changer des process, pratiques ou organisations de travail)","Categorization","NA","NA","Ideation","12/07/2024","14/07/2024","Ideation | Demo Day ","20/07/2024","20/07/2024","Development","29/07/2024","NA","Business | Incubation","NA","NA","Business | Pre-Hacking Committee ","NA","NA","Business | Hacking Committee","NA","NA","Business | Acceleration","NA","NA","Business | Pre-Impact Committee","NA","NA","Business | Impact Committee","NA","NA","Business | Impact","NA","NA","Business | Series B","NA","NA","OM | Incubation","28/04/2025","30/04/2025","OM | Pre-Hacking Committee","NA","NA","OM | Hacking Committee","01/05/2025","01/05/2025","OM | Acceleration","NA","NA","OM | Pre-Impact Committee ","NA","NA","OM | Impact Committee","16/05/2025","16/05/2025","OM | Impact","NA","Ecosystem | Incubation","NA","NA","Ecosystem | Pre-Hacking Committee","NA","NA","Ecosystem | Hacking Committee","NA","NA","Ecosystem | Acceleration","NA","NA","Ecosystem | Pre-Impact Committee ","NA","NA","Ecosystem | Impact Committee","NA","NA","Ecosystem | Impact","NA","NA"
"003","EnergiX Solutions","Création d'EnergiX Solutions afin d'optimiser l'efficacité énergétique au sein du Groupe OCP. Grâce à des analyses de données avancées, cette initiative vise à réduire les coûts énergétiques, renforçant ainsi la position du Groupe en tant que leader sur l","07/06/2024","21/06/2025","001","Ideation","active","Energy Solutions","0","SBU Mining Khouribga","Soumission","07/06/2024","NA","Business (situation visant à générer des revenus)","Categorization","NA","NA","Ideation","30/05/2025","NA","Ideation | Demo Day ","NA","NA","Development","NA","NA","Business | Incubation","NA","NA","Business | Pre-Hacking Committee ","NA","NA","Business | Hacking Committee","NA","NA","Business | Acceleration","NA","NA","Business | Pre-Impact Committee","NA","NA","Business | Impact Committee","NA","NA","Business | Impact","NA","NA","Business | Series B","NA","NA","OM | Incubation","NA","NA","OM | Pre-Hacking Committee","NA","NA","OM | Hacking Committee","NA","NA","OM | Acceleration","NA","NA","OM | Pre-Impact Committee ","NA","NA","OM | Impact Committee","NA","NA","OM | Impact","NA","Ecosystem | Incubation","NA","NA","Ecosystem | Pre-Hacking Committee","NA","NA","Ecosystem | Hacking Committee","NA","NA","Ecosystem | Acceleration","NA","NA","Ecosystem | Pre-Impact Committee ","NA","NA","Ecosystem | Impact Committee","NA","NA","Ecosystem | Impact","NA","NA"
"006","Green buildings","Adopter une démarche environnementale dans les projets de construction pour avoir des bâtiments verts et réduire l’empreinte carbone_x000D_
Améliorer l’efficacité énergétique des bâtiments existants du groupe","07/06/2024","13/06/2025","003","Ideation","active","Génie civil","0","Corporate","Soumission","07/06/2024","16/08/2024","Business (situation visant à générer des revenus)","Categorization","NA","NA","Ideation","16/08/2024","28/08/2024","Ideation | Demo Day ","NA","NA","Development","NA","NA","Business | Incubation","NA","NA","Business | Pre-Hacking Committee ","NA","NA","Business | Hacking Committee","NA","NA","Business | Acceleration","NA","NA","Business | Pre-Impact Committee","NA","NA","Business | Impact Committee","NA","NA","Business | Impact","NA","NA","Business | Series B","NA","NA","OM | Incubation","NA","NA","OM | Pre-Hacking Committee","NA","NA","OM | Hacking Committee","NA","NA","OM | Acceleration","NA","NA","OM | Pre-Impact Committee ","NA","NA","OM | Impact Committee","NA","NA","OM | Impact","NA","Ecosystem | Incubation","NA","NA","Ecosystem | Pre-Hacking Committee","NA","NA","Ecosystem | Hacking Committee","NA","NA","Ecosystem | Acceleration","NA","NA","Ecosystem | Pre-Impact Committee ","NA","NA","Ecosystem | Impact Committee","NA","NA","Ecosystem | Impact","NA","NA"
"007","Dynamic ecosystem","Développement de l'écosystème local et identification des opportunités de croissance mutuelle à travers la mise en place des partenariats stratégiques avec les acteurs du territoire, notamment les autorités locales, les entreprises, les organisations comm","06/07/2024","13/06/2025","003","*Soumission*","active","Ecosystem","0","SBU Manufacturig Safi","Soumission","06/07/2024","NA","Ecosystème (situation visant à créer de la valeur avec l’écosystème du groupe)","Categorization","NA","NA","Ideation","NA","NA","Ideation | Demo Day ","NA","NA","Development","NA","NA","Business | Incubation","NA","NA","Business | Pre-Hacking Committee ","NA","NA","Business | Hacking Committee","NA","NA","Business | Acceleration","NA","NA","Business | Pre-Impact Committee","NA","NA","Business | Impact Committee","NA","NA","Business | Impact","NA","NA","Business | Series B","NA","NA","OM | Incubation","NA","NA","OM | Pre-Hacking Committee","NA","NA","OM | Hacking Committee","NA","NA","OM | Acceleration","NA","NA","OM | Pre-Impact Committee ","NA","NA","OM | Impact Committee","NA","NA","OM | Impact","NA","Ecosystem | Incubation","NA","NA","Ecosystem | Pre-Hacking Committee","NA","NA","Ecosystem | Hacking Committee","NA","NA","Ecosystem | Acceleration","NA","NA","Ecosystem | Pre-Impact Committee ","NA","NA","Ecosystem | Impact Committee","NA","NA","Ecosystem | Impact","NA","NA"
"009","Sport4Family","En tant que sportif professionnel je veux mettre mon expérience riche pour motiver les collaborateurs et leurs familles en plus d'écosystème à faire le sport a travers un planning à la fois sportif et éducatif .","06/07/2024","13/06/2025","001","Ideation","active","Ecosystem","0","SBU Manufacturing Jorf","Soumission","06/07/2024","15/07/2024","Ecosystème (situation visant à créer de la valeur avec l’écosystème du groupe)","Categorization","NA","NA","Ideation","15/07/2024","08/08/2024","Ideation | Demo Day ","NA","NA","Development","NA","NA","Business | Incubation","NA","NA","Business | Pre-Hacking Committee ","NA","NA","Business | Hacking Committee","NA","NA","Business | Acceleration","NA","NA","Business | Pre-Impact Committee","NA","NA","Business | Impact Committee","NA","NA","Business | Impact","NA","NA","Business | Series B","NA","NA","OM | Incubation","NA","NA","OM | Pre-Hacking Committee","NA","NA","OM | Hacking Committee","NA","NA","OM | Acceleration","NA","NA","OM | Pre-Impact Committee ","NA","NA","OM | Impact Committee","NA","NA","OM | Impact","NA","Ecosystem | Incubation","NA","NA","Ecosystem | Pre-Hacking Committee","NA","NA","Ecosystem | Hacking Committee","NA","NA","Ecosystem | Acceleration","NA","NA","Ecosystem | Pre-Impact Committee ","NA","NA","Ecosystem | Impact Committee","NA","NA","Ecosystem | Impact","NA","NA"
"010","GeoFleet","Installation d'un système GPS embarqué pour les véhicules DCI afin d'assurer la géolocalisation des véhicules, des engins et des installations sur chantiers","06/07/2024","13/06/2025","001","*Soumission*","active","Operating Model","0","SBU Mining Gantour","Soumission","06/07/2024","NA","Operating Model (situation visant à améliorer, optimiser ou changer des process, pratiques ou organisations de travail)","Categorization","NA","NA","Ideation","NA","NA","Ideation | Demo Day ","NA","NA","Development","NA","NA","Business | Incubation","NA","NA","Business | Pre-Hacking Committee ","NA","NA","Business | Hacking Committee","NA","NA","Business | Acceleration","NA","NA","Business | Pre-Impact Committee","NA","NA","Business | Impact Committee","NA","NA","Business | Impact","NA","NA","Business | Series B","NA","NA","OM | Incubation","NA","NA","OM | Pre-Hacking Committee","NA","NA","OM | Hacking Committee","NA","NA","OM | Acceleration","NA","NA","OM | Pre-Impact Committee ","NA","NA","OM | Impact Committee","NA","NA","OM | Impact","NA","Ecosystem | Incubation","NA","NA","Ecosystem | Pre-Hacking Committee","NA","NA","Ecosystem | Hacking Committee","NA","NA","Ecosystem | Acceleration","NA","NA","Ecosystem | Pre-Impact Committee ","NA","NA","Ecosystem | Impact Committee","NA","NA","Ecosystem | Impact","NA","NA"
"012","OCP Learning solution OLS","Real time learning platform : développer une plateforme de type UBER (le conducteur : c'est un collaborateur qui est prêt à partager des connaissances & informations sur un sujet donné et l'utilisateur : un collaborateur en recherche de l'information","06/07/2024","13/06/2025","006","Ideation","active","Knowledge Management","0","SBU Manufacturig Safi","Soumission","06/07/2024","16/07/2024","Business (situation visant à générer des revenus)","Categorization","NA","NA","Ideation","16/07/2024","NA","Ideation | Demo Day ","NA","NA","Development","NA","NA","Business | Incubation","NA","NA","Business | Pre-Hacking Committee ","NA","NA","Business | Hacking Committee","NA","NA","Business | Acceleration","NA","NA","Business | Pre-Impact Committee","NA","NA","Business | Impact Committee","NA","NA","Business | Impact","NA","NA","Business | Series B","NA","NA","OM | Incubation","NA","NA","OM | Pre-Hacking Committee","NA","NA","OM | Hacking Committee","NA","NA","OM | Acceleration","NA","NA","OM | Pre-Impact Committee ","NA","NA","OM | Impact Committee","NA","NA","OM | Impact","NA","Ecosystem | Incubation","NA","NA","Ecosystem | Pre-Hacking Committee","NA","NA","Ecosystem | Hacking Committee","NA","NA","Ecosystem | Acceleration","NA","NA","Ecosystem | Pre-Impact Committee ","NA","NA","Ecosystem | Impact Committee","NA","NA","Ecosystem | Impact","NA","NA"
"013","ProPDR","Lancer une initiative permettant d'accompagner les entreprises locales à produire des PDR nécessaires dans la production et chargement des engrais  ","06/07/2024","13/06/2025","001","*Soumission*","active","Optimisation industrielle","0","SBU Manufacturing Jorf","Soumission","06/07/2024","NA","Business (situation visant à générer des revenus)","Categorization","NA","NA","Ideation","NA","NA","Ideation | Demo Day ","NA","NA","Development","NA","NA","Business | Incubation","NA","NA","Business | Pre-Hacking Committee ","NA","NA","Business | Hacking Committee","NA","NA","Business | Acceleration","NA","NA","Business | Pre-Impact Committee","NA","NA","Business | Impact Committee","NA","NA","Business | Impact","NA","NA","Business | Series B","NA","NA","OM | Incubation","NA","NA","OM | Pre-Hacking Committee","NA","NA","OM | Hacking Committee","NA","NA","OM | Acceleration","NA","NA","OM | Pre-Impact Committee ","NA","NA","OM | Impact Committee","NA","NA","OM | Impact","NA","Ecosystem | Incubation","NA","NA","Ecosystem | Pre-Hacking Committee","NA","NA","Ecosystem | Hacking Committee","NA","NA","Ecosystem | Acceleration","NA","NA","Ecosystem | Pre-Impact Committee ","NA","NA","Ecosystem | Impact Committee","NA","NA","Ecosystem | Impact","NA","NA"
"014","EcoRecycle","-Création d'une filiale OCP pour le traitement et le recyclage des déchets industriels à Jorf Lasfar, visant à transformer les déchets en opportunités économiques tout en bénéficiant à la communauté locale; -Réduire l'empreinte carbone des engrais en remp","06/07/2024","13/06/2025","001","*Soumission*","active","Recycling & Waste Management","0","SBU Manufacturing Jorf","Soumission","06/07/2024","NA","Business (situation visant à générer des revenus)","Categorization","NA","NA","Ideation","NA","NA","Ideation | Demo Day ","NA","NA","Development","NA","NA","Business | Incubation","NA","NA","Business | Pre-Hacking Committee ","NA","NA","Business | Hacking Committee","NA","NA","Business | Acceleration","NA","NA","Business | Pre-Impact Committee","NA","NA","Business | Impact Committee","NA","NA","Business | Impact","NA","NA","Business | Series B","NA","NA","OM | Incubation","NA","NA","OM | Pre-Hacking Committee","NA","NA","OM | Hacking Committee","NA","NA","OM | Acceleration","NA","NA","OM | Pre-Impact Committee ","NA","NA","OM | Impact Committee","NA","NA","OM | Impact","NA","Ecosystem | Incubation","NA","NA","Ecosystem | Pre-Hacking Committee","NA","NA","Ecosystem | Hacking Committee","NA","NA","Ecosystem | Acceleration","NA","NA","Ecosystem | Pre-Impact Committee ","NA","NA","Ecosystem | Impact Committee","NA","NA","Ecosystem | Impact","NA","NA"
"015","ThermoExpert Team","Equipe expert centrale thermique est une équipe polyvalente pour la conception, l'innovation ,l'exploitation et la réalisation des audits au sein OCP ou externe.","06/07/2024","13/06/2025","003","Ideation","active","Talent Development","0","SBU Manufacturing Jorf","Soumission","06/07/2024","16/07/2024","Business (situation visant à générer des revenus)","Categorization","NA","NA","Ideation","16/07/2024","NA","Ideation | Demo Day ","NA","NA","Development","NA","NA","Business | Incubation","NA","NA","Business | Pre-Hacking Committee ","NA","NA","Business | Hacking Committee","NA","NA","Business | Acceleration","NA","NA","Business | Pre-Impact Committee","NA","NA","Business | Impact Committee","NA","NA","Business | Impact","NA","NA","Business | Series B","NA","NA","OM | Incubation","NA","NA","OM | Pre-Hacking Committee","NA","NA","OM | Hacking Committee","NA","NA","OM | Acceleration","NA","NA","OM | Pre-Impact Committee ","NA","NA","OM | Impact Committee","NA","NA","OM | Impact","NA","Ecosystem | Incubation","NA","NA","Ecosystem | Pre-Hacking Committee","NA","NA","Ecosystem | Hacking Committee","NA","NA","Ecosystem | Acceleration","NA","NA","Ecosystem | Pre-Impact Committee ","NA","NA","Ecosystem | Impact Committee","NA","NA","Ecosystem | Impact","NA","NA"
"016","OCP's Podcasts","Promouvoir le bien-être en réalisant des podcasts mettant en vedette des agents en activité et d'anciens agents d'OCP, discutant de leurs carrières professionnelles et personnelles, y compris leurs passe-temps préférés","06/07/2024","13/06/2025","001","*Soumission*","active","Ecosystem","0","SBU Manufacturing Jorf","Soumission","06/07/2024","NA","Ecosystème (situation visant à créer de la valeur avec l’écosystème du groupe)","Categorization","NA","NA","Ideation","NA","NA","Ideation | Demo Day ","NA","NA","Development","NA","NA","Business | Incubation","NA","NA","Business | Pre-Hacking Committee ","NA","NA","Business | Hacking Committee","NA","NA","Business | Acceleration","NA","NA","Business | Pre-Impact Committee","NA","NA","Business | Impact Committee","NA","NA","Business | Impact","NA","NA","Business | Series B","NA","NA","OM | Incubation","NA","NA","OM | Pre-Hacking Committee","NA","NA","OM | Hacking Committee","NA","NA","OM | Acceleration","NA","NA","OM | Pre-Impact Committee ","NA","NA","OM | Impact Committee","NA","NA","OM | Impact","NA","Ecosystem | Incubation","NA","NA","Ecosystem | Pre-Hacking Committee","NA","NA","Ecosystem | Hacking Committee","NA","NA","Ecosystem | Acceleration","NA","NA","Ecosystem | Pre-Impact Committee ","NA","NA","Ecosystem | Impact Committee","NA","NA","Ecosystem | Impact","NA","NA"
"017","La Samir By OCP","Achat de la raffinerie LA SAMIR et entrée dans le monde du raffinage et des carburants. ce qui permettera d'économiser et de réduire les coûts de l'ensemble des dérivés pétroliers utilisés dans les industries des phosphates (FUEL, SOUFRE, ammoniac ...).","06/07/2024","13/06/2025","001","*Soumission*","active","Energy Solutions","0","SBU Manufacturing Jorf","Soumission","06/07/2024","NA","Business (situation visant à générer des revenus)","Categorization","NA","NA","Ideation","NA","NA","Ideation | Demo Day ","NA","NA","Development","NA","NA","Business | Incubation","NA","NA","Business | Pre-Hacking Committee ","NA","NA","Business | Hacking Committee","NA","NA","Business | Acceleration","NA","NA","Business | Pre-Impact Committee","NA","NA","Business | Impact Committee","NA","NA","Business | Impact","NA","NA","Business | Series B","NA","NA","OM | Incubation","NA","NA","OM | Pre-Hacking Committee","NA","NA","OM | Hacking Committee","NA","NA","OM | Acceleration","NA","NA","OM | Pre-Impact Committee ","NA","NA","OM | Impact Committee","NA","NA","OM | Impact","NA","Ecosystem | Incubation","NA","NA","Ecosystem | Pre-Hacking Committee","NA","NA","Ecosystem | Hacking Committee","NA","NA","Ecosystem | Acceleration","NA","NA","Ecosystem | Pre-Impact Committee ","NA","NA","Ecosystem | Impact Committee","NA","NA","Ecosystem | Impact","NA","NA"
"018","Sense@Work","Sens au travail : Programme d'engagement personnel aligné aux valeurs, favorisant épanouissement professionnel. Sécurité des agents : Protocoles renforcés et formations spécifiques pour garantir conditions optimales.","06/07/2024","13/06/2025","001","*Soumission*","active","Talent Development","0","SBU Manufacturing Jorf","Soumission","06/07/2024","NA","Operating Model (situation visant à améliorer, optimiser ou changer des process, pratiques ou organisations de travail)","Categorization","NA","NA","Ideation","NA","NA","Ideation | Demo Day ","NA","NA","Development","NA","NA","Business | Incubation","NA","NA","Business | Pre-Hacking Committee ","NA","NA","Business | Hacking Committee","NA","NA","Business | Acceleration","NA","NA","Business | Pre-Impact Committee","NA","NA","Business | Impact Committee","NA","NA","Business | Impact","NA","NA","Business | Series B","NA","NA","OM | Incubation","NA","NA","OM | Pre-Hacking Committee","NA","NA","OM | Hacking Committee","NA","NA","OM | Acceleration","NA","NA","OM | Pre-Impact Committee ","NA","NA","OM | Impact Committee","NA","NA","OM | Impact","NA","Ecosystem | Incubation","NA","NA","Ecosystem | Pre-Hacking Committee","NA","NA","Ecosystem | Hacking Committee","NA","NA","Ecosystem | Acceleration","NA","NA","Ecosystem | Pre-Impact Committee ","NA","NA","Ecosystem | Impact Committee","NA","NA","Ecosystem | Impact","NA","NA"
"020","SensorTech Solutions","Notre situation envisage la création d'une BU spécialisée dans les capteurs, chargée de concevoir, valider, fournir et entretenir tous les capteurs de l'OCP. Parallèlement, la situation vise à développer un outil de prise de décision dynamique, capable de","06/07/2024","21/06/2025","001","Ideation","active","Sustainability","0","SBU Mining ","Soumission","06/07/2024","NA","Business (situation visant à générer des revenus)","Categorization","NA","NA","Ideation","30/05/2025","NA","Ideation | Demo Day ","NA","NA","Development","NA","NA","Business | Incubation","NA","NA","Business | Pre-Hacking Committee ","NA","NA","Business | Hacking Committee","NA","NA","Business | Acceleration","NA","NA","Business | Pre-Impact Committee","NA","NA","Business | Impact Committee","NA","NA","Business | Impact","NA","NA","Business | Series B","NA","NA","OM | Incubation","NA","NA","OM | Pre-Hacking Committee","NA","NA","OM | Hacking Committee","NA","NA","OM | Acceleration","NA","NA","OM | Pre-Impact Committee ","NA","NA","OM | Impact Committee","NA","NA","OM | Impact","NA","Ecosystem | Incubation","NA","NA","Ecosystem | Pre-Hacking Committee","NA","NA","Ecosystem | Hacking Committee","NA","NA","Ecosystem | Acceleration","NA","NA","Ecosystem | Pre-Impact Committee ","NA","NA","Ecosystem | Impact Committee","NA","NA","Ecosystem | Impact","NA","NA"
"023","LaserFlow Measurement System","La situation vise à développer un système de mesure novateur basé sur un détecteur laser. Le transport de matières via des convoyeurs à bande, une pratique courante dans de nombreuses industries. Cependant, la mesure précise de la quantité de matière tran","06/07/2024","21/06/2025","001","Ideation","active","Digital","0","SBU Manufacturing Jorf","Soumission","06/07/2024","NA","Business (situation visant à générer des revenus)","Categorization","NA","NA","Ideation","30/05/2025","NA","Ideation | Demo Day ","NA","NA","Development","NA","NA","Business | Incubation","NA","NA","Business | Pre-Hacking Committee ","NA","NA","Business | Hacking Committee","NA","NA","Business | Acceleration","NA","NA","Business | Pre-Impact Committee","NA","NA","Business | Impact Committee","NA","NA","Business | Impact","NA","NA","Business | Series B","NA","NA","OM | Incubation","NA","NA","OM | Pre-Hacking Committee","NA","NA","OM | Hacking Committee","NA","NA","OM | Acceleration","NA","NA","OM | Pre-Impact Committee ","NA","NA","OM | Impact Committee","NA","NA","OM | Impact","NA","Ecosystem | Incubation","NA","NA","Ecosystem | Pre-Hacking Committee","NA","NA","Ecosystem | Hacking Committee","NA","NA","Ecosystem | Acceleration","NA","NA","Ecosystem | Pre-Impact Committee ","NA","NA","Ecosystem | Impact Committee","NA","NA","Ecosystem | Impact","NA","NA"
"024","EcoSulfur Solutions","Développer un système de neutralisation des gaz émis lors de la combustion de soufre solide","06/07/2024","13/06/2025","001","*Soumission*","active","Sustainability","0","SBU Manufacturing Jorf","Soumission","06/07/2024","NA","Business (situation visant à générer des revenus)","Categorization","NA","NA","Ideation","NA","NA","Ideation | Demo Day ","NA","NA","Development","NA","NA","Business | Incubation","NA","NA","Business | Pre-Hacking Committee ","NA","NA","Business | Hacking Committee","NA","NA","Business | Acceleration","NA","NA","Business | Pre-Impact Committee","NA","NA","Business | Impact Committee","NA","NA","Business | Impact","NA","NA","Business | Series B","NA","NA","OM | Incubation","NA","NA","OM | Pre-Hacking Committee","NA","NA","OM | Hacking Committee","NA","NA","OM | Acceleration","NA","NA","OM | Pre-Impact Committee ","NA","NA","OM | Impact Committee","NA","NA","OM | Impact","NA","Ecosystem | Incubation","NA","NA","Ecosystem | Pre-Hacking Committee","NA","NA","Ecosystem | Hacking Committee","NA","NA","Ecosystem | Acceleration","NA","NA","Ecosystem | Pre-Impact Committee ","NA","NA","Ecosystem | Impact Committee","NA","NA","Ecosystem | Impact","NA","NA"
"025","ConnectStore :","ConnectStore : L'Avenir de la Gestion des Stocks ConnectStore utilise l'IoT et l'IA pour anticiper et optimiser la gestion des stocks, transformant les défis en opportunités et assurant une agilité et une rentabilité durable","06/07/2024","21/06/2025","004","Ideation","active","Digital","0","SBU Manufacturig Safi","Soumission","06/07/2024","NA","Business (situation visant à générer des revenus)","Categorization","NA","NA","Ideation","30/05/2025","NA","Ideation | Demo Day ","NA","NA","Development","NA","NA","Business | Incubation","NA","NA","Business | Pre-Hacking Committee ","NA","NA","Business | Hacking Committee","NA","NA","Business | Acceleration","NA","NA","Business | Pre-Impact Committee","NA","NA","Business | Impact Committee","NA","NA","Business | Impact","NA","NA","Business | Series B","NA","NA","OM | Incubation","NA","NA","OM | Pre-Hacking Committee","NA","NA","OM | Hacking Committee","NA","NA","OM | Acceleration","NA","NA","OM | Pre-Impact Committee ","NA","NA","OM | Impact Committee","NA","NA","OM | Impact","NA","Ecosystem | Incubation","NA","NA","Ecosystem | Pre-Hacking Committee","NA","NA","Ecosystem | Hacking Committee","NA","NA","Ecosystem | Acceleration","NA","NA","Ecosystem | Pre-Impact Committee ","NA","NA","Ecosystem | Impact Committee","NA","NA","Ecosystem | Impact","NA","NA"
"026","Team of SecureAccess Control","La gestion des accès dans les zones industrielles à risque requiert un contrôle strict du personnel, avec des autorisations définies et des dispositifs d'identification (badges, GPS, bracelets, etc.). Les prérequis d'accès doivent être clairement définis,","06/07/2024","13/06/2025","001","Ideation","active","Health & Safety","0","SBU Manufacturig Safi","Soumission","06/07/2024","07/08/2024","Operating Model (situation visant à améliorer, optimiser ou changer des process, pratiques ou organisations de travail)","Categorization","NA","NA","Ideation","07/08/2024","NA","Ideation | Demo Day ","NA","NA","Development","NA","NA","Business | Incubation","NA","NA","Business | Pre-Hacking Committee ","NA","NA","Business | Hacking Committee","NA","NA","Business | Acceleration","NA","NA","Business | Pre-Impact Committee","NA","NA","Business | Impact Committee","NA","NA","Business | Impact","NA","NA","Business | Series B","NA","NA","OM | Incubation","NA","NA","OM | Pre-Hacking Committee","NA","NA","OM | Hacking Committee","NA","NA","OM | Acceleration","NA","NA","OM | Pre-Impact Committee ","NA","NA","OM | Impact Committee","NA","NA","OM | Impact","NA","Ecosystem | Incubation","NA","NA","Ecosystem | Pre-Hacking Committee","NA","NA","Ecosystem | Hacking Committee","NA","NA","Ecosystem | Acceleration","NA","NA","Ecosystem | Pre-Impact Committee ","NA","NA","Ecosystem | Impact Committee","NA","NA","Ecosystem | Impact","NA","NA"
"027","OCP Safe & Skill Assessments","La situation vise à résoudre un problème crucial dans le domaine industriel : garantir que les employés des entreprises sous-traitantes possèdent les compétences nécessaires pour accomplir leurs tâches en toute sécurité et efficacité","06/07/2024","21/06/2025","001","Ideation","active","Health & Safety","0","SBU Manufacturig Safi","Soumission","06/07/2024","NA","Business (situation visant à générer des revenus)","Categorization","NA","NA","Ideation","30/05/2025","NA","Ideation | Demo Day ","NA","NA","Development","NA","NA","Business | Incubation","NA","NA","Business | Pre-Hacking Committee ","NA","NA","Business | Hacking Committee","NA","NA","Business | Acceleration","NA","NA","Business | Pre-Impact Committee","NA","NA","Business | Impact Committee","NA","NA","Business | Impact","NA","NA","Business | Series B","NA","NA","OM | Incubation","NA","NA","OM | Pre-Hacking Committee","NA","NA","OM | Hacking Committee","NA","NA","OM | Acceleration","NA","NA","OM | Pre-Impact Committee ","NA","NA","OM | Impact Committee","NA","NA","OM | Impact","NA","Ecosystem | Incubation","NA","NA","Ecosystem | Pre-Hacking Committee","NA","NA","Ecosystem | Hacking Committee","NA","NA","Ecosystem | Acceleration","NA","NA","Ecosystem | Pre-Impact Committee ","NA","NA","Ecosystem | Impact Committee","NA","NA","Ecosystem | Impact","NA","NA"
"029","ProcureX","ProcureX, centre d'expertise Achats, qui réunira les experts achat OCP pour assurer le support opérationnel, piloter la performance, accompagner les projets stratégiques et de transformation, développer les compétences et gérer la relation fournisseurs","06/07/2024","13/06/2025","005","Ideation","active","Operating Model","0","SBU Manufacturing Jorf","Soumission","06/07/2024","09/08/2024","Operating Model (situation visant à améliorer, optimiser ou changer des process, pratiques ou organisations de travail)","Categorization","NA","NA","Ideation","09/08/2024","12/02/2025","Ideation | Demo Day ","NA","NA","Development","NA","NA","Business | Incubation","NA","NA","Business | Pre-Hacking Committee ","NA","NA","Business | Hacking Committee","NA","NA","Business | Acceleration","NA","NA","Business | Pre-Impact Committee","NA","NA","Business | Impact Committee","NA","NA","Business | Impact","NA","NA","Business | Series B","NA","NA","OM | Incubation","NA","NA","OM | Pre-Hacking Committee","NA","NA","OM | Hacking Committee","NA","NA","OM | Acceleration","NA","NA","OM | Pre-Impact Committee ","NA","NA","OM | Impact Committee","NA","NA","OM | Impact","NA","Ecosystem | Incubation","NA","NA","Ecosystem | Pre-Hacking Committee","NA","NA","Ecosystem | Hacking Committee","NA","NA","Ecosystem | Acceleration","NA","NA","Ecosystem | Pre-Impact Committee ","NA","NA","Ecosystem | Impact Committee","NA","NA","Ecosystem | Impact","NA","NA"
"030","Musée Phosboucraa","Création d'un musée et un documentaire sur l'historique de Phosboucraa_x000D_
 un  musée  qui  peut être un espace captivant pour présenter l’histoire, la culture et les réalisations de Phosboucraa.","06/07/2024","13/06/2025","006","Ideation","active","Ecosystem","0","SBU Mining Phosboucraa","Soumission","06/07/2024","06/10/2024","Ecosystème (situation visant à créer de la valeur avec l’écosystème du groupe)","Categorization","NA","NA","Ideation","26/11/2024","27/11/2024","Ideation | Demo Day ","NA","NA","Development","NA","NA","Business | Incubation","NA","NA","Business | Pre-Hacking Committee ","NA","NA","Business | Hacking Committee","NA","NA","Business | Acceleration","NA","NA","Business | Pre-Impact Committee","NA","NA","Business | Impact Committee","NA","NA","Business | Impact","NA","NA","Business | Series B","NA","NA","OM | Incubation","NA","NA","OM | Pre-Hacking Committee","NA","NA","OM | Hacking Committee","NA","NA","OM | Acceleration","NA","NA","OM | Pre-Impact Committee ","NA","NA","OM | Impact Committee","NA","NA","OM | Impact","NA","Ecosystem | Incubation","NA","NA","Ecosystem | Pre-Hacking Committee","NA","NA","Ecosystem | Hacking Committee","NA","NA","Ecosystem | Acceleration","NA","NA","Ecosystem | Pre-Impact Committee ","NA","NA","Ecosystem | Impact Committee","NA","NA","Ecosystem | Impact","NA","NA"
"031","Production  d'Énergie","Coupler des alternateurs avec les rouleaux des convoyeurs pour produire de l’électricité qui sert à Alimentation des lampes LED et d’autres et alimenter des capteurs de surveillance du convoyeur, équipés de détecteurs de mouvement et thermiques._x000D_
","06/07/2024","13/06/2025","005","Ideation","active","Energy Solutions","0","SBU Mining Phosboucraa","Soumission","06/07/2024","11/07/2024","Operating Model (situation visant à améliorer, optimiser ou changer des process, pratiques ou organisations de travail)","Categorization","NA","NA","Ideation","11/07/2024","13/02/2025","Ideation | Demo Day ","NA","NA","Development","NA","NA","Business | Incubation","NA","NA","Business | Pre-Hacking Committee ","NA","NA","Business | Hacking Committee","NA","NA","Business | Acceleration","NA","NA","Business | Pre-Impact Committee","NA","NA","Business | Impact Committee","NA","NA","Business | Impact","NA","NA","Business | Series B","NA","NA","OM | Incubation","NA","NA","OM | Pre-Hacking Committee","NA","NA","OM | Hacking Committee","NA","NA","OM | Acceleration","NA","NA","OM | Pre-Impact Committee ","NA","NA","OM | Impact Committee","NA","NA","OM | Impact","NA","Ecosystem | Incubation","NA","NA","Ecosystem | Pre-Hacking Committee","NA","NA","Ecosystem | Hacking Committee","NA","NA","Ecosystem | Acceleration","NA","NA","Ecosystem | Pre-Impact Committee ","NA","NA","Ecosystem | Impact Committee","NA","NA","Ecosystem | Impact","NA","NA"
"032","Smart pig launcher of pipeline","Différentes opérations de contrôle du pipeline: 1 Recherche de fuite. 2 Contrôle de corrosion. 3 Recherche de fissures. 4 Contrôle revêtement du pipeline","06/07/2024","13/06/2025","001","Ideation","active","Sustainability","0","SBU Mining Khouribga","Soumission","06/07/2024","11/07/2024","Business (situation visant à générer des revenus)","Categorization","NA","NA","Ideation","11/07/2024","11/07/2024","Ideation | Demo Day ","NA","NA","Development","NA","NA","Business | Incubation","NA","NA","Business | Pre-Hacking Committee ","NA","NA","Business | Hacking Committee","NA","NA","Business | Acceleration","NA","NA","Business | Pre-Impact Committee","NA","NA","Business | Impact Committee","NA","NA","Business | Impact","NA","NA","Business | Series B","NA","NA","OM | Incubation","NA","NA","OM | Pre-Hacking Committee","NA","NA","OM | Hacking Committee","NA","NA","OM | Acceleration","NA","NA","OM | Pre-Impact Committee ","NA","NA","OM | Impact Committee","NA","NA","OM | Impact","NA","Ecosystem | Incubation","NA","NA","Ecosystem | Pre-Hacking Committee","NA","NA","Ecosystem | Hacking Committee","NA","NA","Ecosystem | Acceleration","NA","NA","Ecosystem | Pre-Impact Committee ","NA","NA","Ecosystem | Impact Committee","NA","NA","Ecosystem | Impact","NA","NA"
"034","ReTire","Mise en place d’une filière de collecte et de recyclage des déchets des pneus usagés","06/07/2024","13/06/2025","001","*Soumission*","active","Ecosystem","0","SBU Manufacturing ","Soumission","06/07/2024","NA","Ecosystème (situation visant à créer de la valeur avec l’écosystème du groupe)","Categorization","NA","NA","Ideation","NA","NA","Ideation | Demo Day ","NA","NA","Development","NA","NA","Business | Incubation","NA","NA","Business | Pre-Hacking Committee ","NA","NA","Business | Hacking Committee","NA","NA","Business | Acceleration","NA","NA","Business | Pre-Impact Committee","NA","NA","Business | Impact Committee","NA","NA","Business | Impact","NA","NA","Business | Series B","NA","NA","OM | Incubation","NA","NA","OM | Pre-Hacking Committee","NA","NA","OM | Hacking Committee","NA","NA","OM | Acceleration","NA","NA","OM | Pre-Impact Committee ","NA","NA","OM | Impact Committee","NA","NA","OM | Impact","NA","Ecosystem | Incubation","NA","NA","Ecosystem | Pre-Hacking Committee","NA","NA","Ecosystem | Hacking Committee","NA","NA","Ecosystem | Acceleration","NA","NA","Ecosystem | Pre-Impact Committee ","NA","NA","Ecosystem | Impact Committee","NA","NA","Ecosystem | Impact","NA","NA"
"035","Safe stop","Projet d'installation 40 abris de bus aux niveaux des arrêts des bus scolaires à la commune My Abdellah et autres communes riveraines.","06/07/2024","13/06/2025","001","Ideation","active","Ecosystem","0","SBU Manufacturing Jorf","Soumission","06/07/2024","23/08/2024","Ecosystème (situation visant à créer de la valeur avec l’écosystème du groupe)","Categorization","NA","NA","Ideation","23/08/2024","05/09/2024","Ideation | Demo Day ","NA","NA","Development","NA","NA","Business | Incubation","NA","NA","Business | Pre-Hacking Committee ","NA","NA","Business | Hacking Committee","NA","NA","Business | Acceleration","NA","NA","Business | Pre-Impact Committee","NA","NA","Business | Impact Committee","NA","NA","Business | Impact","NA","NA","Business | Series B","NA","NA","OM | Incubation","NA","NA","OM | Pre-Hacking Committee","NA","NA","OM | Hacking Committee","NA","NA","OM | Acceleration","NA","NA","OM | Pre-Impact Committee ","NA","NA","OM | Impact Committee","NA","NA","OM | Impact","NA","Ecosystem | Incubation","NA","NA","Ecosystem | Pre-Hacking Committee","NA","NA","Ecosystem | Hacking Committee","NA","NA","Ecosystem | Acceleration","NA","NA","Ecosystem | Pre-Impact Committee ","NA","NA","Ecosystem | Impact Committee","NA","NA","Ecosystem | Impact","NA","NA"
"038","EcoMotor Initiative","Lancement d'un projet visant à produire localement un prototype de moteur électrique asynchrone à cage d'écureuil de faible puissance, comme premier jalon vers la réalisation des obectifs plus ambitieux, tels que la fabrication de moteurs à courant contin","06/07/2024","13/06/2025","001","Ideation","active","Optimisation industrielle","0","SBU Mining Khouribga","Soumission","06/07/2024","15/07/2024","Operating Model (situation visant à améliorer, optimiser ou changer des process, pratiques ou organisations de travail)","Categorization","NA","NA","Ideation","15/07/2024","29/12/2024","Ideation | Demo Day ","NA","NA","Development","NA","NA","Business | Incubation","NA","NA","Business | Pre-Hacking Committee ","NA","NA","Business | Hacking Committee","NA","NA","Business | Acceleration","NA","NA","Business | Pre-Impact Committee","NA","NA","Business | Impact Committee","NA","NA","Business | Impact","NA","NA","Business | Series B","NA","NA","OM | Incubation","NA","NA","OM | Pre-Hacking Committee","NA","NA","OM | Hacking Committee","NA","NA","OM | Acceleration","NA","NA","OM | Pre-Impact Committee ","NA","NA","OM | Impact Committee","NA","NA","OM | Impact","NA","Ecosystem | Incubation","NA","NA","Ecosystem | Pre-Hacking Committee","NA","NA","Ecosystem | Hacking Committee","NA","NA","Ecosystem | Acceleration","NA","NA","Ecosystem | Pre-Impact Committee ","NA","NA","Ecosystem | Impact Committee","NA","NA","Ecosystem | Impact","NA","NA"
"040","PHOSTECH  SOLUTION","Mettre en place une cellule d’expertise interne capable d’analyser rapidement les écarts de performance et de proposer des actions correctives adaptées._x000D_
Accompagner nos clients dans l’identification, l’analyse et la réduction des goulots d’étranglement .","06/07/2024","19/06/2025","002","*Soumission*","active","Optimisation industrielle","0","SBU Manufacturing Jorf","Soumission","06/07/2024","NA","Business (situation visant à générer des revenus)","Categorization","NA","NA","Ideation","NA","NA","Ideation | Demo Day ","NA","NA","Development","NA","NA","Business | Incubation","NA","NA","Business | Pre-Hacking Committee ","NA","NA","Business | Hacking Committee","NA","NA","Business | Acceleration","NA","NA","Business | Pre-Impact Committee","NA","NA","Business | Impact Committee","NA","NA","Business | Impact","NA","NA","Business | Series B","NA","NA","OM | Incubation","NA","NA","OM | Pre-Hacking Committee","NA","NA","OM | Hacking Committee","NA","NA","OM | Acceleration","NA","NA","OM | Pre-Impact Committee ","NA","NA","OM | Impact Committee","NA","NA","OM | Impact","NA","Ecosystem | Incubation","NA","NA","Ecosystem | Pre-Hacking Committee","NA","NA","Ecosystem | Hacking Committee","NA","NA","Ecosystem | Acceleration","NA","NA","Ecosystem | Pre-Impact Committee ","NA","NA","Ecosystem | Impact Committee","NA","NA","Ecosystem | Impact","NA","NA"
"041","EcoCycle Biofertilizers","Proposition de réutilisation des déchets et des excédents de production pour fabriquer des biofertilisants frais, augmentant ainsi la productivité et la rentabilité. Tout en respectant les lois internationales visant à réduire l'utilisation des fertilisan","06/07/2024","21/06/2025","001","Ideation","active","Sustainability","0","SBU Manufacturing  ","Soumission","06/07/2024","NA","Business (situation visant à générer des revenus)","Categorization","NA","NA","Ideation","17/12/2024","NA","Ideation | Demo Day ","NA","NA","Development","NA","NA","Business | Incubation","NA","NA","Business | Pre-Hacking Committee ","NA","NA","Business | Hacking Committee","NA","NA","Business | Acceleration","NA","NA","Business | Pre-Impact Committee","NA","NA","Business | Impact Committee","NA","NA","Business | Impact","NA","NA","Business | Series B","NA","NA","OM | Incubation","NA","NA","OM | Pre-Hacking Committee","NA","NA","OM | Hacking Committee","NA","NA","OM | Acceleration","NA","NA","OM | Pre-Impact Committee ","NA","NA","OM | Impact Committee","NA","NA","OM | Impact","NA","Ecosystem | Incubation","NA","NA","Ecosystem | Pre-Hacking Committee","NA","NA","Ecosystem | Hacking Committee","NA","NA","Ecosystem | Acceleration","NA","NA","Ecosystem | Pre-Impact Committee ","NA","NA","Ecosystem | Impact Committee","NA","NA","Ecosystem | Impact","NA","NA"
"042","Académie de Maintenance Profes","Face à la demande croissante de professionnels qualifiés en maintenance, tant au sein de notre groupe OCP que dans l'industrie en général, la situation est une proposition de création d'une cellule de formation interdépendante. Cette initiative vise à fou","06/07/2024","13/06/2025","001","Ideation","active","Talent Development","0","SBU Manufacturing Jorf","Soumission","06/07/2024","08/05/2025","Operating Model (situation visant à améliorer, optimiser ou changer des process, pratiques ou organisations de travail)","Categorization","NA","NA","Ideation","16/05/2025","NA","Ideation | Demo Day ","NA","NA","Development","NA","NA","Business | Incubation","NA","NA","Business | Pre-Hacking Committee ","NA","NA","Business | Hacking Committee","NA","NA","Business | Acceleration","NA","NA","Business | Pre-Impact Committee","NA","NA","Business | Impact Committee","NA","NA","Business | Impact","NA","NA","Business | Series B","NA","NA","OM | Incubation","NA","NA","OM | Pre-Hacking Committee","NA","NA","OM | Hacking Committee","NA","NA","OM | Acceleration","NA","NA","OM | Pre-Impact Committee ","NA","NA","OM | Impact Committee","NA","NA","OM | Impact","NA","Ecosystem | Incubation","NA","NA","Ecosystem | Pre-Hacking Committee","NA","NA","Ecosystem | Hacking Committee","NA","NA","Ecosystem | Acceleration","NA","NA","Ecosystem | Pre-Impact Committee ","NA","NA","Ecosystem | Impact Committee","NA","NA","Ecosystem | Impact","NA","NA"
"044","ParentCare","Promotion du Bien-être et de la Productivité des Collaborateurs Parents d'Enfants à Besoins Spécifiques.","06/07/2024","13/06/2025","003","Ideation","active","Well-being","0","SBU Manufacturing Jorf","Soumission","06/07/2024","11/07/2024","Operating Model (situation visant à améliorer, optimiser ou changer des process, pratiques ou organisations de travail)","Categorization","NA","NA","Ideation","11/07/2024","20/07/2024","Ideation | Demo Day ","NA","NA","Development","NA","NA","Business | Incubation","NA","NA","Business | Pre-Hacking Committee ","NA","NA","Business | Hacking Committee","NA","NA","Business | Acceleration","NA","NA","Business | Pre-Impact Committee","NA","NA","Business | Impact Committee","NA","NA","Business | Impact","NA","NA","Business | Series B","NA","NA","OM | Incubation","NA","NA","OM | Pre-Hacking Committee","NA","NA","OM | Hacking Committee","NA","NA","OM | Acceleration","NA","NA","OM | Pre-Impact Committee ","NA","NA","OM | Impact Committee","NA","NA","OM | Impact","NA","Ecosystem | Incubation","NA","NA","Ecosystem | Pre-Hacking Committee","NA","NA","Ecosystem | Hacking Committee","NA","NA","Ecosystem | Acceleration","NA","NA","Ecosystem | Pre-Impact Committee ","NA","NA","Ecosystem | Impact Committee","NA","NA","Ecosystem | Impact","NA","NA"
"046","ATLAS GREEN","Green Atlas est un projet visant à promouvoir le tourisme durable à travers une plateforme digitale innovante facilitant la réservation de séjours au Maroc, alliant expérience de voyage enrichie, fluidité digitale et respect de l’environnement.","06/07/2024","21/06/2025","002","Ideation","active","Sustainability","0","Corporate","Soumission","06/07/2024","11/07/2024","Business (situation visant à générer des revenus)","Categorization","NA","NA","Ideation","11/07/2024","15/06/2025","Ideation | Demo Day ","NA","NA","Development","NA","NA","Business | Incubation","NA","NA","Business | Pre-Hacking Committee ","NA","NA","Business | Hacking Committee","NA","NA","Business | Acceleration","NA","NA","Business | Pre-Impact Committee","NA","NA","Business | Impact Committee","NA","NA","Business | Impact","NA","NA","Business | Series B","NA","NA","OM | Incubation","NA","NA","OM | Pre-Hacking Committee","NA","NA","OM | Hacking Committee","NA","NA","OM | Acceleration","NA","NA","OM | Pre-Impact Committee ","NA","NA","OM | Impact Committee","NA","NA","OM | Impact","NA","Ecosystem | Incubation","NA","NA","Ecosystem | Pre-Hacking Committee","NA","NA","Ecosystem | Hacking Committee","NA","NA","Ecosystem | Acceleration","NA","NA","Ecosystem | Pre-Impact Committee ","NA","NA","Ecosystem | Impact Committee","NA","NA","Ecosystem | Impact","NA","NA"
"047","Diversification","La situation consiste à produire de nouvelles qualité d'engrais TSP au sein du site de SAFI","06/07/2024","21/06/2025","002","Ideation","active","Fertilizers & Farmers Solutions","0","SBU Manufacturig Safi","Soumission","06/07/2024","NA","Business (situation visant à générer des revenus)","Categorization","NA","NA","Ideation","24/04/2025","NA","Ideation | Demo Day ","NA","NA","Development","NA","NA","Business | Incubation","NA","NA","Business | Pre-Hacking Committee ","NA","NA","Business | Hacking Committee","NA","NA","Business | Acceleration","NA","NA","Business | Pre-Impact Committee","NA","NA","Business | Impact Committee","NA","NA","Business | Impact","NA","NA","Business | Series B","NA","NA","OM | Incubation","NA","NA","OM | Pre-Hacking Committee","NA","NA","OM | Hacking Committee","NA","NA","OM | Acceleration","NA","NA","OM | Pre-Impact Committee ","NA","NA","OM | Impact Committee","NA","NA","OM | Impact","NA","Ecosystem | Incubation","NA","NA","Ecosystem | Pre-Hacking Committee","NA","NA","Ecosystem | Hacking Committee","NA","NA","Ecosystem | Acceleration","NA","NA","Ecosystem | Pre-Impact Committee ","NA","NA","Ecosystem | Impact Committee","NA","NA","Ecosystem | Impact","NA","NA"
"048","AFRICAINVEST","Proposition d'accompagnement des PME - PMI de l'écosystème OCP vers les marchés africains en offrant des services de : - Développement du potentiel et des capabilities des PME pour l'adapter au besoins et exigences du marché Africain (développement de com","06/07/2024","25/06/2025","006","Ideation","active","Ecosystem","0","SBU Mining Khouribga","Soumission","06/07/2024","12/07/2024","Ecosystème (situation visant à créer de la valeur avec l’écosystème du groupe)","Categorization","NA","NA","Ideation","12/07/2024","NA","Ideation | Demo Day ","NA","NA","Development","NA","NA","Business | Incubation","NA","NA","Business | Pre-Hacking Committee ","NA","NA","Business | Hacking Committee","NA","NA","Business | Acceleration","NA","NA","Business | Pre-Impact Committee","NA","NA","Business | Impact Committee","NA","NA","Business | Impact","NA","NA","Business | Series B","NA","NA","OM | Incubation","NA","NA","OM | Pre-Hacking Committee","NA","NA","OM | Hacking Committee","NA","NA","OM | Acceleration","NA","NA","OM | Pre-Impact Committee ","NA","NA","OM | Impact Committee","NA","NA","OM | Impact","NA","Ecosystem | Incubation","NA","NA","Ecosystem | Pre-Hacking Committee","NA","NA","Ecosystem | Hacking Committee","NA","NA","Ecosystem | Acceleration","NA","NA","Ecosystem | Pre-Impact Committee ","NA","NA","Ecosystem | Impact Committee","NA","NA","Ecosystem | Impact","NA","NA"
"051","StatEquip Expertise","Notre groupe, avec ses nombreuses unités de production réparties dans différentes villes, est souvent confrontée à des incidents sur les équipements statique (Four, chaudière, échangeurs,,,). Je propose de créer une cellule d'experts de métier. Cette cell","06/07/2024","13/06/2025","001","Ideation","active","Operating Model","0","SBU Manufacturing Jorf","Soumission","06/07/2024","23/09/2024","Operating Model (situation visant à améliorer, optimiser ou changer des process, pratiques ou organisations de travail)","Categorization","NA","NA","Ideation","16/05/2025","NA","Ideation | Demo Day ","NA","NA","Development","NA","NA","Business | Incubation","NA","NA","Business | Pre-Hacking Committee ","NA","NA","Business | Hacking Committee","NA","NA","Business | Acceleration","NA","NA","Business | Pre-Impact Committee","NA","NA","Business | Impact Committee","NA","NA","Business | Impact","NA","NA","Business | Series B","NA","NA","OM | Incubation","NA","NA","OM | Pre-Hacking Committee","NA","NA","OM | Hacking Committee","NA","NA","OM | Acceleration","NA","NA","OM | Pre-Impact Committee ","NA","NA","OM | Impact Committee","NA","NA","OM | Impact","NA","Ecosystem | Incubation","NA","NA","Ecosystem | Pre-Hacking Committee","NA","NA","Ecosystem | Hacking Committee","NA","NA","Ecosystem | Acceleration","NA","NA","Ecosystem | Pre-Impact Committee ","NA","NA","Ecosystem | Impact Committee","NA","NA","Ecosystem | Impact","NA","NA"
"052","ARGIPHOS","_x000D_
Valorisation de la silice réactive (constituée principalement des  argiles  récupérées dans les rejets fins de traitement de minerai des phosphates par voies humides)  dans le procédé de fabrication d'acide phosphorique et autres voies industrielles. ","06/07/2024","13/06/2025","015","Ideation","active","Sustainability","0","SBU Mining ","Soumission","06/07/2024","13/07/2024","Ecosystème (situation visant à créer de la valeur avec l’écosystème du groupe)","Categorization","NA","NA","Ideation","13/07/2024","28/04/2025","Ideation | Demo Day ","14/02/2025","14/02/2025","Development","NA","NA","Business | Incubation","NA","NA","Business | Pre-Hacking Committee ","NA","NA","Business | Hacking Committee","NA","NA","Business | Acceleration","NA","NA","Business | Pre-Impact Committee","NA","NA","Business | Impact Committee","NA","NA","Business | Impact","NA","NA","Business | Series B","NA","NA","OM | Incubation","NA","NA","OM | Pre-Hacking Committee","NA","NA","OM | Hacking Committee","NA","NA","OM | Acceleration","NA","NA","OM | Pre-Impact Committee ","NA","NA","OM | Impact Committee","NA","NA","OM | Impact","NA","Ecosystem | Incubation","NA","NA","Ecosystem | Pre-Hacking Committee","NA","NA","Ecosystem | Hacking Committee","NA","NA","Ecosystem | Acceleration","NA","NA","Ecosystem | Pre-Impact Committee ","NA","NA","Ecosystem | Impact Committee","NA","NA","Ecosystem | Impact","NA","NA"
"054","SelLocal","Créer des bassins à l'extérieur des zones OCP pour récupérer le sel de table (NaCl) issue du dessalement à JORF LASFAR, bénéficiant ainsi aux habitants du voisinage.","06/07/2024","13/06/2025","001","*Soumission*","active","Sustainability","0","SBU Manufacturing Jorf","Soumission","06/07/2024","NA","Business (situation visant à générer des revenus)","Categorization","NA","NA","Ideation","NA","NA","Ideation | Demo Day ","NA","NA","Development","NA","NA","Business | Incubation","NA","NA","Business | Pre-Hacking Committee ","NA","NA","Business | Hacking Committee","NA","NA","Business | Acceleration","NA","NA","Business | Pre-Impact Committee","NA","NA","Business | Impact Committee","NA","NA","Business | Impact","NA","NA","Business | Series B","NA","NA","OM | Incubation","NA","NA","OM | Pre-Hacking Committee","NA","NA","OM | Hacking Committee","NA","NA","OM | Acceleration","NA","NA","OM | Pre-Impact Committee ","NA","NA","OM | Impact Committee","NA","NA","OM | Impact","NA","Ecosystem | Incubation","NA","NA","Ecosystem | Pre-Hacking Committee","NA","NA","Ecosystem | Hacking Committee","NA","NA","Ecosystem | Acceleration","NA","NA","Ecosystem | Pre-Impact Committee ","NA","NA","Ecosystem | Impact Committee","NA","NA","Ecosystem | Impact","NA","NA"
"056","Holds Humidity Dryer","Cette situation vise à minimiser les arrêts de chargement  liés à l'humidité et à maintenir la qualité des engrais pendant le chargement des navires et dans les entrepôts","06/07/2024","13/06/2025","004","Ideation","active","Cost leadership","0","SBU Manufacturing","Soumission","06/07/2024","28/07/2024","Business (situation visant à générer des revenus)","Categorization","NA","NA","Ideation","28/07/2024","NA","Ideation | Demo Day ","NA","NA","Development","NA","NA","Business | Incubation","NA","NA","Business | Pre-Hacking Committee ","NA","NA","Business | Hacking Committee","NA","NA","Business | Acceleration","NA","NA","Business | Pre-Impact Committee","NA","NA","Business | Impact Committee","NA","NA","Business | Impact","NA","NA","Business | Series B","NA","NA","OM | Incubation","NA","NA","OM | Pre-Hacking Committee","NA","NA","OM | Hacking Committee","NA","NA","OM | Acceleration","NA","NA","OM | Pre-Impact Committee ","NA","NA","OM | Impact Committee","NA","NA","OM | Impact","NA","Ecosystem | Incubation","NA","NA","Ecosystem | Pre-Hacking Committee","NA","NA","Ecosystem | Hacking Committee","NA","NA","Ecosystem | Acceleration","NA","NA","Ecosystem | Pre-Impact Committee ","NA","NA","Ecosystem | Impact Committee","NA","NA","Ecosystem | Impact","NA","NA"
"058","Valorisation et exploitation","Proposition de valorisation et exploitation   des  argiles au gisements de cite GUANTOUR.","06/07/2024","26/06/2025","003","Ideation","active","Sustainability","0","SBU Mining Gantour","Soumission","06/07/2024","11/07/2024","Business (situation visant à générer des revenus)","Categorization","NA","NA","Ideation","11/07/2024","NA","Ideation | Demo Day ","NA","NA","Development","NA","NA","Business | Incubation","NA","NA","Business | Pre-Hacking Committee ","NA","NA","Business | Hacking Committee","NA","NA","Business | Acceleration","NA","NA","Business | Pre-Impact Committee","NA","NA","Business | Impact Committee","NA","NA","Business | Impact","NA","NA","Business | Series B","NA","NA","OM | Incubation","NA","NA","OM | Pre-Hacking Committee","NA","NA","OM | Hacking Committee","NA","NA","OM | Acceleration","NA","NA","OM | Pre-Impact Committee ","NA","NA","OM | Impact Committee","NA","NA","OM | Impact","NA","Ecosystem | Incubation","NA","NA","Ecosystem | Pre-Hacking Committee","NA","NA","Ecosystem | Hacking Committee","NA","NA","Ecosystem | Acceleration","NA","NA","Ecosystem | Pre-Impact Committee ","NA","NA","Ecosystem | Impact Committee","NA","NA","Ecosystem | Impact","NA","NA"
"063","EduSupport","Le projet consiste à offrir des cours de soutien aux élèves défavorisés socialement dans les environs de la ville de Benguerir.","06/07/2024","26/06/2025","006","Categorization","active","Ecosystem","0","SBU Mining Gantour","Soumission","06/07/2024","18/05/2025","Ecosystème (situation visant à créer de la valeur avec l’écosystème du groupe)","Categorization","26/06/2025","26/06/2025","Ideation","NA","NA","Ideation | Demo Day ","NA","NA","Development","NA","NA","Business | Incubation","NA","NA","Business | Pre-Hacking Committee ","NA","NA","Business | Hacking Committee","NA","NA","Business | Acceleration","NA","NA","Business | Pre-Impact Committee","NA","NA","Business | Impact Committee","NA","NA","Business | Impact","NA","NA","Business | Series B","NA","NA","OM | Incubation","NA","NA","OM | Pre-Hacking Committee","NA","NA","OM | Hacking Committee","NA","NA","OM | Acceleration","NA","NA","OM | Pre-Impact Committee ","NA","NA","OM | Impact Committee","NA","NA","OM | Impact","NA","Ecosystem | Incubation","NA","NA","Ecosystem | Pre-Hacking Committee","NA","NA","Ecosystem | Hacking Committee","NA","NA","Ecosystem | Acceleration","NA","NA","Ecosystem | Pre-Impact Committee ","NA","NA","Ecosystem | Impact Committee","NA","NA","Ecosystem | Impact","NA","NA"
"064","Parc éco-intelligent","Le parc éco-intelligent fusionne éco et innov: toitures végétalisées, jardins urbains pour l'agroécologie, zones de formation à l'éco-conduite et utilisation des véhicules propres, incarnant une vision durable pour les villes en harmonie avec la nature .","06/07/2024","13/06/2025","009","Ideation","active","Ecosystem","0","SBU Mining Khouribga","Soumission","06/07/2024","01/10/2024","Ecosystème (situation visant à créer de la valeur avec l’écosystème du groupe)","Categorization","NA","NA","Ideation","26/11/2024","NA","Ideation | Demo Day ","NA","NA","Development","NA","NA","Business | Incubation","NA","NA","Business | Pre-Hacking Committee ","NA","NA","Business | Hacking Committee","NA","NA","Business | Acceleration","NA","NA","Business | Pre-Impact Committee","NA","NA","Business | Impact Committee","NA","NA","Business | Impact","NA","NA","Business | Series B","NA","NA","OM | Incubation","NA","NA","OM | Pre-Hacking Committee","NA","NA","OM | Hacking Committee","NA","NA","OM | Acceleration","NA","NA","OM | Pre-Impact Committee ","NA","NA","OM | Impact Committee","NA","NA","OM | Impact","NA","Ecosystem | Incubation","NA","NA","Ecosystem | Pre-Hacking Committee","NA","NA","Ecosystem | Hacking Committee","NA","NA","Ecosystem | Acceleration","NA","NA","Ecosystem | Pre-Impact Committee ","NA","NA","Ecosystem | Impact Committee","NA","NA","Ecosystem | Impact","NA","NA"
"065","SMART  MicroGrid","Ce projet vise à mettre en place la première installation opérationnelle d’un smart MicroGrid au niveau des ateliers et des mines. Il s’agit de développer un réseau électrique intelligent constitué du réseau de distribution, de panneaux solaires, de batte","06/07/2024","21/06/2025","003","Ideation","active","Sustainability","0","SBU Mining  ","Soumission","06/07/2024","NA","Business (situation visant à générer des revenus)","Categorization","NA","NA","Ideation","30/05/2025","NA","Ideation | Demo Day ","NA","NA","Development","NA","NA","Business | Incubation","NA","NA","Business | Pre-Hacking Committee ","NA","NA","Business | Hacking Committee","NA","NA","Business | Acceleration","NA","NA","Business | Pre-Impact Committee","NA","NA","Business | Impact Committee","NA","NA","Business | Impact","NA","NA","Business | Series B","NA","NA","OM | Incubation","NA","NA","OM | Pre-Hacking Committee","NA","NA","OM | Hacking Committee","NA","NA","OM | Acceleration","NA","NA","OM | Pre-Impact Committee ","NA","NA","OM | Impact Committee","NA","NA","OM | Impact","NA","Ecosystem | Incubation","NA","NA","Ecosystem | Pre-Hacking Committee","NA","NA","Ecosystem | Hacking Committee","NA","NA","Ecosystem | Acceleration","NA","NA","Ecosystem | Pre-Impact Committee ","NA","NA","Ecosystem | Impact Committee","NA","NA","Ecosystem | Impact","NA","NA"
"067","digital access","Mise en place d'une plateforme informatique afin de digitaliser la procédure de gestion des accès aux sites OCP, de l’expression des demandes en passant par tous les intervenants (chef de projet, HSEE, sureté) jusqu'à l'accès de la personne concernée.","06/07/2024","13/06/2025","002","Ideation","active","Operating Model","0","SBU Mining Gantour","Soumission","06/07/2024","22/07/2024","Operating Model (situation visant à améliorer, optimiser ou changer des process, pratiques ou organisations de travail)","Categorization","NA","NA","Ideation","22/07/2024","NA","Ideation | Demo Day ","NA","NA","Development","NA","NA","Business | Incubation","NA","NA","Business | Pre-Hacking Committee ","NA","NA","Business | Hacking Committee","NA","NA","Business | Acceleration","NA","NA","Business | Pre-Impact Committee","NA","NA","Business | Impact Committee","NA","NA","Business | Impact","NA","NA","Business | Series B","NA","NA","OM | Incubation","NA","NA","OM | Pre-Hacking Committee","NA","NA","OM | Hacking Committee","NA","NA","OM | Acceleration","NA","NA","OM | Pre-Impact Committee ","NA","NA","OM | Impact Committee","NA","NA","OM | Impact","NA","Ecosystem | Incubation","NA","NA","Ecosystem | Pre-Hacking Committee","NA","NA","Ecosystem | Hacking Committee","NA","NA","Ecosystem | Acceleration","NA","NA","Ecosystem | Pre-Impact Committee ","NA","NA","Ecosystem | Impact Committee","NA","NA","Ecosystem | Impact","NA","NA"
"068","Smart Security","Smart Security envisage d'implémenter un système de sûreté intelligent basé sur l'intelligence artificielle pour surveiller les chantiers et les gisements de la mine, qui sont souvent dispersés, afin d'optimiser les ressources.","06/07/2024","13/06/2025","001","*Soumission*","active","Digital","0","SBU Mining Gantour","Soumission","06/07/2024","NA","Operating Model (situation visant à améliorer, optimiser ou changer des process, pratiques ou organisations de travail)","Categorization","NA","NA","Ideation","NA","NA","Ideation | Demo Day ","NA","NA","Development","NA","NA","Business | Incubation","NA","NA","Business | Pre-Hacking Committee ","NA","NA","Business | Hacking Committee","NA","NA","Business | Acceleration","NA","NA","Business | Pre-Impact Committee","NA","NA","Business | Impact Committee","NA","NA","Business | Impact","NA","NA","Business | Series B","NA","NA","OM | Incubation","NA","NA","OM | Pre-Hacking Committee","NA","NA","OM | Hacking Committee","NA","NA","OM | Acceleration","NA","NA","OM | Pre-Impact Committee ","NA","NA","OM | Impact Committee","NA","NA","OM | Impact","NA","Ecosystem | Incubation","NA","NA","Ecosystem | Pre-Hacking Committee","NA","NA","Ecosystem | Hacking Committee","NA","NA","Ecosystem | Acceleration","NA","NA","Ecosystem | Pre-Impact Committee ","NA","NA","Ecosystem | Impact Committee","NA","NA","Ecosystem | Impact","NA","NA"
"069","SafetyMetric","""SafetyMetric"" est une idée innovante dédiée à l'amélioration de la sécurité au poste de travail. Notre concept repose sur l'installation d'indicateurs spécialisés qui évaluent et affichent le niveau de sécurité de chaque poste de travail.","06/07/2024","13/06/2025","007","Development","active","Health & Safety","0","SBU Mining Phosboucraa","Soumission","06/07/2024","19/09/2024","Business (situation visant à générer des revenus)","Categorization","NA","NA","Ideation","10/10/2024","21/01/2025","Ideation | Demo Day ","22/01/2025","22/01/2025","Development","24/01/2025","NA","Business | Incubation","NA","NA","Business | Pre-Hacking Committee ","NA","NA","Business | Hacking Committee","NA","NA","Business | Acceleration","NA","NA","Business | Pre-Impact Committee","NA","NA","Business | Impact Committee","NA","NA","Business | Impact","NA","NA","Business | Series B","NA","NA","OM | Incubation","NA","NA","OM | Pre-Hacking Committee","NA","NA","OM | Hacking Committee","NA","NA","OM | Acceleration","NA","NA","OM | Pre-Impact Committee ","NA","NA","OM | Impact Committee","NA","NA","OM | Impact","NA","Ecosystem | Incubation","NA","NA","Ecosystem | Pre-Hacking Committee","NA","NA","Ecosystem | Hacking Committee","NA","NA","Ecosystem | Acceleration","NA","NA","Ecosystem | Pre-Impact Committee ","NA","NA","Ecosystem | Impact Committee","NA","NA","Ecosystem | Impact","NA","NA"
"071","Happiness Machine Food & Drink","Dotation des collaborateurs OCP et Personnel Sous Traitant , stagiaires et visiteurs du site industriel Jorf Lasfar en produits alimentaires et boissons nécessaire 24/24 et 7/7.","06/07/2024","13/06/2025","002","Ideation","active","Well-being","0","SBU Manufacturing Jorf","Soumission","06/07/2024","24/04/2025","Business (situation visant à générer des revenus)","Categorization","NA","NA","Ideation","16/05/2025","NA","Ideation | Demo Day ","NA","NA","Development","NA","NA","Business | Incubation","NA","NA","Business | Pre-Hacking Committee ","NA","NA","Business | Hacking Committee","NA","NA","Business | Acceleration","NA","NA","Business | Pre-Impact Committee","NA","NA","Business | Impact Committee","NA","NA","Business | Impact","NA","NA","Business | Series B","NA","NA","OM | Incubation","NA","NA","OM | Pre-Hacking Committee","NA","NA","OM | Hacking Committee","NA","NA","OM | Acceleration","NA","NA","OM | Pre-Impact Committee ","NA","NA","OM | Impact Committee","NA","NA","OM | Impact","NA","Ecosystem | Incubation","NA","NA","Ecosystem | Pre-Hacking Committee","NA","NA","Ecosystem | Hacking Committee","NA","NA","Ecosystem | Acceleration","NA","NA","Ecosystem | Pre-Impact Committee ","NA","NA","Ecosystem | Impact Committee","NA","NA","Ecosystem | Impact","NA","NA"
"072","OCP NutriSmart","OCP NutriSmart_x000D_
OCP NutriSmart est une plateforme innovante visant à optimiser la nutrition des cultures grâce à l’intelligence artificielle et à des capteurs connectés. En combinant données terrain en temps réel et algorithmes intelligents, elle permet de","06/07/2024","21/06/2025","002","Ideation","active","Sustainability","0","SBU Mining Gantour","Soumission","06/07/2024","NA","Ecosystème (situation visant à créer de la valeur avec l’écosystème du groupe)","Categorization","NA","NA","Ideation","30/05/2025","NA","Ideation | Demo Day ","NA","NA","Development","NA","NA","Business | Incubation","NA","NA","Business | Pre-Hacking Committee ","NA","NA","Business | Hacking Committee","NA","NA","Business | Acceleration","NA","NA","Business | Pre-Impact Committee","NA","NA","Business | Impact Committee","NA","NA","Business | Impact","NA","NA","Business | Series B","NA","NA","OM | Incubation","NA","NA","OM | Pre-Hacking Committee","NA","NA","OM | Hacking Committee","NA","NA","OM | Acceleration","NA","NA","OM | Pre-Impact Committee ","NA","NA","OM | Impact Committee","NA","NA","OM | Impact","NA","Ecosystem | Incubation","NA","NA","Ecosystem | Pre-Hacking Committee","NA","NA","Ecosystem | Hacking Committee","NA","NA","Ecosystem | Acceleration","NA","NA","Ecosystem | Pre-Impact Committee ","NA","NA","Ecosystem | Impact Committee","NA","NA","Ecosystem | Impact","NA","NA"
"074","PhosSecure AI","PhosSecure AI est un projet innovant pour l'OCP visant à améliorer la sécurité, l'efficacité opérationnelle et la conformité HSE des installations de traitement du phosphate en intégrant l'intelligence artificielle et des capteurs IoT.","06/07/2024","13/06/2025","005","Ideation","active","Digital","0","SBU Mining Gantour","Soumission","06/07/2024","15/07/2024","Operating Model (situation visant à améliorer, optimiser ou changer des process, pratiques ou organisations de travail)","Categorization","NA","NA","Ideation","15/07/2024","20/05/2025","Ideation | Demo Day ","NA","NA","Development","NA","NA","Business | Incubation","NA","NA","Business | Pre-Hacking Committee ","NA","NA","Business | Hacking Committee","NA","NA","Business | Acceleration","NA","NA","Business | Pre-Impact Committee","NA","NA","Business | Impact Committee","NA","NA","Business | Impact","NA","NA","Business | Series B","NA","NA","OM | Incubation","NA","NA","OM | Pre-Hacking Committee","NA","NA","OM | Hacking Committee","NA","NA","OM | Acceleration","NA","NA","OM | Pre-Impact Committee ","NA","NA","OM | Impact Committee","NA","NA","OM | Impact","NA","Ecosystem | Incubation","NA","NA","Ecosystem | Pre-Hacking Committee","NA","NA","Ecosystem | Hacking Committee","NA","NA","Ecosystem | Acceleration","NA","NA","Ecosystem | Pre-Impact Committee ","NA","NA","Ecosystem | Impact Committee","NA","NA","Ecosystem | Impact","NA","NA"
"076","OCP-Trade","OCP-Trade se consacre à satisfaire les besoins internes OCP en PDR & Matières Auxiliaires  et au commerce de PDR & MA pour les entreprises nationales et africaines, en établissant des liens directs avec les fabricants pour garantir qualité & compétitivité","06/07/2024","13/06/2025","001","Ideation","active","Cost leadership","0","SBU Mining Khouribga","Soumission","06/07/2024","07/12/2024","Business (situation visant à générer des revenus)","Categorization","NA","NA","Ideation","16/12/2024","NA","Ideation | Demo Day ","NA","NA","Development","NA","NA","Business | Incubation","NA","NA","Business | Pre-Hacking Committee ","NA","NA","Business | Hacking Committee","NA","NA","Business | Acceleration","NA","NA","Business | Pre-Impact Committee","NA","NA","Business | Impact Committee","NA","NA","Business | Impact","NA","NA","Business | Series B","NA","NA","OM | Incubation","NA","NA","OM | Pre-Hacking Committee","NA","NA","OM | Hacking Committee","NA","NA","OM | Acceleration","NA","NA","OM | Pre-Impact Committee ","NA","NA","OM | Impact Committee","NA","NA","OM | Impact","NA","Ecosystem | Incubation","NA","NA","Ecosystem | Pre-Hacking Committee","NA","NA","Ecosystem | Hacking Committee","NA","NA","Ecosystem | Acceleration","NA","NA","Ecosystem | Pre-Impact Committee ","NA","NA","Ecosystem | Impact Committee","NA","NA","Ecosystem | Impact","NA","NA"
"077","Easy Drink","Proposer aux agriculteurs une solution integree d'alimentation en eau a la base d'un Dessalement des eaux saumatre et d'energie electrique renouvelable","06/07/2024","13/06/2025","001","Ideation","active","Fertilizers & Farmers Solutions","0","SBU Manufacturing Jorf","Soumission","06/07/2024","26/10/2024","Business (situation visant à générer des revenus)","Categorization","NA","NA","Ideation","17/12/2024","NA","Ideation | Demo Day ","NA","NA","Development","NA","NA","Business | Incubation","NA","NA","Business | Pre-Hacking Committee ","NA","NA","Business | Hacking Committee","NA","NA","Business | Acceleration","NA","NA","Business | Pre-Impact Committee","NA","NA","Business | Impact Committee","NA","NA","Business | Impact","NA","NA","Business | Series B","NA","NA","OM | Incubation","NA","NA","OM | Pre-Hacking Committee","NA","NA","OM | Hacking Committee","NA","NA","OM | Acceleration","NA","NA","OM | Pre-Impact Committee ","NA","NA","OM | Impact Committee","NA","NA","OM | Impact","NA","Ecosystem | Incubation","NA","NA","Ecosystem | Pre-Hacking Committee","NA","NA","Ecosystem | Hacking Committee","NA","NA","Ecosystem | Acceleration","NA","NA","Ecosystem | Pre-Impact Committee ","NA","NA","Ecosystem | Impact Committee","NA","NA","Ecosystem | Impact","NA","NA"
"079","Elite","Creation d'une application ""Elite"", favorisant la productivite. Cette application prestigieuse connecte les talents, les intellectuels et les porteurs d'idees au sein d'une communaute dediee, facilitant ainsi la transformation des inventions en innovation","06/07/2024","13/06/2025","001","*Soumission*","active","Digital","0","SBU Mining  ","Soumission","06/07/2024","NA","Business (situation visant à générer des revenus)","Categorization","NA","NA","Ideation","NA","NA","Ideation | Demo Day ","NA","NA","Development","NA","NA","Business | Incubation","NA","NA","Business | Pre-Hacking Committee ","NA","NA","Business | Hacking Committee","NA","NA","Business | Acceleration","NA","NA","Business | Pre-Impact Committee","NA","NA","Business | Impact Committee","NA","NA","Business | Impact","NA","NA","Business | Series B","NA","NA","OM | Incubation","NA","NA","OM | Pre-Hacking Committee","NA","NA","OM | Hacking Committee","NA","NA","OM | Acceleration","NA","NA","OM | Pre-Impact Committee ","NA","NA","OM | Impact Committee","NA","NA","OM | Impact","NA","Ecosystem | Incubation","NA","NA","Ecosystem | Pre-Hacking Committee","NA","NA","Ecosystem | Hacking Committee","NA","NA","Ecosystem | Acceleration","NA","NA","Ecosystem | Pre-Impact Committee ","NA","NA","Ecosystem | Impact Committee","NA","NA","Ecosystem | Impact","NA","NA"
"080","FarmFunding","Ce projet vise a catalyser le financement collaboratif pour les projets agricoles et ruraux, en creant une plateforme en ligne qui permettra de creer un lien entre les porteurs de projets agricoles et les contributeurs cherchant un investissement engagean","06/07/2024","13/06/2025","001","Ideation","active","Fertilizers & Farmers Solutions","0","Corporate","Soumission","06/07/2024","09/08/2024","Business (situation visant à générer des revenus)","Categorization","NA","NA","Ideation","09/08/2024","NA","Ideation | Demo Day ","NA","NA","Development","NA","NA","Business | Incubation","NA","NA","Business | Pre-Hacking Committee ","NA","NA","Business | Hacking Committee","NA","NA","Business | Acceleration","NA","NA","Business | Pre-Impact Committee","NA","NA","Business | Impact Committee","NA","NA","Business | Impact","NA","NA","Business | Series B","NA","NA","OM | Incubation","NA","NA","OM | Pre-Hacking Committee","NA","NA","OM | Hacking Committee","NA","NA","OM | Acceleration","NA","NA","OM | Pre-Impact Committee ","NA","NA","OM | Impact Committee","NA","NA","OM | Impact","NA","Ecosystem | Incubation","NA","NA","Ecosystem | Pre-Hacking Committee","NA","NA","Ecosystem | Hacking Committee","NA","NA","Ecosystem | Acceleration","NA","NA","Ecosystem | Pre-Impact Committee ","NA","NA","Ecosystem | Impact Committee","NA","NA","Ecosystem | Impact","NA","NA"
"081","OCP SI","La situation porte sur le revue du processus d'acquisition et gestion de materiel informatique pour les collaborateurs du groupe. Ceci est un processus SI interne qu'on utilise depuis des annés sans qu'il soit revue et adaptes aux devloppement Digital du ","06/07/2024","13/06/2025","001","Ideation","active","Operating Model","0","SBU Manufacturing  ","Soumission","06/07/2024","08/08/2024","Operating Model (situation visant à améliorer, optimiser ou changer des process, pratiques ou organisations de travail)","Categorization","NA","NA","Ideation","08/08/2024","NA","Ideation | Demo Day ","NA","NA","Development","NA","NA","Business | Incubation","NA","NA","Business | Pre-Hacking Committee ","NA","NA","Business | Hacking Committee","NA","NA","Business | Acceleration","NA","NA","Business | Pre-Impact Committee","NA","NA","Business | Impact Committee","NA","NA","Business | Impact","NA","NA","Business | Series B","NA","NA","OM | Incubation","NA","NA","OM | Pre-Hacking Committee","NA","NA","OM | Hacking Committee","NA","NA","OM | Acceleration","NA","NA","OM | Pre-Impact Committee ","NA","NA","OM | Impact Committee","NA","NA","OM | Impact","NA","Ecosystem | Incubation","NA","NA","Ecosystem | Pre-Hacking Committee","NA","NA","Ecosystem | Hacking Committee","NA","NA","Ecosystem | Acceleration","NA","NA","Ecosystem | Pre-Impact Committee ","NA","NA","Ecosystem | Impact Committee","NA","NA","Ecosystem | Impact","NA","NA"
"082","AI Industrial pilot","Mise en place de solution d'intelligence artificielle afin de faciliter le pilotage industriel","06/07/2024","13/06/2025","001","Ideation","active","Digital","0","SBU Mining Khouribga","Soumission","06/07/2024","21/07/2024","Operating Model (situation visant à améliorer, optimiser ou changer des process, pratiques ou organisations de travail)","Categorization","NA","NA","Ideation","21/07/2024","NA","Ideation | Demo Day ","NA","NA","Development","NA","NA","Business | Incubation","NA","NA","Business | Pre-Hacking Committee ","NA","NA","Business | Hacking Committee","NA","NA","Business | Acceleration","NA","NA","Business | Pre-Impact Committee","NA","NA","Business | Impact Committee","NA","NA","Business | Impact","NA","NA","Business | Series B","NA","NA","OM | Incubation","NA","NA","OM | Pre-Hacking Committee","NA","NA","OM | Hacking Committee","NA","NA","OM | Acceleration","NA","NA","OM | Pre-Impact Committee ","NA","NA","OM | Impact Committee","NA","NA","OM | Impact","NA","Ecosystem | Incubation","NA","NA","Ecosystem | Pre-Hacking Committee","NA","NA","Ecosystem | Hacking Committee","NA","NA","Ecosystem | Acceleration","NA","NA","Ecosystem | Pre-Impact Committee ","NA","NA","Ecosystem | Impact Committee","NA","NA","Ecosystem | Impact","NA","NA"
"083","ISOTrust Initiative","MEP d'un pogramme de certification ISO specifique pour les contractants, qui leur permettrait de garantir la qualite de leurs services et de renforcer leur credibilite aupres de notre entreprise","06/07/2024","13/06/2025","001","Ideation","active","Facility Management","0","SBU Mining Phosboucraa","Soumission","06/07/2024","23/10/2024","Business (situation visant à générer des revenus)","Categorization","NA","NA","Ideation","26/11/2024","NA","Ideation | Demo Day ","NA","NA","Development","NA","NA","Business | Incubation","NA","NA","Business | Pre-Hacking Committee ","NA","NA","Business | Hacking Committee","NA","NA","Business | Acceleration","NA","NA","Business | Pre-Impact Committee","NA","NA","Business | Impact Committee","NA","NA","Business | Impact","NA","NA","Business | Series B","NA","NA","OM | Incubation","NA","NA","OM | Pre-Hacking Committee","NA","NA","OM | Hacking Committee","NA","NA","OM | Acceleration","NA","NA","OM | Pre-Impact Committee ","NA","NA","OM | Impact Committee","NA","NA","OM | Impact","NA","Ecosystem | Incubation","NA","NA","Ecosystem | Pre-Hacking Committee","NA","NA","Ecosystem | Hacking Committee","NA","NA","Ecosystem | Acceleration","NA","NA","Ecosystem | Pre-Impact Committee ","NA","NA","Ecosystem | Impact Committee","NA","NA","Ecosystem | Impact","NA","NA"
"084","Safety Hub","L'idee de developper un projet d'orientation des entreprises exterieures en collaboration avec OCP est motivee par notre engagement envers la securite, le renforcement des partenariats, le partage des meilleures pratiques et la promotion de nos valeurs et","06/07/2024","13/06/2025","001","Ideation","active","Health & Safety","0","SBU Mining Phosboucraa","Soumission","06/07/2024","03/12/2024","Ecosystème (situation visant à créer de la valeur avec l’écosystème du groupe)","Categorization","NA","NA","Ideation","16/12/2024","NA","Ideation | Demo Day ","NA","NA","Development","NA","NA","Business | Incubation","NA","NA","Business | Pre-Hacking Committee ","NA","NA","Business | Hacking Committee","NA","NA","Business | Acceleration","NA","NA","Business | Pre-Impact Committee","NA","NA","Business | Impact Committee","NA","NA","Business | Impact","NA","NA","Business | Series B","NA","NA","OM | Incubation","NA","NA","OM | Pre-Hacking Committee","NA","NA","OM | Hacking Committee","NA","NA","OM | Acceleration","NA","NA","OM | Pre-Impact Committee ","NA","NA","OM | Impact Committee","NA","NA","OM | Impact","NA","Ecosystem | Incubation","NA","NA","Ecosystem | Pre-Hacking Committee","NA","NA","Ecosystem | Hacking Committee","NA","NA","Ecosystem | Acceleration","NA","NA","Ecosystem | Pre-Impact Committee ","NA","NA","Ecosystem | Impact Committee","NA","NA","Ecosystem | Impact","NA","NA"
"086","GoalScope","GoalScope est une plateforme digitale qui transforme la manière dont les talents du football marocain sont détectés, évalués et valorisés. Notre ambition : devenir un acteur clé du scouting digital tout en renforçant l’équité et l’impact social.","06/07/2024","13/06/2025","002","Development","active","Sustainability","0","SBU Manufacturig Safi","Soumission","06/07/2024","17/08/2024","Ecosystème (situation visant à créer de la valeur avec l’écosystème du groupe)","Categorization","NA","NA","Ideation","17/08/2024","12/05/2025","Ideation | Demo Day ","16/05/2025","16/05/2025","Development","26/05/2025","NA","Business | Incubation","NA","NA","Business | Pre-Hacking Committee ","NA","NA","Business | Hacking Committee","NA","NA","Business | Acceleration","NA","NA","Business | Pre-Impact Committee","NA","NA","Business | Impact Committee","NA","NA","Business | Impact","NA","NA","Business | Series B","NA","NA","OM | Incubation","NA","NA","OM | Pre-Hacking Committee","NA","NA","OM | Hacking Committee","NA","NA","OM | Acceleration","NA","NA","OM | Pre-Impact Committee ","NA","NA","OM | Impact Committee","NA","NA","OM | Impact","NA","Ecosystem | Incubation","NA","NA","Ecosystem | Pre-Hacking Committee","NA","NA","Ecosystem | Hacking Committee","NA","NA","Ecosystem | Acceleration","NA","NA","Ecosystem | Pre-Impact Committee ","NA","NA","Ecosystem | Impact Committee","NA","NA","Ecosystem | Impact","NA","NA"
"087","Relooking city","""Relooking city"": Ocp est une societe citoyenne de cela l' idée de la  Creation d'une cellule de reflection autour de petits projets qui pourraient amélioré l'infrastructure et l'image d'Eljadida, ex amenagement d'espaces verts, amenagement de l'entourage","06/07/2024","13/06/2025","001","Ideation","active","Ecosystem","0","SBU Manufacturing Jorf","Soumission","06/07/2024","25/07/2024","Ecosystème (situation visant à créer de la valeur avec l’écosystème du groupe)","Categorization","NA","NA","Ideation","25/07/2024","NA","Ideation | Demo Day ","NA","NA","Development","NA","NA","Business | Incubation","NA","NA","Business | Pre-Hacking Committee ","NA","NA","Business | Hacking Committee","NA","NA","Business | Acceleration","NA","NA","Business | Pre-Impact Committee","NA","NA","Business | Impact Committee","NA","NA","Business | Impact","NA","NA","Business | Series B","NA","NA","OM | Incubation","NA","NA","OM | Pre-Hacking Committee","NA","NA","OM | Hacking Committee","NA","NA","OM | Acceleration","NA","NA","OM | Pre-Impact Committee ","NA","NA","OM | Impact Committee","NA","NA","OM | Impact","NA","Ecosystem | Incubation","NA","NA","Ecosystem | Pre-Hacking Committee","NA","NA","Ecosystem | Hacking Committee","NA","NA","Ecosystem | Acceleration","NA","NA","Ecosystem | Pre-Impact Committee ","NA","NA","Ecosystem | Impact Committee","NA","NA","Ecosystem | Impact","NA","NA"
"091","electro security accompanying","nous proposons une large gamme de prestations de sécurité électronique visant à sécuriser  les installation OCP et aussi les biens des secteurs public et privé, plus la développement des nouvelles technologies de la sécurité électronique ","06/07/2024","13/06/2025","003","Ideation","active","Digital","0","SBU Mining Gantour","Soumission","06/07/2024","19/11/2024","Business (situation visant à générer des revenus)","Categorization","NA","NA","Ideation","26/11/2024","NA","Ideation | Demo Day ","NA","NA","Development","NA","NA","Business | Incubation","NA","NA","Business | Pre-Hacking Committee ","NA","NA","Business | Hacking Committee","NA","NA","Business | Acceleration","NA","NA","Business | Pre-Impact Committee","NA","NA","Business | Impact Committee","NA","NA","Business | Impact","NA","NA","Business | Series B","NA","NA","OM | Incubation","NA","NA","OM | Pre-Hacking Committee","NA","NA","OM | Hacking Committee","NA","NA","OM | Acceleration","NA","NA","OM | Pre-Impact Committee ","NA","NA","OM | Impact Committee","NA","NA","OM | Impact","NA","Ecosystem | Incubation","NA","NA","Ecosystem | Pre-Hacking Committee","NA","NA","Ecosystem | Hacking Committee","NA","NA","Ecosystem | Acceleration","NA","NA","Ecosystem | Pre-Impact Committee ","NA","NA","Ecosystem | Impact Committee","NA","NA","Ecosystem | Impact","NA","NA"
"092","AquaPhos Nutrition","Proposition d'un nouveau projet de production de nourriture durable pour l'Aquaculture ""AquaPhos Nutrition""","06/07/2024","13/06/2025","001","*Soumission*","active","Agroalimentaire","0","Corporate","Soumission","06/07/2024","NA","Business (situation visant à générer des revenus)","Categorization","NA","NA","Ideation","NA","NA","Ideation | Demo Day ","NA","NA","Development","NA","NA","Business | Incubation","NA","NA","Business | Pre-Hacking Committee ","NA","NA","Business | Hacking Committee","NA","NA","Business | Acceleration","NA","NA","Business | Pre-Impact Committee","NA","NA","Business | Impact Committee","NA","NA","Business | Impact","NA","NA","Business | Series B","NA","NA","OM | Incubation","NA","NA","OM | Pre-Hacking Committee","NA","NA","OM | Hacking Committee","NA","NA","OM | Acceleration","NA","NA","OM | Pre-Impact Committee ","NA","NA","OM | Impact Committee","NA","NA","OM | Impact","NA","Ecosystem | Incubation","NA","NA","Ecosystem | Pre-Hacking Committee","NA","NA","Ecosystem | Hacking Committee","NA","NA","Ecosystem | Acceleration","NA","NA","Ecosystem | Pre-Impact Committee ","NA","NA","Ecosystem | Impact Committee","NA","NA","Ecosystem | Impact","NA","NA"
"094","OCP TEAMCHARE","OCP TeamChare est une application mobile sécurisée, conçue pour remplacer WhatsApp dans les communications internes du secteur industriel. Cette solution répond aux besoins de sécurité renforcée, en garantissant un chiffrement avancé des données.","06/07/2024","13/06/2025","004","Ideation","active","Digital","0","SBU Mining Phosboucraa","Soumission","06/07/2024","16/07/2024","Operating Model (situation visant à améliorer, optimiser ou changer des process, pratiques ou organisations de travail)","Categorization","NA","NA","Ideation","16/07/2024","NA","Ideation | Demo Day ","NA","NA","Development","NA","NA","Business | Incubation","NA","NA","Business | Pre-Hacking Committee ","NA","NA","Business | Hacking Committee","NA","NA","Business | Acceleration","NA","NA","Business | Pre-Impact Committee","NA","NA","Business | Impact Committee","NA","NA","Business | Impact","NA","NA","Business | Series B","NA","NA","OM | Incubation","NA","NA","OM | Pre-Hacking Committee","NA","NA","OM | Hacking Committee","NA","NA","OM | Acceleration","NA","NA","OM | Pre-Impact Committee ","NA","NA","OM | Impact Committee","NA","NA","OM | Impact","NA","Ecosystem | Incubation","NA","NA","Ecosystem | Pre-Hacking Committee","NA","NA","Ecosystem | Hacking Committee","NA","NA","Ecosystem | Acceleration","NA","NA","Ecosystem | Pre-Impact Committee ","NA","NA","Ecosystem | Impact Committee","NA","NA","Ecosystem | Impact","NA","NA"
"095","OCP AirShield","Preservation du patrimoine industriel et de la confidentialite de l'OCP a travers l'etablissement de reglementations pour l'utilisation des drones par des entreprises externes dans et autour des territoires des SBU","06/07/2024","13/06/2025","001","*Soumission*","active","Digital","0","SBU Manufacturing Jorf","Soumission","06/07/2024","NA","Business (situation visant à générer des revenus)","Categorization","NA","NA","Ideation","NA","NA","Ideation | Demo Day ","NA","NA","Development","NA","NA","Business | Incubation","NA","NA","Business | Pre-Hacking Committee ","NA","NA","Business | Hacking Committee","NA","NA","Business | Acceleration","NA","NA","Business | Pre-Impact Committee","NA","NA","Business | Impact Committee","NA","NA","Business | Impact","NA","NA","Business | Series B","NA","NA","OM | Incubation","NA","NA","OM | Pre-Hacking Committee","NA","NA","OM | Hacking Committee","NA","NA","OM | Acceleration","NA","NA","OM | Pre-Impact Committee ","NA","NA","OM | Impact Committee","NA","NA","OM | Impact","NA","Ecosystem | Incubation","NA","NA","Ecosystem | Pre-Hacking Committee","NA","NA","Ecosystem | Hacking Committee","NA","NA","Ecosystem | Acceleration","NA","NA","Ecosystem | Pre-Impact Committee ","NA","NA","Ecosystem | Impact Committee","NA","NA","Ecosystem | Impact","NA","NA"
"096","SkyScout","La situation consiste a fonder une cellule dronistes a des fins de préservation et de protection du patrimoine industriel et de la vie privée du Groupe OCP et d'offrir une prestation moins coûteuse, aussi que la gérer le trafic aérienne dans les SBUs.","06/07/2024","13/06/2025","001","Ideation","active","Digital","0","SBU Manufacturing Jorf","Soumission","06/07/2024","11/07/2024","Operating Model (situation visant à améliorer, optimiser ou changer des process, pratiques ou organisations de travail)","Categorization","NA","NA","Ideation","11/07/2024","NA","Ideation | Demo Day ","NA","NA","Development","NA","NA","Business | Incubation","NA","NA","Business | Pre-Hacking Committee ","NA","NA","Business | Hacking Committee","NA","NA","Business | Acceleration","NA","NA","Business | Pre-Impact Committee","NA","NA","Business | Impact Committee","NA","NA","Business | Impact","NA","NA","Business | Series B","NA","NA","OM | Incubation","NA","NA","OM | Pre-Hacking Committee","NA","NA","OM | Hacking Committee","NA","NA","OM | Acceleration","NA","NA","OM | Pre-Impact Committee ","NA","NA","OM | Impact Committee","NA","NA","OM | Impact","NA","Ecosystem | Incubation","NA","NA","Ecosystem | Pre-Hacking Committee","NA","NA","Ecosystem | Hacking Committee","NA","NA","Ecosystem | Acceleration","NA","NA","Ecosystem | Pre-Impact Committee ","NA","NA","Ecosystem | Impact Committee","NA","NA","Ecosystem | Impact","NA","NA"
"101","DesignThinking@Safi","Developper le design thinking comme outil de transformation au niveau du site de Safi","06/07/2024","13/06/2025","001","*Soumission*","active","Talent Development","0","SBU Manufacturig Safi","Soumission","06/07/2024","NA","Operating Model (situation visant à améliorer, optimiser ou changer des process, pratiques ou organisations de travail)","Categorization","NA","NA","Ideation","NA","NA","Ideation | Demo Day ","NA","NA","Development","NA","NA","Business | Incubation","NA","NA","Business | Pre-Hacking Committee ","NA","NA","Business | Hacking Committee","NA","NA","Business | Acceleration","NA","NA","Business | Pre-Impact Committee","NA","NA","Business | Impact Committee","NA","NA","Business | Impact","NA","NA","Business | Series B","NA","NA","OM | Incubation","NA","NA","OM | Pre-Hacking Committee","NA","NA","OM | Hacking Committee","NA","NA","OM | Acceleration","NA","NA","OM | Pre-Impact Committee ","NA","NA","OM | Impact Committee","NA","NA","OM | Impact","NA","Ecosystem | Incubation","NA","NA","Ecosystem | Pre-Hacking Committee","NA","NA","Ecosystem | Hacking Committee","NA","NA","Ecosystem | Acceleration","NA","NA","Ecosystem | Pre-Impact Committee ","NA","NA","Ecosystem | Impact Committee","NA","NA","Ecosystem | Impact","NA","NA"
"106","Jorf Lasfar Energy Recovery","Le complexe industriel de Jorf Lasfar, se positionne parmi les principaux sites de production d'engrais a l'echelle mondiale,. Le processus industriel necessite une quantite significative d'eau de mer, utilisee a la fois pour le dessalement, le refroidiss","06/07/2024","21/06/2025","001","Ideation","active","Sustainability","0","SBU Manufacturing Jorf","Soumission","06/07/2024","NA","Business (situation visant à générer des revenus)","Categorization","NA","NA","Ideation","30/05/2025","NA","Ideation | Demo Day ","NA","NA","Development","NA","NA","Business | Incubation","NA","NA","Business | Pre-Hacking Committee ","NA","NA","Business | Hacking Committee","NA","NA","Business | Acceleration","NA","NA","Business | Pre-Impact Committee","NA","NA","Business | Impact Committee","NA","NA","Business | Impact","NA","NA","Business | Series B","NA","NA","OM | Incubation","NA","NA","OM | Pre-Hacking Committee","NA","NA","OM | Hacking Committee","NA","NA","OM | Acceleration","NA","NA","OM | Pre-Impact Committee ","NA","NA","OM | Impact Committee","NA","NA","OM | Impact","NA","Ecosystem | Incubation","NA","NA","Ecosystem | Pre-Hacking Committee","NA","NA","Ecosystem | Hacking Committee","NA","NA","Ecosystem | Acceleration","NA","NA","Ecosystem | Pre-Impact Committee ","NA","NA","Ecosystem | Impact Committee","NA","NA","Ecosystem | Impact","NA","NA"
"107","Safety High School","Creation d'une ecole d'excellence en Formation des HSE a differents niveau de qualification dedies a l'ecosystemes des sites OCP.","06/07/2024","13/06/2025","001","Ideation","active","Health & Safety","0","SBU Mining Khouribga","Soumission","06/07/2024","11/07/2024","Ecosystème (situation visant à créer de la valeur avec l’écosystème du groupe)","Categorization","NA","NA","Ideation","11/07/2024","NA","Ideation | Demo Day ","NA","NA","Development","NA","NA","Business | Incubation","NA","NA","Business | Pre-Hacking Committee ","NA","NA","Business | Hacking Committee","NA","NA","Business | Acceleration","NA","NA","Business | Pre-Impact Committee","NA","NA","Business | Impact Committee","NA","NA","Business | Impact","NA","NA","Business | Series B","NA","NA","OM | Incubation","NA","NA","OM | Pre-Hacking Committee","NA","NA","OM | Hacking Committee","NA","NA","OM | Acceleration","NA","NA","OM | Pre-Impact Committee ","NA","NA","OM | Impact Committee","NA","NA","OM | Impact","NA","Ecosystem | Incubation","NA","NA","Ecosystem | Pre-Hacking Committee","NA","NA","Ecosystem | Hacking Committee","NA","NA","Ecosystem | Acceleration","NA","NA","Ecosystem | Pre-Impact Committee ","NA","NA","Ecosystem | Impact Committee","NA","NA","Ecosystem | Impact","NA","NA"
"108","VR for Talent development","Integrer la realite virtuelle pour la montee en competence industrielle et  professionnelle (Process , Maintenance ,HSE, SST,.....) des collaborateurs chose qui va permettre : Une Experience d'apprentissage  immersive qui va Exposer les apprenants de se p","06/07/2024","13/06/2025","001","*Soumission*","active","Talent Development","0","SBU Mining Khouribga","Soumission","06/07/2024","NA","Operating Model (situation visant à améliorer, optimiser ou changer des process, pratiques ou organisations de travail)","Categorization","NA","NA","Ideation","NA","NA","Ideation | Demo Day ","NA","NA","Development","NA","NA","Business | Incubation","NA","NA","Business | Pre-Hacking Committee ","NA","NA","Business | Hacking Committee","NA","NA","Business | Acceleration","NA","NA","Business | Pre-Impact Committee","NA","NA","Business | Impact Committee","NA","NA","Business | Impact","NA","NA","Business | Series B","NA","NA","OM | Incubation","NA","NA","OM | Pre-Hacking Committee","NA","NA","OM | Hacking Committee","NA","NA","OM | Acceleration","NA","NA","OM | Pre-Impact Committee ","NA","NA","OM | Impact Committee","NA","NA","OM | Impact","NA","Ecosystem | Incubation","NA","NA","Ecosystem | Pre-Hacking Committee","NA","NA","Ecosystem | Hacking Committee","NA","NA","Ecosystem | Acceleration","NA","NA","Ecosystem | Pre-Impact Committee ","NA","NA","Ecosystem | Impact Committee","NA","NA","Ecosystem | Impact","NA","NA"
"109","Easy'internship","Ce projet vise a structurer d'une facon digitale le processus de gestion des stages et bénéficier des compétences externes: stagiaires et chercheurs externe (Fresh blood) dans l'innovation et la recherche pour la création de valeur","06/07/2024","13/06/2025","001","Ideation","active","Talent Development","0","SBU Manufacturing ","Soumission","06/07/2024","30/01/2025","Operating Model (situation visant à améliorer, optimiser ou changer des process, pratiques ou organisations de travail)","Categorization","NA","NA","Ideation","16/05/2025","NA","Ideation | Demo Day ","NA","NA","Development","NA","NA","Business | Incubation","NA","NA","Business | Pre-Hacking Committee ","NA","NA","Business | Hacking Committee","NA","NA","Business | Acceleration","NA","NA","Business | Pre-Impact Committee","NA","NA","Business | Impact Committee","NA","NA","Business | Impact","NA","NA","Business | Series B","NA","NA","OM | Incubation","NA","NA","OM | Pre-Hacking Committee","NA","NA","OM | Hacking Committee","NA","NA","OM | Acceleration","NA","NA","OM | Pre-Impact Committee ","NA","NA","OM | Impact Committee","NA","NA","OM | Impact","NA","Ecosystem | Incubation","NA","NA","Ecosystem | Pre-Hacking Committee","NA","NA","Ecosystem | Hacking Committee","NA","NA","Ecosystem | Acceleration","NA","NA","Ecosystem | Pre-Impact Committee ","NA","NA","Ecosystem | Impact Committee","NA","NA","Ecosystem | Impact","NA","NA"
"110","Hidden Costs","La situation vise a lever le voile sur une notion peu connue au sein du groupe, qui est les couts des performances cachees, cette nouvelle approche permettra de prevenir et anticiper les risques de non-qualite et les pertes des performances","06/07/2024","13/06/2025","003","Ideation","active","Cost leadership","0","SBU Manufacturig Safi","Soumission","06/07/2024","18/11/2024","Operating Model (situation visant à améliorer, optimiser ou changer des process, pratiques ou organisations de travail)","Categorization","NA","NA","Ideation","16/12/2024","NA","Ideation | Demo Day ","NA","NA","Development","NA","NA","Business | Incubation","NA","NA","Business | Pre-Hacking Committee ","NA","NA","Business | Hacking Committee","NA","NA","Business | Acceleration","NA","NA","Business | Pre-Impact Committee","NA","NA","Business | Impact Committee","NA","NA","Business | Impact","NA","NA","Business | Series B","NA","NA","OM | Incubation","NA","NA","OM | Pre-Hacking Committee","NA","NA","OM | Hacking Committee","NA","NA","OM | Acceleration","NA","NA","OM | Pre-Impact Committee ","NA","NA","OM | Impact Committee","NA","NA","OM | Impact","NA","Ecosystem | Incubation","NA","NA","Ecosystem | Pre-Hacking Committee","NA","NA","Ecosystem | Hacking Committee","NA","NA","Ecosystem | Acceleration","NA","NA","Ecosystem | Pre-Impact Committee ","NA","NA","Ecosystem | Impact Committee","NA","NA","Ecosystem | Impact","NA","NA"
"112","OCP PS","Création d'une nouvelle entreprise ou filiale spécialise dans la vente de prestations et de services (OCP PS) dans différents domaines de la maintenance, notamment l'instrumentation, électricité et la mécanique.","06/07/2024","13/06/2025","003","Ideation","active","New Ways of working","0","SBU Manufacturing Jorf","Soumission","06/07/2024","27/07/2024","Business (situation visant à générer des revenus)","Categorization","NA","NA","Ideation","27/07/2024","NA","Ideation | Demo Day ","NA","NA","Development","NA","NA","Business | Incubation","NA","NA","Business | Pre-Hacking Committee ","NA","NA","Business | Hacking Committee","NA","NA","Business | Acceleration","NA","NA","Business | Pre-Impact Committee","NA","NA","Business | Impact Committee","NA","NA","Business | Impact","NA","NA","Business | Series B","NA","NA","OM | Incubation","NA","NA","OM | Pre-Hacking Committee","NA","NA","OM | Hacking Committee","NA","NA","OM | Acceleration","NA","NA","OM | Pre-Impact Committee ","NA","NA","OM | Impact Committee","NA","NA","OM | Impact","NA","Ecosystem | Incubation","NA","NA","Ecosystem | Pre-Hacking Committee","NA","NA","Ecosystem | Hacking Committee","NA","NA","Ecosystem | Acceleration","NA","NA","Ecosystem | Pre-Impact Committee ","NA","NA","Ecosystem | Impact Committee","NA","NA","Ecosystem | Impact","NA","NA"
"113","AI for knowledge","Methodes GPT ; chat Conversationnel utilisant l'intelligence artificielle pour ;  + Interagir avec les preparateurs bdm  + Tenir des conversations constructives + Generer des syntheses et repondre aux besoins de recherches quotidiens. ","06/07/2024","13/06/2025","001","*Soumission*","active","Digital","0","SBU Mining Khouribga","Soumission","06/07/2024","NA","Operating Model (situation visant à améliorer, optimiser ou changer des process, pratiques ou organisations de travail)","Categorization","NA","NA","Ideation","NA","NA","Ideation | Demo Day ","NA","NA","Development","NA","NA","Business | Incubation","NA","NA","Business | Pre-Hacking Committee ","NA","NA","Business | Hacking Committee","NA","NA","Business | Acceleration","NA","NA","Business | Pre-Impact Committee","NA","NA","Business | Impact Committee","NA","NA","Business | Impact","NA","NA","Business | Series B","NA","NA","OM | Incubation","NA","NA","OM | Pre-Hacking Committee","NA","NA","OM | Hacking Committee","NA","NA","OM | Acceleration","NA","NA","OM | Pre-Impact Committee ","NA","NA","OM | Impact Committee","NA","NA","OM | Impact","NA","Ecosystem | Incubation","NA","NA","Ecosystem | Pre-Hacking Committee","NA","NA","Ecosystem | Hacking Committee","NA","NA","Ecosystem | Acceleration","NA","NA","Ecosystem | Pre-Impact Committee ","NA","NA","Ecosystem | Impact Committee","NA","NA","Ecosystem | Impact","NA","NA"
"116","Mobility Marletplace","Une plate-forme digitale pour faciliter la mobilite en interne des collaborateurs OCP","06/07/2024","21/06/2025","005","Ideation","active","Talent Development","0","SBU Manufacturing Jorf","Soumission","06/07/2024","NA","Operating Model (situation visant à améliorer, optimiser ou changer des process, pratiques ou organisations de travail)","Categorization","NA","NA","Ideation","02/02/2025","NA","Ideation | Demo Day ","NA","NA","Development","NA","NA","Business | Incubation","NA","NA","Business | Pre-Hacking Committee ","NA","NA","Business | Hacking Committee","NA","NA","Business | Acceleration","NA","NA","Business | Pre-Impact Committee","NA","NA","Business | Impact Committee","NA","NA","Business | Impact","NA","NA","Business | Series B","NA","NA","OM | Incubation","NA","NA","OM | Pre-Hacking Committee","NA","NA","OM | Hacking Committee","NA","NA","OM | Acceleration","NA","NA","OM | Pre-Impact Committee ","NA","NA","OM | Impact Committee","NA","NA","OM | Impact","NA","Ecosystem | Incubation","NA","NA","Ecosystem | Pre-Hacking Committee","NA","NA","Ecosystem | Hacking Committee","NA","NA","Ecosystem | Acceleration","NA","NA","Ecosystem | Pre-Impact Committee ","NA","NA","Ecosystem | Impact Committee","NA","NA","Ecosystem | Impact","NA","NA"
"117","GeoExplorerBot","Le GeoExplorerBot est un robot conçu pour explorer la géologie des puits de manière autonome et assistée par un géologue. Suspendu a un câble, le robot peut descendre jusqu'à une profondeur de 200 mètres, collectant des données précises et détaillées.","06/07/2024","13/06/2025","006","Ideation","active","Operating Model","0","SBU Mining Gantour","Soumission","06/07/2024","12/07/2024","Operating Model (situation visant à améliorer, optimiser ou changer des process, pratiques ou organisations de travail)","Categorization","NA","NA","Ideation","12/07/2024","NA","Ideation | Demo Day ","NA","NA","Development","NA","NA","Business | Incubation","NA","NA","Business | Pre-Hacking Committee ","NA","NA","Business | Hacking Committee","NA","NA","Business | Acceleration","NA","NA","Business | Pre-Impact Committee","NA","NA","Business | Impact Committee","NA","NA","Business | Impact","NA","NA","Business | Series B","NA","NA","OM | Incubation","NA","NA","OM | Pre-Hacking Committee","NA","NA","OM | Hacking Committee","NA","NA","OM | Acceleration","NA","NA","OM | Pre-Impact Committee ","NA","NA","OM | Impact Committee","NA","NA","OM | Impact","NA","Ecosystem | Incubation","NA","NA","Ecosystem | Pre-Hacking Committee","NA","NA","Ecosystem | Hacking Committee","NA","NA","Ecosystem | Acceleration","NA","NA","Ecosystem | Pre-Impact Committee ","NA","NA","Ecosystem | Impact Committee","NA","NA","Ecosystem | Impact","NA","NA"
"118","Cellule de Support SAP/ARIBA","Création d’une nouvelle entité de support SAP/ARIBA pour renforcer l'organisation et l'efficacité post-migration","06/07/2024","26/06/2025","001","*Soumission*","active","Procurement","0","SBU Mining Phosboucraa","Soumission","06/07/2024","NA","Operating Model (situation visant à améliorer, optimiser ou changer des process, pratiques ou organisations de travail)","Categorization","NA","NA","Ideation","NA","NA","Ideation | Demo Day ","NA","NA","Development","NA","NA","Business | Incubation","NA","NA","Business | Pre-Hacking Committee ","NA","NA","Business | Hacking Committee","NA","NA","Business | Acceleration","NA","NA","Business | Pre-Impact Committee","NA","NA","Business | Impact Committee","NA","NA","Business | Impact","NA","NA","Business | Series B","NA","NA","OM | Incubation","NA","NA","OM | Pre-Hacking Committee","NA","NA","OM | Hacking Committee","NA","NA","OM | Acceleration","NA","NA","OM | Pre-Impact Committee ","NA","NA","OM | Impact Committee","NA","NA","OM | Impact","NA","Ecosystem | Incubation","NA","NA","Ecosystem | Pre-Hacking Committee","NA","NA","Ecosystem | Hacking Committee","NA","NA","Ecosystem | Acceleration","NA","NA","Ecosystem | Pre-Impact Committee ","NA","NA","Ecosystem | Impact Committee","NA","NA","Ecosystem | Impact","NA","NA"
"123","WASTPHOS","Le projet WASTPHOS s'inscrit dans la stratégie de diversification du Groupe OCP, en alignement avec son troisième S-curve. Il explore de nouvelles voies de développement autour des by-products de la roche pour créer de la valeur ajoutée.","06/07/2024","13/06/2025","007","Development","active","Sustainability","0","Corporate","Soumission","06/07/2024","07/11/2024","Business (situation visant à générer des revenus)","Categorization","NA","NA","Ideation","11/11/2024","17/01/2025","Ideation | Demo Day ","22/01/2025","22/01/2025","Development","24/01/2025","NA","Business | Incubation","NA","NA","Business | Pre-Hacking Committee ","NA","NA","Business | Hacking Committee","NA","NA","Business | Acceleration","NA","NA","Business | Pre-Impact Committee","NA","NA","Business | Impact Committee","NA","NA","Business | Impact","NA","NA","Business | Series B","NA","NA","OM | Incubation","NA","NA","OM | Pre-Hacking Committee","NA","NA","OM | Hacking Committee","NA","NA","OM | Acceleration","NA","NA","OM | Pre-Impact Committee ","NA","NA","OM | Impact Committee","NA","NA","OM | Impact","NA","Ecosystem | Incubation","NA","NA","Ecosystem | Pre-Hacking Committee","NA","NA","Ecosystem | Hacking Committee","NA","NA","Ecosystem | Acceleration","NA","NA","Ecosystem | Pre-Impact Committee ","NA","NA","Ecosystem | Impact Committee","NA","NA","Ecosystem | Impact","NA","NA"
"124","Smart Product Azolla 4 Farmer","Notre situation vise à établir une unité industrielle automatisée dédiée a la production et au développement de la plante Azolla, une ressource végétale a fort potentiel pour l'agriculture durable. ","06/07/2024","13/06/2025","006","Development","active","Fertilizers & Farmers Solutions","0","SBU Mining ","Soumission","06/07/2024","18/07/2024","Business (situation visant à générer des revenus)","Categorization","NA","NA","Ideation","18/07/2024","22/12/2024","Ideation | Demo Day ","22/01/2025","22/01/2025","Development","24/01/2025","NA","Business | Incubation","NA","NA","Business | Pre-Hacking Committee ","NA","NA","Business | Hacking Committee","NA","NA","Business | Acceleration","NA","NA","Business | Pre-Impact Committee","NA","NA","Business | Impact Committee","NA","NA","Business | Impact","NA","NA","Business | Series B","NA","NA","OM | Incubation","NA","NA","OM | Pre-Hacking Committee","NA","NA","OM | Hacking Committee","NA","NA","OM | Acceleration","NA","NA","OM | Pre-Impact Committee ","NA","NA","OM | Impact Committee","NA","NA","OM | Impact","NA","Ecosystem | Incubation","NA","NA","Ecosystem | Pre-Hacking Committee","NA","NA","Ecosystem | Hacking Committee","NA","NA","Ecosystem | Acceleration","NA","NA","Ecosystem | Pre-Impact Committee ","NA","NA","Ecosystem | Impact Committee","NA","NA","Ecosystem | Impact","NA","NA"
"125","Matières auxiliaires","la mousse génératrice durant la concentration d'ACP","06/07/2024","13/06/2025","020","Ideation","active","Optimisation industrielle","0","SBU Manufacturig Safi","Soumission","06/07/2024","17/07/2024","Business (situation visant à générer des revenus)","Categorization","NA","NA","Ideation","17/07/2024","26/06/2025","Ideation | Demo Day ","NA","NA","Development","NA","NA","Business | Incubation","NA","NA","Business | Pre-Hacking Committee ","NA","NA","Business | Hacking Committee","NA","NA","Business | Acceleration","NA","NA","Business | Pre-Impact Committee","NA","NA","Business | Impact Committee","NA","NA","Business | Impact","NA","NA","Business | Series B","NA","NA","OM | Incubation","NA","NA","OM | Pre-Hacking Committee","NA","NA","OM | Hacking Committee","NA","NA","OM | Acceleration","NA","NA","OM | Pre-Impact Committee ","NA","NA","OM | Impact Committee","NA","NA","OM | Impact","NA","Ecosystem | Incubation","NA","NA","Ecosystem | Pre-Hacking Committee","NA","NA","Ecosystem | Hacking Committee","NA","NA","Ecosystem | Acceleration","NA","NA","Ecosystem | Pre-Impact Committee ","NA","NA","Ecosystem | Impact Committee","NA","NA","Ecosystem | Impact","NA","NA"
"127","EcoWay Solutions","EcoWay Solutions transforme les déchets plastiques et miniers en pavés écologiques, durables et esthétiques, pour des villes plus propres._x000D_
Une solution locale, innovante et circulaire au service de l’économie verte.","06/07/2024","15/06/2025","003","Development","active","Sustainability","0","SBU Manufacturig Safi","Soumission","06/07/2024","11/07/2024","Business (situation visant à générer des revenus)","Categorization","NA","NA","Ideation","11/07/2024","NA","Ideation | Demo Day ","16/05/2025","16/05/2025","Development","26/05/2025","15/06/2025","Business | Incubation","NA","NA","Business | Pre-Hacking Committee ","NA","NA","Business | Hacking Committee","NA","NA","Business | Acceleration","NA","NA","Business | Pre-Impact Committee","NA","NA","Business | Impact Committee","NA","NA","Business | Impact","NA","NA","Business | Series B","NA","NA","OM | Incubation","NA","NA","OM | Pre-Hacking Committee","NA","NA","OM | Hacking Committee","NA","NA","OM | Acceleration","NA","NA","OM | Pre-Impact Committee ","NA","NA","OM | Impact Committee","NA","NA","OM | Impact","NA","Ecosystem | Incubation","NA","NA","Ecosystem | Pre-Hacking Committee","NA","NA","Ecosystem | Hacking Committee","NA","NA","Ecosystem | Acceleration","NA","NA","Ecosystem | Pre-Impact Committee ","NA","NA","Ecosystem | Impact Committee","NA","NA","Ecosystem | Impact","NA","NA"
"129","Elevate","Creation d'Elevate qui permet de surmonter les limitations des methodes conventionnelles de formation et developpement professionnel, en apportant une solution innovante qui engage profondement les employes dans leur parcours d'apprentissage. L'utilisatio","06/07/2024","13/06/2025","001","*Soumission*","active","Digital","0","SBU Manufacturing Jorf","Soumission","06/07/2024","NA","Business (situation visant à générer des revenus)","Categorization","NA","NA","Ideation","NA","NA","Ideation | Demo Day ","NA","NA","Development","NA","NA","Business | Incubation","NA","NA","Business | Pre-Hacking Committee ","NA","NA","Business | Hacking Committee","NA","NA","Business | Acceleration","NA","NA","Business | Pre-Impact Committee","NA","NA","Business | Impact Committee","NA","NA","Business | Impact","NA","NA","Business | Series B","NA","NA","OM | Incubation","NA","NA","OM | Pre-Hacking Committee","NA","NA","OM | Hacking Committee","NA","NA","OM | Acceleration","NA","NA","OM | Pre-Impact Committee ","NA","NA","OM | Impact Committee","NA","NA","OM | Impact","NA","Ecosystem | Incubation","NA","NA","Ecosystem | Pre-Hacking Committee","NA","NA","Ecosystem | Hacking Committee","NA","NA","Ecosystem | Acceleration","NA","NA","Ecosystem | Pre-Impact Committee ","NA","NA","Ecosystem | Impact Committee","NA","NA","Ecosystem | Impact","NA","NA"
"130","FlexTalents","FlexTalents est une plateforme innovante de freelance interne qui révolutionne la gestion des talents chez OCP, favorisant la collaboration et le développement professionnel tout en optimisant les compétences internes.","06/07/2024","13/06/2025","006","OM | Acceleration","active","Digital","0","SBU Manufacturing Jorf","Soumission","06/07/2024","13/07/2024","Operating Model (situation visant à améliorer, optimiser ou changer des process, pratiques ou organisations de travail)","Categorization","NA","NA","Ideation","13/07/2024","15/07/2024","Ideation | Demo Day ","20/07/2024","20/07/2024","Development","29/07/2024","NA","Business | Incubation","NA","NA","Business | Pre-Hacking Committee ","NA","NA","Business | Hacking Committee","NA","NA","Business | Acceleration","NA","NA","Business | Pre-Impact Committee","NA","NA","Business | Impact Committee","NA","NA","Business | Impact","NA","NA","Business | Series B","NA","NA","OM | Incubation","15/01/2025","16/01/2025","OM | Pre-Hacking Committee","NA","NA","OM | Hacking Committee","16/01/2025","16/01/2025","OM | Acceleration","28/04/2025","NA","OM | Pre-Impact Committee ","NA","NA","OM | Impact Committee","NA","NA","OM | Impact","NA","Ecosystem | Incubation","NA","NA","Ecosystem | Pre-Hacking Committee","NA","NA","Ecosystem | Hacking Committee","NA","NA","Ecosystem | Acceleration","NA","NA","Ecosystem | Pre-Impact Committee ","NA","NA","Ecosystem | Impact Committee","NA","NA","Ecosystem | Impact","NA","NA"
"131","Beneficiation AquaSave","Projet visant a etudier plusieurs scenarios pour reduire la consommation d'eau au sein des usines de beneficiation ""Laverie"". L'eau est indispensable pour permettre l'enrichissement du phosphate. ","06/07/2024","13/06/2025","002","Ideation","active","Sustainability","0","SBU Mining  ","Soumission","06/07/2024","11/07/2024","Operating Model (situation visant à améliorer, optimiser ou changer des process, pratiques ou organisations de travail)","Categorization","NA","NA","Ideation","11/07/2024","NA","Ideation | Demo Day ","NA","NA","Development","NA","NA","Business | Incubation","NA","NA","Business | Pre-Hacking Committee ","NA","NA","Business | Hacking Committee","NA","NA","Business | Acceleration","NA","NA","Business | Pre-Impact Committee","NA","NA","Business | Impact Committee","NA","NA","Business | Impact","NA","NA","Business | Series B","NA","NA","OM | Incubation","NA","NA","OM | Pre-Hacking Committee","NA","NA","OM | Hacking Committee","NA","NA","OM | Acceleration","NA","NA","OM | Pre-Impact Committee ","NA","NA","OM | Impact Committee","NA","NA","OM | Impact","NA","Ecosystem | Incubation","NA","NA","Ecosystem | Pre-Hacking Committee","NA","NA","Ecosystem | Hacking Committee","NA","NA","Ecosystem | Acceleration","NA","NA","Ecosystem | Pre-Impact Committee ","NA","NA","Ecosystem | Impact Committee","NA","NA","Ecosystem | Impact","NA","NA"
"132","AgriTrade Marketplace","La situation consiste a creer une plateforme e-commerce (Marketplace) mettant en relation les acteurs du marche des engrais et des Specialty-Products. En effet, l'e-commerce connait actuellement une croissance fulgurante. L'idee a travers cette Marketplac","06/07/2024","21/06/2025","002","Ideation","active","Digital","0","Corporate","Soumission","06/07/2024","NA","Business (situation visant à générer des revenus)","Categorization","NA","NA","Ideation","30/05/2025","NA","Ideation | Demo Day ","NA","NA","Development","NA","NA","Business | Incubation","NA","NA","Business | Pre-Hacking Committee ","NA","NA","Business | Hacking Committee","NA","NA","Business | Acceleration","NA","NA","Business | Pre-Impact Committee","NA","NA","Business | Impact Committee","NA","NA","Business | Impact","NA","NA","Business | Series B","NA","NA","OM | Incubation","NA","NA","OM | Pre-Hacking Committee","NA","NA","OM | Hacking Committee","NA","NA","OM | Acceleration","NA","NA","OM | Pre-Impact Committee ","NA","NA","OM | Impact Committee","NA","NA","OM | Impact","NA","Ecosystem | Incubation","NA","NA","Ecosystem | Pre-Hacking Committee","NA","NA","Ecosystem | Hacking Committee","NA","NA","Ecosystem | Acceleration","NA","NA","Ecosystem | Pre-Impact Committee ","NA","NA","Ecosystem | Impact Committee","NA","NA","Ecosystem | Impact","NA","NA"
"133","Water ReUse","Recuperation de l'eau issue de l'essorage des machines a laver, des eviers et des douches pour une reutilisation dans les chasses d'eau des toilettes est une initiative prometteuse de para-gaspillage d'eau","06/07/2024","13/06/2025","001","Ideation","active","Ecosystem","0","SBU Mining Phosboucraa","Soumission","06/07/2024","06/08/2024","Ecosystème (situation visant à créer de la valeur avec l’écosystème du groupe)","Categorization","NA","NA","Ideation","06/08/2024","NA","Ideation | Demo Day ","NA","NA","Development","NA","NA","Business | Incubation","NA","NA","Business | Pre-Hacking Committee ","NA","NA","Business | Hacking Committee","NA","NA","Business | Acceleration","NA","NA","Business | Pre-Impact Committee","NA","NA","Business | Impact Committee","NA","NA","Business | Impact","NA","NA","Business | Series B","NA","NA","OM | Incubation","NA","NA","OM | Pre-Hacking Committee","NA","NA","OM | Hacking Committee","NA","NA","OM | Acceleration","NA","NA","OM | Pre-Impact Committee ","NA","NA","OM | Impact Committee","NA","NA","OM | Impact","NA","Ecosystem | Incubation","NA","NA","Ecosystem | Pre-Hacking Committee","NA","NA","Ecosystem | Hacking Committee","NA","NA","Ecosystem | Acceleration","NA","NA","Ecosystem | Pre-Impact Committee ","NA","NA","Ecosystem | Impact Committee","NA","NA","Ecosystem | Impact","NA","NA"
"135","The Lens of Industry","Creation d'une cellule mediatique / audiovisuelle","06/07/2024","13/06/2025","007","Ideation","active","Operating Model","0","SBU Mining Phosboucraa","Soumission","06/07/2024","10/08/2024","Operating Model (situation visant à améliorer, optimiser ou changer des process, pratiques ou organisations de travail)","Categorization","NA","NA","Ideation","10/08/2024","24/04/2025","Ideation | Demo Day ","NA","NA","Development","NA","NA","Business | Incubation","NA","NA","Business | Pre-Hacking Committee ","NA","NA","Business | Hacking Committee","NA","NA","Business | Acceleration","NA","NA","Business | Pre-Impact Committee","NA","NA","Business | Impact Committee","NA","NA","Business | Impact","NA","NA","Business | Series B","NA","NA","OM | Incubation","NA","NA","OM | Pre-Hacking Committee","NA","NA","OM | Hacking Committee","NA","NA","OM | Acceleration","NA","NA","OM | Pre-Impact Committee ","NA","NA","OM | Impact Committee","NA","NA","OM | Impact","NA","Ecosystem | Incubation","NA","NA","Ecosystem | Pre-Hacking Committee","NA","NA","Ecosystem | Hacking Committee","NA","NA","Ecosystem | Acceleration","NA","NA","Ecosystem | Pre-Impact Committee ","NA","NA","Ecosystem | Impact Committee","NA","NA","Ecosystem | Impact","NA","NA"
"136","SolvTech Innovators","SolvExpert est une initiative Mouvement visant la création de solution sur mesure à forte valeur ajoutée pour la société Marocaine tout en valorisant les compétences en modélisations mathématique, optimisations et Numériques au service de la performance.","06/07/2024","21/06/2025","005","Ideation","active","Ecosystem","0","Corporate","Soumission","06/07/2024","NA","Ecosystème (situation visant à créer de la valeur avec l’écosystème du groupe)","Categorization","NA","NA","Ideation","30/05/2025","NA","Ideation | Demo Day ","NA","NA","Development","NA","NA","Business | Incubation","NA","NA","Business | Pre-Hacking Committee ","NA","NA","Business | Hacking Committee","NA","NA","Business | Acceleration","NA","NA","Business | Pre-Impact Committee","NA","NA","Business | Impact Committee","NA","NA","Business | Impact","NA","NA","Business | Series B","NA","NA","OM | Incubation","NA","NA","OM | Pre-Hacking Committee","NA","NA","OM | Hacking Committee","NA","NA","OM | Acceleration","NA","NA","OM | Pre-Impact Committee ","NA","NA","OM | Impact Committee","NA","NA","OM | Impact","NA","Ecosystem | Incubation","NA","NA","Ecosystem | Pre-Hacking Committee","NA","NA","Ecosystem | Hacking Committee","NA","NA","Ecosystem | Acceleration","NA","NA","Ecosystem | Pre-Impact Committee ","NA","NA","Ecosystem | Impact Committee","NA","NA","Ecosystem | Impact","NA","NA"
"140","Phosphates alimentaires","Création d’une unité de production conforme à GMP+FSA et autres normes et réglementation, flexible et intelligente, pour 19 produits alimentaires à base de phosphate, optimisant ainsi espace, matériel et personnel tout en garantissant qualité et sécurité.","06/07/2024","13/06/2025","001","Ideation","active","Agroalimentaire","0","SBU Manufacturig Safi","Soumission","06/07/2024","11/07/2024","Business (situation visant à générer des revenus)","Categorization","NA","NA","Ideation","11/07/2024","NA","Ideation | Demo Day ","NA","NA","Development","NA","NA","Business | Incubation","NA","NA","Business | Pre-Hacking Committee ","NA","NA","Business | Hacking Committee","NA","NA","Business | Acceleration","NA","NA","Business | Pre-Impact Committee","NA","NA","Business | Impact Committee","NA","NA","Business | Impact","NA","NA","Business | Series B","NA","NA","OM | Incubation","NA","NA","OM | Pre-Hacking Committee","NA","NA","OM | Hacking Committee","NA","NA","OM | Acceleration","NA","NA","OM | Pre-Impact Committee ","NA","NA","OM | Impact Committee","NA","NA","OM | Impact","NA","Ecosystem | Incubation","NA","NA","Ecosystem | Pre-Hacking Committee","NA","NA","Ecosystem | Hacking Committee","NA","NA","Ecosystem | Acceleration","NA","NA","Ecosystem | Pre-Impact Committee ","NA","NA","Ecosystem | Impact Committee","NA","NA","Ecosystem | Impact","NA","NA"
"141","OCP Students Hub","La situation vise à créer un lien durable avec l'écosystème des établissements de l'enseignement en général, ceux avoisinnant les sites OCP en particulier. Elle vise essentiellement la mise en place d'une plateforme digitale au service des étudiants","06/07/2024","13/06/2025","001","Ideation","active","Ecosystem","0","SBU Manufacturing Jorf","Soumission","06/07/2024","08/08/2024","Ecosystème (situation visant à créer de la valeur avec l’écosystème du groupe)","Categorization","NA","NA","Ideation","08/08/2024","NA","Ideation | Demo Day ","NA","NA","Development","NA","NA","Business | Incubation","NA","NA","Business | Pre-Hacking Committee ","NA","NA","Business | Hacking Committee","NA","NA","Business | Acceleration","NA","NA","Business | Pre-Impact Committee","NA","NA","Business | Impact Committee","NA","NA","Business | Impact","NA","NA","Business | Series B","NA","NA","OM | Incubation","NA","NA","OM | Pre-Hacking Committee","NA","NA","OM | Hacking Committee","NA","NA","OM | Acceleration","NA","NA","OM | Pre-Impact Committee ","NA","NA","OM | Impact Committee","NA","NA","OM | Impact","NA","Ecosystem | Incubation","NA","NA","Ecosystem | Pre-Hacking Committee","NA","NA","Ecosystem | Hacking Committee","NA","NA","Ecosystem | Acceleration","NA","NA","Ecosystem | Pre-Impact Committee ","NA","NA","Ecosystem | Impact Committee","NA","NA","Ecosystem | Impact","NA","NA"
"142","OCP Global Mining Ventures","OCP GMV vise à créer un pont entre les mondes académique et industriel pour maximiser la valeur des ressources minières, valoriser les talents, diversifier les activités et promouvoir un développement durable, en partenariat avec UM6P et son écosystème.","06/07/2024","13/06/2025","010","Business | Incubation","active","Mining Solutions","0","SBU Mining  ","Soumission","06/07/2024","11/07/2024","Ecosystème (situation visant à créer de la valeur avec l’écosystème du groupe)","Categorization","NA","NA","Ideation","11/07/2024","14/07/2024","Ideation | Demo Day ","20/07/2024","20/07/2024","Development","29/07/2024","NA","Business | Incubation","15/01/2025","16/01/2025","Business | Pre-Hacking Committee ","NA","NA","Business | Hacking Committee","16/01/2025","16/01/2025","Business | Acceleration","NA","NA","Business | Pre-Impact Committee","NA","NA","Business | Impact Committee","NA","NA","Business | Impact","NA","NA","Business | Series B","NA","NA","OM | Incubation","NA","NA","OM | Pre-Hacking Committee","NA","NA","OM | Hacking Committee","NA","NA","OM | Acceleration","NA","NA","OM | Pre-Impact Committee ","NA","NA","OM | Impact Committee","NA","NA","OM | Impact","NA","Ecosystem | Incubation","NA","NA","Ecosystem | Pre-Hacking Committee","NA","NA","Ecosystem | Hacking Committee","NA","NA","Ecosystem | Acceleration","NA","NA","Ecosystem | Pre-Impact Committee ","NA","NA","Ecosystem | Impact Committee","NA","NA","Ecosystem | Impact","NA","NA"
"145","SmartPort","Ce projet vise à améliorer la gestion des opérations portuaires au Maroc en période de mauvais temps, Depuis décembre 2019, le port de Jorf Lasfar a mis en œuvre avec succès la technique d'amarrage dynamique, permettant de maintenir la continuité des opér","06/07/2024","13/06/2025","003","*Soumission*","active","Optimisation industrielle","0","SBU Manufacturing Jorf","Soumission","06/07/2024","NA","Business (situation visant à générer des revenus)","Categorization","NA","NA","Ideation","NA","NA","Ideation | Demo Day ","NA","NA","Development","NA","NA","Business | Incubation","NA","NA","Business | Pre-Hacking Committee ","NA","NA","Business | Hacking Committee","NA","NA","Business | Acceleration","NA","NA","Business | Pre-Impact Committee","NA","NA","Business | Impact Committee","NA","NA","Business | Impact","NA","NA","Business | Series B","NA","NA","OM | Incubation","NA","NA","OM | Pre-Hacking Committee","NA","NA","OM | Hacking Committee","NA","NA","OM | Acceleration","NA","NA","OM | Pre-Impact Committee ","NA","NA","OM | Impact Committee","NA","NA","OM | Impact","NA","Ecosystem | Incubation","NA","NA","Ecosystem | Pre-Hacking Committee","NA","NA","Ecosystem | Hacking Committee","NA","NA","Ecosystem | Acceleration","NA","NA","Ecosystem | Pre-Impact Committee ","NA","NA","Ecosystem | Impact Committee","NA","NA","Ecosystem | Impact","NA","NA"
"147","Digital Health Check","notre situation vise de mettre à la disposition de médecine de travail un système de diagnostic continu et systématique de la santé de travail ainsi que l'accompagnement psychique des collaborateurs OCP grâce à des outils intelligents t.q santé 3.0 , Ai..","06/07/2024","13/06/2025","010","Development","active","Health & Safety","0","SBU Manufacturing Jorf","Soumission","06/07/2024","16/07/2024","Operating Model (situation visant à améliorer, optimiser ou changer des process, pratiques ou organisations de travail)","Categorization","NA","NA","Ideation","16/07/2024","22/01/2025","Ideation | Demo Day ","22/01/2025","22/01/2025","Development","24/01/2025","NA","Business | Incubation","NA","NA","Business | Pre-Hacking Committee ","NA","NA","Business | Hacking Committee","NA","NA","Business | Acceleration","NA","NA","Business | Pre-Impact Committee","NA","NA","Business | Impact Committee","NA","NA","Business | Impact","NA","NA","Business | Series B","NA","NA","OM | Incubation","NA","NA","OM | Pre-Hacking Committee","NA","NA","OM | Hacking Committee","NA","NA","OM | Acceleration","NA","NA","OM | Pre-Impact Committee ","NA","NA","OM | Impact Committee","NA","NA","OM | Impact","NA","Ecosystem | Incubation","NA","NA","Ecosystem | Pre-Hacking Committee","NA","NA","Ecosystem | Hacking Committee","NA","NA","Ecosystem | Acceleration","NA","NA","Ecosystem | Pre-Impact Committee ","NA","NA","Ecosystem | Impact Committee","NA","NA","Ecosystem | Impact","NA","NA"
"148","CoolStream","Réutilisation des rejets d'eau de mer utiliser pour le refroidissement","06/07/2024","13/06/2025","001","*Soumission*","active","Recycling & Waste Management","0","SBU Manufacturing Jorf","Soumission","06/07/2024","NA","Business (situation visant à générer des revenus)","Categorization","NA","NA","Ideation","NA","NA","Ideation | Demo Day ","NA","NA","Development","NA","NA","Business | Incubation","NA","NA","Business | Pre-Hacking Committee ","NA","NA","Business | Hacking Committee","NA","NA","Business | Acceleration","NA","NA","Business | Pre-Impact Committee","NA","NA","Business | Impact Committee","NA","NA","Business | Impact","NA","NA","Business | Series B","NA","NA","OM | Incubation","NA","NA","OM | Pre-Hacking Committee","NA","NA","OM | Hacking Committee","NA","NA","OM | Acceleration","NA","NA","OM | Pre-Impact Committee ","NA","NA","OM | Impact Committee","NA","NA","OM | Impact","NA","Ecosystem | Incubation","NA","NA","Ecosystem | Pre-Hacking Committee","NA","NA","Ecosystem | Hacking Committee","NA","NA","Ecosystem | Acceleration","NA","NA","Ecosystem | Pre-Impact Committee ","NA","NA","Ecosystem | Impact Committee","NA","NA","Ecosystem | Impact","NA","NA"
"151","OCP Professors","Redynamiser le chantier OCP PROFESSORS et Entreprise d'apprenants","06/07/2024","13/06/2025","001","*Soumission*","active","Ecosystem","0","SBU Manufacturig Safi","Soumission","06/07/2024","NA","Ecosystème (situation visant à créer de la valeur avec l’écosystème du groupe)","Categorization","NA","NA","Ideation","NA","NA","Ideation | Demo Day ","NA","NA","Development","NA","NA","Business | Incubation","NA","NA","Business | Pre-Hacking Committee ","NA","NA","Business | Hacking Committee","NA","NA","Business | Acceleration","NA","NA","Business | Pre-Impact Committee","NA","NA","Business | Impact Committee","NA","NA","Business | Impact","NA","NA","Business | Series B","NA","NA","OM | Incubation","NA","NA","OM | Pre-Hacking Committee","NA","NA","OM | Hacking Committee","NA","NA","OM | Acceleration","NA","NA","OM | Pre-Impact Committee ","NA","NA","OM | Impact Committee","NA","NA","OM | Impact","NA","Ecosystem | Incubation","NA","NA","Ecosystem | Pre-Hacking Committee","NA","NA","Ecosystem | Hacking Committee","NA","NA","Ecosystem | Acceleration","NA","NA","Ecosystem | Pre-Impact Committee ","NA","NA","Ecosystem | Impact Committee","NA","NA","Ecosystem | Impact","NA","NA"
"152","Équipe OCP/LLD","La situation vise à acquérir en propre des véhicules OCP, qu'ils soient thermiques et hybrides .  La situation vise à atteindre une rentabilité  du coût global (OPEX) de Marché cadre . Cela passe par une optimisation du coût total de possessio","06/07/2024","13/06/2025","005","Ideation","active","Operating Model","0","SBU Mining Khouribga","Soumission","06/07/2024","15/07/2024","Operating Model (situation visant à améliorer, optimiser ou changer des process, pratiques ou organisations de travail)","Categorization","NA","NA","Ideation","15/07/2024","29/09/2024","Ideation | Demo Day ","NA","NA","Development","NA","NA","Business | Incubation","NA","NA","Business | Pre-Hacking Committee ","NA","NA","Business | Hacking Committee","NA","NA","Business | Acceleration","NA","NA","Business | Pre-Impact Committee","NA","NA","Business | Impact Committee","NA","NA","Business | Impact","NA","NA","Business | Series B","NA","NA","OM | Incubation","NA","NA","OM | Pre-Hacking Committee","NA","NA","OM | Hacking Committee","NA","NA","OM | Acceleration","NA","NA","OM | Pre-Impact Committee ","NA","NA","OM | Impact Committee","NA","NA","OM | Impact","NA","Ecosystem | Incubation","NA","NA","Ecosystem | Pre-Hacking Committee","NA","NA","Ecosystem | Hacking Committee","NA","NA","Ecosystem | Acceleration","NA","NA","Ecosystem | Pre-Impact Committee ","NA","NA","Ecosystem | Impact Committee","NA","NA","Ecosystem | Impact","NA","NA"
"153","Digital transfer","Projet de Digitalisation du transfert des matériels.","06/07/2024","13/06/2025","001","*Soumission*","active","Digital","0","SBU Mining Khouribga","Soumission","06/07/2024","NA","Operating Model (situation visant à améliorer, optimiser ou changer des process, pratiques ou organisations de travail)","Categorization","NA","NA","Ideation","NA","NA","Ideation | Demo Day ","NA","NA","Development","NA","NA","Business | Incubation","NA","NA","Business | Pre-Hacking Committee ","NA","NA","Business | Hacking Committee","NA","NA","Business | Acceleration","NA","NA","Business | Pre-Impact Committee","NA","NA","Business | Impact Committee","NA","NA","Business | Impact","NA","NA","Business | Series B","NA","NA","OM | Incubation","NA","NA","OM | Pre-Hacking Committee","NA","NA","OM | Hacking Committee","NA","NA","OM | Acceleration","NA","NA","OM | Pre-Impact Committee ","NA","NA","OM | Impact Committee","NA","NA","OM | Impact","NA","Ecosystem | Incubation","NA","NA","Ecosystem | Pre-Hacking Committee","NA","NA","Ecosystem | Hacking Committee","NA","NA","Ecosystem | Acceleration","NA","NA","Ecosystem | Pre-Impact Committee ","NA","NA","Ecosystem | Impact Committee","NA","NA","Ecosystem | Impact","NA","NA"
"154","PAPER","Développer des process pour l'optimisation de la consommation et lrécupération d'energie dans les process industriels des sites chimiques","06/07/2024","13/06/2025","001","*Soumission*","active","Energy Solutions","0","SBU Manufacturig Safi","Soumission","06/07/2024","NA","Operating Model (situation visant à améliorer, optimiser ou changer des process, pratiques ou organisations de travail)","Categorization","NA","NA","Ideation","NA","NA","Ideation | Demo Day ","NA","NA","Development","NA","NA","Business | Incubation","NA","NA","Business | Pre-Hacking Committee ","NA","NA","Business | Hacking Committee","NA","NA","Business | Acceleration","NA","NA","Business | Pre-Impact Committee","NA","NA","Business | Impact Committee","NA","NA","Business | Impact","NA","NA","Business | Series B","NA","NA","OM | Incubation","NA","NA","OM | Pre-Hacking Committee","NA","NA","OM | Hacking Committee","NA","NA","OM | Acceleration","NA","NA","OM | Pre-Impact Committee ","NA","NA","OM | Impact Committee","NA","NA","OM | Impact","NA","Ecosystem | Incubation","NA","NA","Ecosystem | Pre-Hacking Committee","NA","NA","Ecosystem | Hacking Committee","NA","NA","Ecosystem | Acceleration","NA","NA","Ecosystem | Pre-Impact Committee ","NA","NA","Ecosystem | Impact Committee","NA","NA","Ecosystem | Impact","NA","NA"
"156","AirPhos","L’air est la source de vie, et de transport sans pollution. Ma proposition le changement des processus et procédure d'extraction du phosphate en adoptant des nouvelles méthodes de production afin de minimiser le prix de revient et de maximise le tonnage.","06/07/2024","25/06/2025","001","Ideation","active","Energy Solutions","0","SBU Mining Gantour","Soumission","06/07/2024","11/07/2024","Business (situation visant à générer des revenus)","Categorization","NA","NA","Ideation","11/07/2024","NA","Ideation | Demo Day ","NA","NA","Development","NA","NA","Business | Incubation","NA","NA","Business | Pre-Hacking Committee ","NA","NA","Business | Hacking Committee","NA","NA","Business | Acceleration","NA","NA","Business | Pre-Impact Committee","NA","NA","Business | Impact Committee","NA","NA","Business | Impact","NA","NA","Business | Series B","NA","NA","OM | Incubation","NA","NA","OM | Pre-Hacking Committee","NA","NA","OM | Hacking Committee","NA","NA","OM | Acceleration","NA","NA","OM | Pre-Impact Committee ","NA","NA","OM | Impact Committee","NA","NA","OM | Impact","NA","Ecosystem | Incubation","NA","NA","Ecosystem | Pre-Hacking Committee","NA","NA","Ecosystem | Hacking Committee","NA","NA","Ecosystem | Acceleration","NA","NA","Ecosystem | Pre-Impact Committee ","NA","NA","Ecosystem | Impact Committee","NA","NA","Ecosystem | Impact","NA","NA"
"157","OCP hydro","L'hydraponie offre un potentiel immense pour améliorer la productivité agricole, la préservation de l'eau, la résilience des plantes face aux changements climatiques.","06/07/2024","13/06/2025","003","Ideation","active","Sustainability","0","SBU Manufacturing  ","Soumission","06/07/2024","13/07/2024","Ecosystème (situation visant à créer de la valeur avec l’écosystème du groupe)","Categorization","NA","NA","Ideation","13/07/2024","NA","Ideation | Demo Day ","NA","NA","Development","NA","NA","Business | Incubation","NA","NA","Business | Pre-Hacking Committee ","NA","NA","Business | Hacking Committee","NA","NA","Business | Acceleration","NA","NA","Business | Pre-Impact Committee","NA","NA","Business | Impact Committee","NA","NA","Business | Impact","NA","NA","Business | Series B","NA","NA","OM | Incubation","NA","NA","OM | Pre-Hacking Committee","NA","NA","OM | Hacking Committee","NA","NA","OM | Acceleration","NA","NA","OM | Pre-Impact Committee ","NA","NA","OM | Impact Committee","NA","NA","OM | Impact","NA","Ecosystem | Incubation","NA","NA","Ecosystem | Pre-Hacking Committee","NA","NA","Ecosystem | Hacking Committee","NA","NA","Ecosystem | Acceleration","NA","NA","Ecosystem | Pre-Impact Committee ","NA","NA","Ecosystem | Impact Committee","NA","NA","Ecosystem | Impact","NA","NA"
"159","OCP Green Farm","Création d'une ferme modèle OCP à double vocation, à la fois un centre d'excellence gratuit pour les agriculteurs et une destination agrotouristique ludique de qualité pour le public (touristes, amateurs d'agriculture, écoles et universités...)_x000D_
","06/07/2024","13/06/2025","001","Ideation","active","Sustainability","0","SBU Manufacturing","Soumission","06/07/2024","15/07/2024","Ecosystème (situation visant à créer de la valeur avec l’écosystème du groupe)","Categorization","NA","NA","Ideation","15/07/2024","NA","Ideation | Demo Day ","NA","NA","Development","NA","NA","Business | Incubation","NA","NA","Business | Pre-Hacking Committee ","NA","NA","Business | Hacking Committee","NA","NA","Business | Acceleration","NA","NA","Business | Pre-Impact Committee","NA","NA","Business | Impact Committee","NA","NA","Business | Impact","NA","NA","Business | Series B","NA","NA","OM | Incubation","NA","NA","OM | Pre-Hacking Committee","NA","NA","OM | Hacking Committee","NA","NA","OM | Acceleration","NA","NA","OM | Pre-Impact Committee ","NA","NA","OM | Impact Committee","NA","NA","OM | Impact","NA","Ecosystem | Incubation","NA","NA","Ecosystem | Pre-Hacking Committee","NA","NA","Ecosystem | Hacking Committee","NA","NA","Ecosystem | Acceleration","NA","NA","Ecosystem | Pre-Impact Committee ","NA","NA","Ecosystem | Impact Committee","NA","NA","Ecosystem | Impact","NA","NA"
"161","XPAIRS","Plateforme digitale qui relie les collaborateurs à leurs pairs experts dans différentes filières métiers. Elle offre la possibilité aux collaborateurs experts de créer leur profil mettant en avant leur(s) domaine(s) d'expertise.","06/07/2024","13/06/2025","007","Development","active","Talent Development","0","SBU Manufacturing  ","Soumission","06/07/2024","NA","Operating Model (situation visant à améliorer, optimiser ou changer des process, pratiques ou organisations de travail)","Categorization","NA","NA","Ideation","15/09/2024","15/09/2024","Ideation | Demo Day ","24/09/2024","24/09/2024","Development","25/09/2024","NA","Business | Incubation","NA","NA","Business | Pre-Hacking Committee ","NA","NA","Business | Hacking Committee","NA","NA","Business | Acceleration","NA","NA","Business | Pre-Impact Committee","NA","NA","Business | Impact Committee","NA","NA","Business | Impact","NA","NA","Business | Series B","NA","NA","OM | Incubation","NA","NA","OM | Pre-Hacking Committee","NA","NA","OM | Hacking Committee","NA","NA","OM | Acceleration","NA","NA","OM | Pre-Impact Committee ","NA","NA","OM | Impact Committee","NA","NA","OM | Impact","NA","Ecosystem | Incubation","NA","NA","Ecosystem | Pre-Hacking Committee","NA","NA","Ecosystem | Hacking Committee","NA","NA","Ecosystem | Acceleration","NA","NA","Ecosystem | Pre-Impact Committee ","NA","NA","Ecosystem | Impact Committee","NA","NA","Ecosystem | Impact","NA","NA"
"162","YubaPhos","Using microorganisms to extract valuable metals from our phosphate deposit. It is an eco-friendly technology that exploits the natural ability of certain bacteria and archaea to metabolize metal compounds","06/07/2024","13/06/2025","001","Ideation","active","Mining Solutions","0","SBU Mining ","Soumission","06/07/2024","28/10/2024","Business (situation visant à générer des revenus)","Categorization","NA","NA","Ideation","26/11/2024","NA","Ideation | Demo Day ","NA","NA","Development","NA","NA","Business | Incubation","NA","NA","Business | Pre-Hacking Committee ","NA","NA","Business | Hacking Committee","NA","NA","Business | Acceleration","NA","NA","Business | Pre-Impact Committee","NA","NA","Business | Impact Committee","NA","NA","Business | Impact","NA","NA","Business | Series B","NA","NA","OM | Incubation","NA","NA","OM | Pre-Hacking Committee","NA","NA","OM | Hacking Committee","NA","NA","OM | Acceleration","NA","NA","OM | Pre-Impact Committee ","NA","NA","OM | Impact Committee","NA","NA","OM | Impact","NA","Ecosystem | Incubation","NA","NA","Ecosystem | Pre-Hacking Committee","NA","NA","Ecosystem | Hacking Committee","NA","NA","Ecosystem | Acceleration","NA","NA","Ecosystem | Pre-Impact Committee ","NA","NA","Ecosystem | Impact Committee","NA","NA","Ecosystem | Impact","NA","NA"
"163","Rock","","06/07/2024","21/06/2025","001","Ideation","active","Health & Safety","0","SBU Mining ","Soumission","06/07/2024","NA","Operating Model (situation visant à améliorer, optimiser ou changer des process, pratiques ou organisations de travail)","Categorization","NA","NA","Ideation","30/05/2025","NA","Ideation | Demo Day ","NA","NA","Development","NA","NA","Business | Incubation","NA","NA","Business | Pre-Hacking Committee ","NA","NA","Business | Hacking Committee","NA","NA","Business | Acceleration","NA","NA","Business | Pre-Impact Committee","NA","NA","Business | Impact Committee","NA","NA","Business | Impact","NA","NA","Business | Series B","NA","NA","OM | Incubation","NA","NA","OM | Pre-Hacking Committee","NA","NA","OM | Hacking Committee","NA","NA","OM | Acceleration","NA","NA","OM | Pre-Impact Committee ","NA","NA","OM | Impact Committee","NA","NA","OM | Impact","NA","Ecosystem | Incubation","NA","NA","Ecosystem | Pre-Hacking Committee","NA","NA","Ecosystem | Hacking Committee","NA","NA","Ecosystem | Acceleration","NA","NA","Ecosystem | Pre-Impact Committee ","NA","NA","Ecosystem | Impact Committee","NA","NA","Ecosystem | Impact","NA","NA"
"167","Traitement des surfaces @OCP","Traitement de surface des métaux à base de phosphatation au manganèse ou zinc","06/07/2024","13/06/2025","001","*Soumission*","active","Optimisation industrielle","0","SBU Manufacturig Safi","Soumission","06/07/2024","NA","Business (situation visant à générer des revenus)","Categorization","NA","NA","Ideation","NA","NA","Ideation | Demo Day ","NA","NA","Development","NA","NA","Business | Incubation","NA","NA","Business | Pre-Hacking Committee ","NA","NA","Business | Hacking Committee","NA","NA","Business | Acceleration","NA","NA","Business | Pre-Impact Committee","NA","NA","Business | Impact Committee","NA","NA","Business | Impact","NA","NA","Business | Series B","NA","NA","OM | Incubation","NA","NA","OM | Pre-Hacking Committee","NA","NA","OM | Hacking Committee","NA","NA","OM | Acceleration","NA","NA","OM | Pre-Impact Committee ","NA","NA","OM | Impact Committee","NA","NA","OM | Impact","NA","Ecosystem | Incubation","NA","NA","Ecosystem | Pre-Hacking Committee","NA","NA","Ecosystem | Hacking Committee","NA","NA","Ecosystem | Acceleration","NA","NA","Ecosystem | Pre-Impact Committee ","NA","NA","Ecosystem | Impact Committee","NA","NA","Ecosystem | Impact","NA","NA"
"168","e-learning","Création d'une plateforme e-learning","06/07/2024","13/06/2025","001","*Soumission*","active","Digital","0","SBU Mining Gantour","Soumission","06/07/2024","NA","Operating Model (situation visant à améliorer, optimiser ou changer des process, pratiques ou organisations de travail)","Categorization","NA","NA","Ideation","NA","NA","Ideation | Demo Day ","NA","NA","Development","NA","NA","Business | Incubation","NA","NA","Business | Pre-Hacking Committee ","NA","NA","Business | Hacking Committee","NA","NA","Business | Acceleration","NA","NA","Business | Pre-Impact Committee","NA","NA","Business | Impact Committee","NA","NA","Business | Impact","NA","NA","Business | Series B","NA","NA","OM | Incubation","NA","NA","OM | Pre-Hacking Committee","NA","NA","OM | Hacking Committee","NA","NA","OM | Acceleration","NA","NA","OM | Pre-Impact Committee ","NA","NA","OM | Impact Committee","NA","NA","OM | Impact","NA","Ecosystem | Incubation","NA","NA","Ecosystem | Pre-Hacking Committee","NA","NA","Ecosystem | Hacking Committee","NA","NA","Ecosystem | Acceleration","NA","NA","Ecosystem | Pre-Impact Committee ","NA","NA","Ecosystem | Impact Committee","NA","NA","Ecosystem | Impact","NA","NA"
"169","HSEHI Academy","Création d'une academie de gouvernance hygiène sécurité environnement Humains et Industriels (AGHSEHI)","06/07/2024","13/06/2025","001","*Soumission*","active","Health & Safety","0","SBU Manufacturing Jorf","Soumission","06/07/2024","NA","Business (situation visant à générer des revenus)","Categorization","NA","NA","Ideation","NA","NA","Ideation | Demo Day ","NA","NA","Development","NA","NA","Business | Incubation","NA","NA","Business | Pre-Hacking Committee ","NA","NA","Business | Hacking Committee","NA","NA","Business | Acceleration","NA","NA","Business | Pre-Impact Committee","NA","NA","Business | Impact Committee","NA","NA","Business | Impact","NA","NA","Business | Series B","NA","NA","OM | Incubation","NA","NA","OM | Pre-Hacking Committee","NA","NA","OM | Hacking Committee","NA","NA","OM | Acceleration","NA","NA","OM | Pre-Impact Committee ","NA","NA","OM | Impact Committee","NA","NA","OM | Impact","NA","Ecosystem | Incubation","NA","NA","Ecosystem | Pre-Hacking Committee","NA","NA","Ecosystem | Hacking Committee","NA","NA","Ecosystem | Acceleration","NA","NA","Ecosystem | Pre-Impact Committee ","NA","NA","Ecosystem | Impact Committee","NA","NA","Ecosystem | Impact","NA","NA"
"174","AgileMES & FleetPro Systems","La situation actuelle est marquée par le succès de l'implémentation de l'ERP SAP. Cependant, pour répondre aux contraintes opérationnelles sur le terrain et afin de compléter le schéma ISA95, il est impératif de développer une solution MES (Manufacturing ","06/07/2024","21/06/2025","001","Ideation","active","Digital","0","SBU Manufacturing Jorf","Soumission","06/07/2024","NA","Business (situation visant à générer des revenus)","Categorization","NA","NA","Ideation","30/05/2025","NA","Ideation | Demo Day ","NA","NA","Development","NA","NA","Business | Incubation","NA","NA","Business | Pre-Hacking Committee ","NA","NA","Business | Hacking Committee","NA","NA","Business | Acceleration","NA","NA","Business | Pre-Impact Committee","NA","NA","Business | Impact Committee","NA","NA","Business | Impact","NA","NA","Business | Series B","NA","NA","OM | Incubation","NA","NA","OM | Pre-Hacking Committee","NA","NA","OM | Hacking Committee","NA","NA","OM | Acceleration","NA","NA","OM | Pre-Impact Committee ","NA","NA","OM | Impact Committee","NA","NA","OM | Impact","NA","Ecosystem | Incubation","NA","NA","Ecosystem | Pre-Hacking Committee","NA","NA","Ecosystem | Hacking Committee","NA","NA","Ecosystem | Acceleration","NA","NA","Ecosystem | Pre-Impact Committee ","NA","NA","Ecosystem | Impact Committee","NA","NA","Ecosystem | Impact","NA","NA"
"175","AutoQuality system","In-Line Automatic Quality Analyzer System","06/07/2024","13/06/2025","001","*Soumission*","active","Digital","0","SBU Manufacturing Jorf","Soumission","06/07/2024","NA","Operating Model (situation visant à améliorer, optimiser ou changer des process, pratiques ou organisations de travail)","Categorization","NA","NA","Ideation","NA","NA","Ideation | Demo Day ","NA","NA","Development","NA","NA","Business | Incubation","NA","NA","Business | Pre-Hacking Committee ","NA","NA","Business | Hacking Committee","NA","NA","Business | Acceleration","NA","NA","Business | Pre-Impact Committee","NA","NA","Business | Impact Committee","NA","NA","Business | Impact","NA","NA","Business | Series B","NA","NA","OM | Incubation","NA","NA","OM | Pre-Hacking Committee","NA","NA","OM | Hacking Committee","NA","NA","OM | Acceleration","NA","NA","OM | Pre-Impact Committee ","NA","NA","OM | Impact Committee","NA","NA","OM | Impact","NA","Ecosystem | Incubation","NA","NA","Ecosystem | Pre-Hacking Committee","NA","NA","Ecosystem | Hacking Committee","NA","NA","Ecosystem | Acceleration","NA","NA","Ecosystem | Pre-Impact Committee ","NA","NA","Ecosystem | Impact Committee","NA","NA","Ecosystem | Impact","NA","NA"
"176","Disease Checker","Disease Checker is a comprehensive healthcare platform designed to enhance patient care through innovative technology, including teleconsultations, AI-powered diagnosis, and personalized health management tools.","06/07/2024","13/06/2025","001","Development","active","Health & Safety","0","SBU Mining  ","Soumission","06/07/2024","17/07/2024","Business (situation visant à générer des revenus)","Categorization","NA","NA","Ideation","17/07/2024","30/11/2024","Ideation | Demo Day ","06/12/2024","06/12/2024","Development","18/12/2024","NA","Business | Incubation","NA","NA","Business | Pre-Hacking Committee ","NA","NA","Business | Hacking Committee","NA","NA","Business | Acceleration","NA","NA","Business | Pre-Impact Committee","NA","NA","Business | Impact Committee","NA","NA","Business | Impact","NA","NA","Business | Series B","NA","NA","OM | Incubation","NA","NA","OM | Pre-Hacking Committee","NA","NA","OM | Hacking Committee","NA","NA","OM | Acceleration","NA","NA","OM | Pre-Impact Committee ","NA","NA","OM | Impact Committee","NA","NA","OM | Impact","NA","Ecosystem | Incubation","NA","NA","Ecosystem | Pre-Hacking Committee","NA","NA","Ecosystem | Hacking Committee","NA","NA","Ecosystem | Acceleration","NA","NA","Ecosystem | Pre-Impact Committee ","NA","NA","Ecosystem | Impact Committee","NA","NA","Ecosystem | Impact","NA","NA"
"177","tacit knowledge management","Proposition de mise en place de plusieurs règles, processus et outils afin de capitaliser sur le savoir faire des talents/ressources du groupe dans un environnement en perpetuel changement","06/07/2024","13/06/2025","001","Ideation","active","Knowledge Management","0","Corporate","Soumission","06/07/2024","30/07/2024","Operating Model (situation visant à améliorer, optimiser ou changer des process, pratiques ou organisations de travail)","Categorization","NA","NA","Ideation","30/07/2024","NA","Ideation | Demo Day ","NA","NA","Development","NA","NA","Business | Incubation","NA","NA","Business | Pre-Hacking Committee ","NA","NA","Business | Hacking Committee","NA","NA","Business | Acceleration","NA","NA","Business | Pre-Impact Committee","NA","NA","Business | Impact Committee","NA","NA","Business | Impact","NA","NA","Business | Series B","NA","NA","OM | Incubation","NA","NA","OM | Pre-Hacking Committee","NA","NA","OM | Hacking Committee","NA","NA","OM | Acceleration","NA","NA","OM | Pre-Impact Committee ","NA","NA","OM | Impact Committee","NA","NA","OM | Impact","NA","Ecosystem | Incubation","NA","NA","Ecosystem | Pre-Hacking Committee","NA","NA","Ecosystem | Hacking Committee","NA","NA","Ecosystem | Acceleration","NA","NA","Ecosystem | Pre-Impact Committee ","NA","NA","Ecosystem | Impact Committee","NA","NA","Ecosystem | Impact","NA","NA"
"178","Efficacité énergétique","Dans le cadre de l'efficience énergétique, les énergies renouvelables sont un axe majeur de la recherche scientifique. Cela inclut la réduction de la dépendance énergétique, la réduction des coûts et la promotion du développement durable. À cet égard, nou","06/07/2024","13/06/2025","004","Ideation","active","Energy Solutions","0","SBU Mining Khouribga","Soumission","06/07/2024","25/11/2024","Ecosystème (situation visant à créer de la valeur avec l’écosystème du groupe)","Categorization","NA","NA","Ideation","26/11/2024","NA","Ideation | Demo Day ","NA","NA","Development","NA","NA","Business | Incubation","NA","NA","Business | Pre-Hacking Committee ","NA","NA","Business | Hacking Committee","NA","NA","Business | Acceleration","NA","NA","Business | Pre-Impact Committee","NA","NA","Business | Impact Committee","NA","NA","Business | Impact","NA","NA","Business | Series B","NA","NA","OM | Incubation","NA","NA","OM | Pre-Hacking Committee","NA","NA","OM | Hacking Committee","NA","NA","OM | Acceleration","NA","NA","OM | Pre-Impact Committee ","NA","NA","OM | Impact Committee","NA","NA","OM | Impact","NA","Ecosystem | Incubation","NA","NA","Ecosystem | Pre-Hacking Committee","NA","NA","Ecosystem | Hacking Committee","NA","NA","Ecosystem | Acceleration","NA","NA","Ecosystem | Pre-Impact Committee ","NA","NA","Ecosystem | Impact Committee","NA","NA","Ecosystem | Impact","NA","NA"
"180","Green Logistics","La logistique verte dans le cadre d'investissement vert","06/07/2024","13/06/2025","001","*Soumission*","active","Sustainability","0","SBU Mining Phosboucraa","Soumission","06/07/2024","NA","Business (situation visant à générer des revenus)","Categorization","NA","NA","Ideation","NA","NA","Ideation | Demo Day ","NA","NA","Development","NA","NA","Business | Incubation","NA","NA","Business | Pre-Hacking Committee ","NA","NA","Business | Hacking Committee","NA","NA","Business | Acceleration","NA","NA","Business | Pre-Impact Committee","NA","NA","Business | Impact Committee","NA","NA","Business | Impact","NA","NA","Business | Series B","NA","NA","OM | Incubation","NA","NA","OM | Pre-Hacking Committee","NA","NA","OM | Hacking Committee","NA","NA","OM | Acceleration","NA","NA","OM | Pre-Impact Committee ","NA","NA","OM | Impact Committee","NA","NA","OM | Impact","NA","Ecosystem | Incubation","NA","NA","Ecosystem | Pre-Hacking Committee","NA","NA","Ecosystem | Hacking Committee","NA","NA","Ecosystem | Acceleration","NA","NA","Ecosystem | Pre-Impact Committee ","NA","NA","Ecosystem | Impact Committee","NA","NA","Ecosystem | Impact","NA","NA"
"186","coopératives نعاونو","Aider les coopératives à vendre leurs produits à travers la mise en place drs moyens pour vendre les produits des cooperatives ainsi de mettre à disposition  aux collaborateurs OCP ces produits.","06/07/2024","13/06/2025","004","Ideation","active","Ecosystem","0","SBU Manufacturig Safi","Soumission","06/07/2024","11/07/2024","Ecosystème (situation visant à créer de la valeur avec l’écosystème du groupe)","Categorization","NA","NA","Ideation","11/07/2024","NA","Ideation | Demo Day ","NA","NA","Development","NA","NA","Business | Incubation","NA","NA","Business | Pre-Hacking Committee ","NA","NA","Business | Hacking Committee","NA","NA","Business | Acceleration","NA","NA","Business | Pre-Impact Committee","NA","NA","Business | Impact Committee","NA","NA","Business | Impact","NA","NA","Business | Series B","NA","NA","OM | Incubation","NA","NA","OM | Pre-Hacking Committee","NA","NA","OM | Hacking Committee","NA","NA","OM | Acceleration","NA","NA","OM | Pre-Impact Committee ","NA","NA","OM | Impact Committee","NA","NA","OM | Impact","NA","Ecosystem | Incubation","NA","NA","Ecosystem | Pre-Hacking Committee","NA","NA","Ecosystem | Hacking Committee","NA","NA","Ecosystem | Acceleration","NA","NA","Ecosystem | Pre-Impact Committee ","NA","NA","Ecosystem | Impact Committee","NA","NA","Ecosystem | Impact","NA","NA"
"189","FerricSul Synth Solutions","La synthèse de sulfate ferrique implique la solubilisation des cendres de pyrrhotine dans de l'acide sulfurique. Les cendres de pyrrhotite (Fe2O3), un déchet de l'ancien procédé de grillage de soufre, sont stockées en grande quantité au sud du site indust","06/07/2024","13/06/2025","005","Ideation","active","Fertilizers & Farmers Solutions","0","SBU Manufacturig Safi","Soumission","06/07/2024","13/07/2024","Business (situation visant à générer des revenus)","Categorization","NA","NA","Ideation","13/07/2024","NA","Ideation | Demo Day ","NA","NA","Development","NA","NA","Business | Incubation","NA","NA","Business | Pre-Hacking Committee ","NA","NA","Business | Hacking Committee","NA","NA","Business | Acceleration","NA","NA","Business | Pre-Impact Committee","NA","NA","Business | Impact Committee","NA","NA","Business | Impact","NA","NA","Business | Series B","NA","NA","OM | Incubation","NA","NA","OM | Pre-Hacking Committee","NA","NA","OM | Hacking Committee","NA","NA","OM | Acceleration","NA","NA","OM | Pre-Impact Committee ","NA","NA","OM | Impact Committee","NA","NA","OM | Impact","NA","Ecosystem | Incubation","NA","NA","Ecosystem | Pre-Hacking Committee","NA","NA","Ecosystem | Hacking Committee","NA","NA","Ecosystem | Acceleration","NA","NA","Ecosystem | Pre-Impact Committee ","NA","NA","Ecosystem | Impact Committee","NA","NA","Ecosystem | Impact","NA","NA"
"190","DigiBuild Project Management","Digitalisation de la gestion des projets de construction par l'introduction des outils BIM, Augmented and virtual reality, collecte de données, techniques de Big Data et Intelligence Artificielle.","06/07/2024","13/06/2025","009","Ideation","active","Digital","0","SBU Mining Khouribga","Soumission","06/07/2024","19/10/2024","Operating Model (situation visant à améliorer, optimiser ou changer des process, pratiques ou organisations de travail)","Categorization","NA","NA","Ideation","26/11/2024","NA","Ideation | Demo Day ","NA","NA","Development","NA","NA","Business | Incubation","NA","NA","Business | Pre-Hacking Committee ","NA","NA","Business | Hacking Committee","NA","NA","Business | Acceleration","NA","NA","Business | Pre-Impact Committee","NA","NA","Business | Impact Committee","NA","NA","Business | Impact","NA","NA","Business | Series B","NA","NA","OM | Incubation","NA","NA","OM | Pre-Hacking Committee","NA","NA","OM | Hacking Committee","NA","NA","OM | Acceleration","NA","NA","OM | Pre-Impact Committee ","NA","NA","OM | Impact Committee","NA","NA","OM | Impact","NA","Ecosystem | Incubation","NA","NA","Ecosystem | Pre-Hacking Committee","NA","NA","Ecosystem | Hacking Committee","NA","NA","Ecosystem | Acceleration","NA","NA","Ecosystem | Pre-Impact Committee ","NA","NA","Ecosystem | Impact Committee","NA","NA","Ecosystem | Impact","NA","NA"
"192","LegalInsight Hub","Le manque d'information juridique ou une mauvaise compréhension des principes de droit face à l'évolution digitale et à la montée en puissance des technologies de l'IA ont engendré un décalage entre l'utilisateur de l'information juridique et son environn","06/07/2024","21/06/2025","001","Ideation","active","Operating Model","0","SBU Manufacturing Jorf","Soumission","06/07/2024","NA","Operating Model (situation visant à améliorer, optimiser ou changer des process, pratiques ou organisations de travail)","Categorization","NA","NA","Ideation","30/05/2025","NA","Ideation | Demo Day ","NA","NA","Development","NA","NA","Business | Incubation","NA","NA","Business | Pre-Hacking Committee ","NA","NA","Business | Hacking Committee","NA","NA","Business | Acceleration","NA","NA","Business | Pre-Impact Committee","NA","NA","Business | Impact Committee","NA","NA","Business | Impact","NA","NA","Business | Series B","NA","NA","OM | Incubation","NA","NA","OM | Pre-Hacking Committee","NA","NA","OM | Hacking Committee","NA","NA","OM | Acceleration","NA","NA","OM | Pre-Impact Committee ","NA","NA","OM | Impact Committee","NA","NA","OM | Impact","NA","Ecosystem | Incubation","NA","NA","Ecosystem | Pre-Hacking Committee","NA","NA","Ecosystem | Hacking Committee","NA","NA","Ecosystem | Acceleration","NA","NA","Ecosystem | Pre-Impact Committee ","NA","NA","Ecosystem | Impact Committee","NA","NA","Ecosystem | Impact","NA","NA"
"193","OCP HOME"," La situation baptisée initialement  ""OCP Home"" aura pour mission d'accompagner les demandeurs ayant un besoin d'aménagement, d'ameublement, de design, construction, aménagement paysager pour leurs locaux afin de leur offrir une proposition étudiée par de","06/07/2024","21/06/2025","001","Ideation","active","Facility Management","0","SBU Manufacturing ","Soumission","06/07/2024","NA","Business (situation visant à générer des revenus)","Categorization","NA","NA","Ideation","30/05/2025","NA","Ideation | Demo Day ","NA","NA","Development","NA","NA","Business | Incubation","NA","NA","Business | Pre-Hacking Committee ","NA","NA","Business | Hacking Committee","NA","NA","Business | Acceleration","NA","NA","Business | Pre-Impact Committee","NA","NA","Business | Impact Committee","NA","NA","Business | Impact","NA","NA","Business | Series B","NA","NA","OM | Incubation","NA","NA","OM | Pre-Hacking Committee","NA","NA","OM | Hacking Committee","NA","NA","OM | Acceleration","NA","NA","OM | Pre-Impact Committee ","NA","NA","OM | Impact Committee","NA","NA","OM | Impact","NA","Ecosystem | Incubation","NA","NA","Ecosystem | Pre-Hacking Committee","NA","NA","Ecosystem | Hacking Committee","NA","NA","Ecosystem | Acceleration","NA","NA","Ecosystem | Pre-Impact Committee ","NA","NA","Ecosystem | Impact Committee","NA","NA","Ecosystem | Impact","NA","NA"
"199","OCP PipeTech","Création d'une activité de production de conduites en SVR de différents diamètres, destinées à des applications industrielles générales et spécifiques au sein du groupe OCP","06/07/2024","13/06/2025","001","*Soumission*","active","Optimisation industrielle","0","SBU Manufacturig Safi","Soumission","06/07/2024","NA","Business (situation visant à générer des revenus)","Categorization","NA","NA","Ideation","NA","NA","Ideation | Demo Day ","NA","NA","Development","NA","NA","Business | Incubation","NA","NA","Business | Pre-Hacking Committee ","NA","NA","Business | Hacking Committee","NA","NA","Business | Acceleration","NA","NA","Business | Pre-Impact Committee","NA","NA","Business | Impact Committee","NA","NA","Business | Impact","NA","NA","Business | Series B","NA","NA","OM | Incubation","NA","NA","OM | Pre-Hacking Committee","NA","NA","OM | Hacking Committee","NA","NA","OM | Acceleration","NA","NA","OM | Pre-Impact Committee ","NA","NA","OM | Impact Committee","NA","NA","OM | Impact","NA","Ecosystem | Incubation","NA","NA","Ecosystem | Pre-Hacking Committee","NA","NA","Ecosystem | Hacking Committee","NA","NA","Ecosystem | Acceleration","NA","NA","Ecosystem | Pre-Impact Committee ","NA","NA","Ecosystem | Impact Committee","NA","NA","Ecosystem | Impact","NA","NA"
"204","AntiSlip Conveyor System","un défi persistant auquel de nombreuses entreprises font face est le phénomène du patinage de la bande transporteuse. Ce problème, souvent négligé, peut engendrer des conséquences considérables, allant de l'usure prématurée de l'équipement à des temps d'a","06/07/2024","13/06/2025","001","*Soumission*","active","Optimisation industrielle","0","SBU Manufacturing Jorf","Soumission","06/07/2024","NA","Operating Model (situation visant à améliorer, optimiser ou changer des process, pratiques ou organisations de travail)","Categorization","NA","NA","Ideation","NA","NA","Ideation | Demo Day ","NA","NA","Development","NA","NA","Business | Incubation","NA","NA","Business | Pre-Hacking Committee ","NA","NA","Business | Hacking Committee","NA","NA","Business | Acceleration","NA","NA","Business | Pre-Impact Committee","NA","NA","Business | Impact Committee","NA","NA","Business | Impact","NA","NA","Business | Series B","NA","NA","OM | Incubation","NA","NA","OM | Pre-Hacking Committee","NA","NA","OM | Hacking Committee","NA","NA","OM | Acceleration","NA","NA","OM | Pre-Impact Committee ","NA","NA","OM | Impact Committee","NA","NA","OM | Impact","NA","Ecosystem | Incubation","NA","NA","Ecosystem | Pre-Hacking Committee","NA","NA","Ecosystem | Hacking Committee","NA","NA","Ecosystem | Acceleration","NA","NA","Ecosystem | Pre-Impact Committee ","NA","NA","Ecosystem | Impact Committee","NA","NA","Ecosystem | Impact","NA","NA"
"205","Barrage d'eau de mer / H2 vert","Barrage d'eau de mer et station de H2 vert  pour stockage d'énergie électrique excédentaire d'usine et Réduire l'empreinte carbone","06/07/2024","13/06/2025","005","Ideation","active","Energy Solutions","0","SBU Manufacturing Jorf","Soumission","06/07/2024","22/07/2024","Business (situation visant à générer des revenus)","Categorization","NA","NA","Ideation","22/07/2024","05/03/2025","Ideation | Demo Day ","NA","NA","Development","NA","NA","Business | Incubation","NA","NA","Business | Pre-Hacking Committee ","NA","NA","Business | Hacking Committee","NA","NA","Business | Acceleration","NA","NA","Business | Pre-Impact Committee","NA","NA","Business | Impact Committee","NA","NA","Business | Impact","NA","NA","Business | Series B","NA","NA","OM | Incubation","NA","NA","OM | Pre-Hacking Committee","NA","NA","OM | Hacking Committee","NA","NA","OM | Acceleration","NA","NA","OM | Pre-Impact Committee ","NA","NA","OM | Impact Committee","NA","NA","OM | Impact","NA","Ecosystem | Incubation","NA","NA","Ecosystem | Pre-Hacking Committee","NA","NA","Ecosystem | Hacking Committee","NA","NA","Ecosystem | Acceleration","NA","NA","Ecosystem | Pre-Impact Committee ","NA","NA","Ecosystem | Impact Committee","NA","NA","Ecosystem | Impact","NA","NA"
"207","Smart Farm","Digitaliser l'activité quotidienne des agriculteur marocains / Utiliser plus des énergies renouvelables dans l'acériculture marocaine Exemple: prototype d'une smart ferme","06/07/2024","13/06/2025","005","Ideation","active","Digital","0","SBU Mining ","Soumission","06/07/2024","21/10/2024","Business (situation visant à générer des revenus)","Categorization","NA","NA","Ideation","26/11/2024","NA","Ideation | Demo Day ","NA","NA","Development","NA","NA","Business | Incubation","NA","NA","Business | Pre-Hacking Committee ","NA","NA","Business | Hacking Committee","NA","NA","Business | Acceleration","NA","NA","Business | Pre-Impact Committee","NA","NA","Business | Impact Committee","NA","NA","Business | Impact","NA","NA","Business | Series B","NA","NA","OM | Incubation","NA","NA","OM | Pre-Hacking Committee","NA","NA","OM | Hacking Committee","NA","NA","OM | Acceleration","NA","NA","OM | Pre-Impact Committee ","NA","NA","OM | Impact Committee","NA","NA","OM | Impact","NA","Ecosystem | Incubation","NA","NA","Ecosystem | Pre-Hacking Committee","NA","NA","Ecosystem | Hacking Committee","NA","NA","Ecosystem | Acceleration","NA","NA","Ecosystem | Pre-Impact Committee ","NA","NA","Ecosystem | Impact Committee","NA","NA","Ecosystem | Impact","NA","NA"
"208","healthy people","Mise en place d'un centre de bien être au travail (alliant nutrition thérapeutique et autre types de thérapies) pour améliorer la santé et le bien être des collaborateurs","06/07/2024","13/06/2025","005","Ideation","active","Health & Safety","0","Corporate","Soumission","06/07/2024","28/08/2024","Operating Model (situation visant à améliorer, optimiser ou changer des process, pratiques ou organisations de travail)","Categorization","NA","NA","Ideation","28/08/2024","NA","Ideation | Demo Day ","NA","NA","Development","NA","NA","Business | Incubation","NA","NA","Business | Pre-Hacking Committee ","NA","NA","Business | Hacking Committee","NA","NA","Business | Acceleration","NA","NA","Business | Pre-Impact Committee","NA","NA","Business | Impact Committee","NA","NA","Business | Impact","NA","NA","Business | Series B","NA","NA","OM | Incubation","NA","NA","OM | Pre-Hacking Committee","NA","NA","OM | Hacking Committee","NA","NA","OM | Acceleration","NA","NA","OM | Pre-Impact Committee ","NA","NA","OM | Impact Committee","NA","NA","OM | Impact","NA","Ecosystem | Incubation","NA","NA","Ecosystem | Pre-Hacking Committee","NA","NA","Ecosystem | Hacking Committee","NA","NA","Ecosystem | Acceleration","NA","NA","Ecosystem | Pre-Impact Committee ","NA","NA","Ecosystem | Impact Committee","NA","NA","Ecosystem | Impact","NA","NA"
"213","AquaRecovery","AquaRecovery minimise l'impact des pertes et optimise l'énergie en récupérant et traitant 80 tonnes/heure de condensats contaminés chaudes des unités d'engrais, éliminant les traces de fuel pour les recycler et réduire la consommation d'eau déminéralisée","06/07/2024","13/06/2025","003","Ideation","active","Recycling & Waste Management","0","SBU Manufacturing Jorf","Soumission","06/07/2024","14/07/2024","Operating Model (situation visant à améliorer, optimiser ou changer des process, pratiques ou organisations de travail)","Categorization","NA","NA","Ideation","14/07/2024","NA","Ideation | Demo Day ","NA","NA","Development","NA","NA","Business | Incubation","NA","NA","Business | Pre-Hacking Committee ","NA","NA","Business | Hacking Committee","NA","NA","Business | Acceleration","NA","NA","Business | Pre-Impact Committee","NA","NA","Business | Impact Committee","NA","NA","Business | Impact","NA","NA","Business | Series B","NA","NA","OM | Incubation","NA","NA","OM | Pre-Hacking Committee","NA","NA","OM | Hacking Committee","NA","NA","OM | Acceleration","NA","NA","OM | Pre-Impact Committee ","NA","NA","OM | Impact Committee","NA","NA","OM | Impact","NA","Ecosystem | Incubation","NA","NA","Ecosystem | Pre-Hacking Committee","NA","NA","Ecosystem | Hacking Committee","NA","NA","Ecosystem | Acceleration","NA","NA","Ecosystem | Pre-Impact Committee ","NA","NA","Ecosystem | Impact Committee","NA","NA","Ecosystem | Impact","NA","NA"
"214","SKIMS","Une nouvelle solution (operating model & plate forme) du Learning & Compétence Management intégrée  basée sur une approche ""side-to-side effect"" intelligente, durable et efficace. Economise le temps, l'argent et la data et met le collaborateur au centre. ","06/07/2024","13/06/2025","003","Development","active","Talent Development","0","Corporate","Soumission","06/07/2024","12/07/2024","Business (situation visant à générer des revenus)","Categorization","NA","NA","Ideation","12/07/2024","15/09/2024","Ideation | Demo Day ","24/09/2024","24/09/2024","Development","25/09/2024","NA","Business | Incubation","NA","NA","Business | Pre-Hacking Committee ","NA","NA","Business | Hacking Committee","NA","NA","Business | Acceleration","NA","NA","Business | Pre-Impact Committee","NA","NA","Business | Impact Committee","NA","NA","Business | Impact","NA","NA","Business | Series B","NA","NA","OM | Incubation","NA","NA","OM | Pre-Hacking Committee","NA","NA","OM | Hacking Committee","NA","NA","OM | Acceleration","NA","NA","OM | Pre-Impact Committee ","NA","NA","OM | Impact Committee","NA","NA","OM | Impact","NA","Ecosystem | Incubation","NA","NA","Ecosystem | Pre-Hacking Committee","NA","NA","Ecosystem | Hacking Committee","NA","NA","Ecosystem | Acceleration","NA","NA","Ecosystem | Pre-Impact Committee ","NA","NA","Ecosystem | Impact Committee","NA","NA","Ecosystem | Impact","NA","NA"
"216","OdorOx CleanAir","Développement d'un nouveau produit pour traitement des odeurs par oxydation chimique en phase gazeuse homogène pour réduire les nuisances olfactives dans les usines de fabrication d'engrais superphosphates, améliorant ainsi l'environnement et la qualité d","06/07/2024","14/06/2025","004","Ideation","active","Ecosystem","0","SBU Manufacturig Safi","Soumission","06/07/2024","24/07/2024","Ecosystème (situation visant à créer de la valeur avec l’écosystème du groupe)","Categorization","NA","NA","Ideation","24/07/2024","14/06/2025","Ideation | Demo Day ","NA","NA","Development","NA","NA","Business | Incubation","NA","NA","Business | Pre-Hacking Committee ","NA","NA","Business | Hacking Committee","NA","NA","Business | Acceleration","NA","NA","Business | Pre-Impact Committee","NA","NA","Business | Impact Committee","NA","NA","Business | Impact","NA","NA","Business | Series B","NA","NA","OM | Incubation","NA","NA","OM | Pre-Hacking Committee","NA","NA","OM | Hacking Committee","NA","NA","OM | Acceleration","NA","NA","OM | Pre-Impact Committee ","NA","NA","OM | Impact Committee","NA","NA","OM | Impact","NA","Ecosystem | Incubation","NA","NA","Ecosystem | Pre-Hacking Committee","NA","NA","Ecosystem | Hacking Committee","NA","NA","Ecosystem | Acceleration","NA","NA","Ecosystem | Pre-Impact Committee ","NA","NA","Ecosystem | Impact Committee","NA","NA","Ecosystem | Impact","NA","NA"
"217","SolP4","La situation consiste à fabriquer du P4 à partir du solaire thermique en collaboration avec GEP","06/07/2024","13/06/2025","001","Ideation","active","Sustainability","0","Corporate","Soumission","06/07/2024","01/08/2024","Business (situation visant à générer des revenus)","Categorization","NA","NA","Ideation","01/08/2024","NA","Ideation | Demo Day ","NA","NA","Development","NA","NA","Business | Incubation","NA","NA","Business | Pre-Hacking Committee ","NA","NA","Business | Hacking Committee","NA","NA","Business | Acceleration","NA","NA","Business | Pre-Impact Committee","NA","NA","Business | Impact Committee","NA","NA","Business | Impact","NA","NA","Business | Series B","NA","NA","OM | Incubation","NA","NA","OM | Pre-Hacking Committee","NA","NA","OM | Hacking Committee","NA","NA","OM | Acceleration","NA","NA","OM | Pre-Impact Committee ","NA","NA","OM | Impact Committee","NA","NA","OM | Impact","NA","Ecosystem | Incubation","NA","NA","Ecosystem | Pre-Hacking Committee","NA","NA","Ecosystem | Hacking Committee","NA","NA","Ecosystem | Acceleration","NA","NA","Ecosystem | Pre-Impact Committee ","NA","NA","Ecosystem | Impact Committee","NA","NA","Ecosystem | Impact","NA","NA"
"218","Hub Industriel d'hydrogéneVert","Ce projet transforme les engins de site khouribga en un modèle pionnier de décarbonation _x000D_
miniére grâce à une chaîne _x000D_
composé de parc solaire photovoltaïque et des électrolyseurs, _x000D_
nous produirons localement de  l'hydrogène comme carburant vert  .","06/07/2024","13/06/2025","009","Ideation","active","Energy Solutions","0","SBU Mining Khouribga","Soumission","06/07/2024","05/05/2025","Ecosystème (situation visant à créer de la valeur avec l’écosystème du groupe)","Categorization","NA","NA","Ideation","16/05/2025","NA","Ideation | Demo Day ","NA","NA","Development","NA","NA","Business | Incubation","NA","NA","Business | Pre-Hacking Committee ","NA","NA","Business | Hacking Committee","NA","NA","Business | Acceleration","NA","NA","Business | Pre-Impact Committee","NA","NA","Business | Impact Committee","NA","NA","Business | Impact","NA","NA","Business | Series B","NA","NA","OM | Incubation","NA","NA","OM | Pre-Hacking Committee","NA","NA","OM | Hacking Committee","NA","NA","OM | Acceleration","NA","NA","OM | Pre-Impact Committee ","NA","NA","OM | Impact Committee","NA","NA","OM | Impact","NA","Ecosystem | Incubation","NA","NA","Ecosystem | Pre-Hacking Committee","NA","NA","Ecosystem | Hacking Committee","NA","NA","Ecosystem | Acceleration","NA","NA","Ecosystem | Pre-Impact Committee ","NA","NA","Ecosystem | Impact Committee","NA","NA","Ecosystem | Impact","NA","NA"
"220","Break Delivery","Our startup aims to provide affordable, healthy, and balanced breakfasts and snacks directly at the desalination unit site, with exclusive sourcing from local women and men, cooperatives, and suppliers for the MVP of our project. The goal is to create a s","06/07/2024","16/06/2025","011","Business | Acceleration","active","Health & Safety","0","SBU Manufacturig Safi","Soumission","06/07/2024","15/07/2024","Operating Model (situation visant à améliorer, optimiser ou changer des process, pratiques ou organisations de travail)","Categorization","NA","NA","Ideation","15/07/2024","15/07/2024","Ideation | Demo Day ","20/07/2024","20/07/2024","Development","29/07/2024","NA","Business | Incubation","15/01/2025","16/01/2025","Business | Pre-Hacking Committee ","NA","NA","Business | Hacking Committee","16/01/2025","16/01/2025","Business | Acceleration","28/04/2025","NA","Business | Pre-Impact Committee","NA","NA","Business | Impact Committee","NA","NA","Business | Impact","NA","NA","Business | Series B","NA","NA","OM | Incubation","NA","NA","OM | Pre-Hacking Committee","NA","NA","OM | Hacking Committee","NA","NA","OM | Acceleration","NA","NA","OM | Pre-Impact Committee ","NA","NA","OM | Impact Committee","NA","NA","OM | Impact","NA","Ecosystem | Incubation","NA","NA","Ecosystem | Pre-Hacking Committee","NA","NA","Ecosystem | Hacking Committee","NA","NA","Ecosystem | Acceleration","NA","NA","Ecosystem | Pre-Impact Committee ","NA","NA","Ecosystem | Impact Committee","NA","NA","Ecosystem | Impact","NA","NA"
"221","H2Ommes","La situation vise à créer un centre de recherche sur la propagation du Water - Eau, la modélisation du fractale, en fonction des informations relatives à cet élément vital. ","06/07/2024","13/06/2025","001","*Soumission*","active","Talent Development","0","SBU Manufacturing Jorf","Soumission","06/07/2024","NA","Business (situation visant à générer des revenus)","Categorization","NA","NA","Ideation","NA","NA","Ideation | Demo Day ","NA","NA","Development","NA","NA","Business | Incubation","NA","NA","Business | Pre-Hacking Committee ","NA","NA","Business | Hacking Committee","NA","NA","Business | Acceleration","NA","NA","Business | Pre-Impact Committee","NA","NA","Business | Impact Committee","NA","NA","Business | Impact","NA","NA","Business | Series B","NA","NA","OM | Incubation","NA","NA","OM | Pre-Hacking Committee","NA","NA","OM | Hacking Committee","NA","NA","OM | Acceleration","NA","NA","OM | Pre-Impact Committee ","NA","NA","OM | Impact Committee","NA","NA","OM | Impact","NA","Ecosystem | Incubation","NA","NA","Ecosystem | Pre-Hacking Committee","NA","NA","Ecosystem | Hacking Committee","NA","NA","Ecosystem | Acceleration","NA","NA","Ecosystem | Pre-Impact Committee ","NA","NA","Ecosystem | Impact Committee","NA","NA","Ecosystem | Impact","NA","NA"
"222","FOOD'X","La situation vise à produire à l’échelle industrielle des ingrédients à forte valeur ajoutée pour l'industrie alimentaire et d’autres secteurs, en valorisant les denrées agricoles, tout en développant des produits alimentaires innovants pour divers marché","06/07/2024","13/06/2025","001","Ideation","active","Agroalimentaire","0","Corporate","Soumission","06/07/2024","22/02/2025","Business (situation visant à générer des revenus)","Categorization","NA","NA","Ideation","26/02/2025","NA","Ideation | Demo Day ","NA","NA","Development","NA","NA","Business | Incubation","NA","NA","Business | Pre-Hacking Committee ","NA","NA","Business | Hacking Committee","NA","NA","Business | Acceleration","NA","NA","Business | Pre-Impact Committee","NA","NA","Business | Impact Committee","NA","NA","Business | Impact","NA","NA","Business | Series B","NA","NA","OM | Incubation","NA","NA","OM | Pre-Hacking Committee","NA","NA","OM | Hacking Committee","NA","NA","OM | Acceleration","NA","NA","OM | Pre-Impact Committee ","NA","NA","OM | Impact Committee","NA","NA","OM | Impact","NA","Ecosystem | Incubation","NA","NA","Ecosystem | Pre-Hacking Committee","NA","NA","Ecosystem | Hacking Committee","NA","NA","Ecosystem | Acceleration","NA","NA","Ecosystem | Pre-Impact Committee ","NA","NA","Ecosystem | Impact Committee","NA","NA","Ecosystem | Impact","NA","NA"
"225","OC’ Plantarium","Établissement d'une chaîne d'approvisionnement écologique avec des pépinières spécialisées dans la production et la vente de cactus, de fleurs rares et de plantes d'intérieur à faible consommation d'eau, adaptées au climat sec de Benguerir. Les pots en cé","06/07/2024","13/06/2025","001","*Soumission*","active","Sustainability","0","SBU Mining Gantour","Soumission","06/07/2024","NA","Business (situation visant à générer des revenus)","Categorization","NA","NA","Ideation","NA","NA","Ideation | Demo Day ","NA","NA","Development","NA","NA","Business | Incubation","NA","NA","Business | Pre-Hacking Committee ","NA","NA","Business | Hacking Committee","NA","NA","Business | Acceleration","NA","NA","Business | Pre-Impact Committee","NA","NA","Business | Impact Committee","NA","NA","Business | Impact","NA","NA","Business | Series B","NA","NA","OM | Incubation","NA","NA","OM | Pre-Hacking Committee","NA","NA","OM | Hacking Committee","NA","NA","OM | Acceleration","NA","NA","OM | Pre-Impact Committee ","NA","NA","OM | Impact Committee","NA","NA","OM | Impact","NA","Ecosystem | Incubation","NA","NA","Ecosystem | Pre-Hacking Committee","NA","NA","Ecosystem | Hacking Committee","NA","NA","Ecosystem | Acceleration","NA","NA","Ecosystem | Pre-Impact Committee ","NA","NA","Ecosystem | Impact Committee","NA","NA","Ecosystem | Impact","NA","NA"
"228","AquaNourishFlow","La situation AquaNourishFlow propose de lancer la production et la distribution d'engrais liquides en relevant des défis majeurs de la nutrition customisée, du développement de l'irrigation de précision et de l'agriculture durable. ","06/07/2024","13/06/2025","006","Ideation","active","Fertilizers & Farmers Solutions","0","SBU Manufacturing Jorf","Soumission","06/07/2024","11/07/2024","Business (situation visant à générer des revenus)","Categorization","NA","NA","Ideation","11/07/2024","NA","Ideation | Demo Day ","NA","NA","Development","NA","NA","Business | Incubation","NA","NA","Business | Pre-Hacking Committee ","NA","NA","Business | Hacking Committee","NA","NA","Business | Acceleration","NA","NA","Business | Pre-Impact Committee","NA","NA","Business | Impact Committee","NA","NA","Business | Impact","NA","NA","Business | Series B","NA","NA","OM | Incubation","NA","NA","OM | Pre-Hacking Committee","NA","NA","OM | Hacking Committee","NA","NA","OM | Acceleration","NA","NA","OM | Pre-Impact Committee ","NA","NA","OM | Impact Committee","NA","NA","OM | Impact","NA","Ecosystem | Incubation","NA","NA","Ecosystem | Pre-Hacking Committee","NA","NA","Ecosystem | Hacking Committee","NA","NA","Ecosystem | Acceleration","NA","NA","Ecosystem | Pre-Impact Committee ","NA","NA","Ecosystem | Impact Committee","NA","NA","Ecosystem | Impact","NA","NA"
"233","DigInternship","Situation visant la facilitation de la communication avec les stagiaires effectuant leur stage au sein du groupe OCP à travers la digitalisation du processus d'accueil lors de la 1ère journée et aussi assurer leur inofrmation sur l'ensemble d'étapes de dé","06/07/2024","13/06/2025","002","Ideation","active","Digital","0","SBU Manufacturing Jorf","Soumission","06/07/2024","07/10/2024","Operating Model (situation visant à améliorer, optimiser ou changer des process, pratiques ou organisations de travail)","Categorization","NA","NA","Ideation","16/05/2025","NA","Ideation | Demo Day ","NA","NA","Development","NA","NA","Business | Incubation","NA","NA","Business | Pre-Hacking Committee ","NA","NA","Business | Hacking Committee","NA","NA","Business | Acceleration","NA","NA","Business | Pre-Impact Committee","NA","NA","Business | Impact Committee","NA","NA","Business | Impact","NA","NA","Business | Series B","NA","NA","OM | Incubation","NA","NA","OM | Pre-Hacking Committee","NA","NA","OM | Hacking Committee","NA","NA","OM | Acceleration","NA","NA","OM | Pre-Impact Committee ","NA","NA","OM | Impact Committee","NA","NA","OM | Impact","NA","Ecosystem | Incubation","NA","NA","Ecosystem | Pre-Hacking Committee","NA","NA","Ecosystem | Hacking Committee","NA","NA","Ecosystem | Acceleration","NA","NA","Ecosystem | Pre-Impact Committee ","NA","NA","Ecosystem | Impact Committee","NA","NA","Ecosystem | Impact","NA","NA"
"235","WellBeing Digital Ecosystem","La situation propose la création d'un écosystème numérique holistique basé sur l'IA offrant des programmes de bien-être sur mesure( coaching, nutrition, bien être,...), un suivi et des informations en temps réel sur la santé psychique des collaborateurs.","06/07/2024","13/06/2025","002","Ideation","active","Health & Safety","0","Corporate","Soumission","06/07/2024","22/07/2024","Operating Model (situation visant à améliorer, optimiser ou changer des process, pratiques ou organisations de travail)","Categorization","NA","NA","Ideation","22/07/2024","NA","Ideation | Demo Day ","NA","NA","Development","NA","NA","Business | Incubation","NA","NA","Business | Pre-Hacking Committee ","NA","NA","Business | Hacking Committee","NA","NA","Business | Acceleration","NA","NA","Business | Pre-Impact Committee","NA","NA","Business | Impact Committee","NA","NA","Business | Impact","NA","NA","Business | Series B","NA","NA","OM | Incubation","NA","NA","OM | Pre-Hacking Committee","NA","NA","OM | Hacking Committee","NA","NA","OM | Acceleration","NA","NA","OM | Pre-Impact Committee ","NA","NA","OM | Impact Committee","NA","NA","OM | Impact","NA","Ecosystem | Incubation","NA","NA","Ecosystem | Pre-Hacking Committee","NA","NA","Ecosystem | Hacking Committee","NA","NA","Ecosystem | Acceleration","NA","NA","Ecosystem | Pre-Impact Committee ","NA","NA","Ecosystem | Impact Committee","NA","NA","Ecosystem | Impact","NA","NA"
"237","Digi Draglines","Révision et digitalisation des draglines et installation ","06/07/2024","13/06/2025","001","*Soumission*","active","Digital","0","SBU Manufacturing Jorf","Soumission","06/07/2024","NA","Business (situation visant à générer des revenus)","Categorization","NA","NA","Ideation","NA","NA","Ideation | Demo Day ","NA","NA","Development","NA","NA","Business | Incubation","NA","NA","Business | Pre-Hacking Committee ","NA","NA","Business | Hacking Committee","NA","NA","Business | Acceleration","NA","NA","Business | Pre-Impact Committee","NA","NA","Business | Impact Committee","NA","NA","Business | Impact","NA","NA","Business | Series B","NA","NA","OM | Incubation","NA","NA","OM | Pre-Hacking Committee","NA","NA","OM | Hacking Committee","NA","NA","OM | Acceleration","NA","NA","OM | Pre-Impact Committee ","NA","NA","OM | Impact Committee","NA","NA","OM | Impact","NA","Ecosystem | Incubation","NA","NA","Ecosystem | Pre-Hacking Committee","NA","NA","Ecosystem | Hacking Committee","NA","NA","Ecosystem | Acceleration","NA","NA","Ecosystem | Pre-Impact Committee ","NA","NA","Ecosystem | Impact Committee","NA","NA","Ecosystem | Impact","NA","NA"
"238","OCP Virtual Museum","Création d’un musée Hybride (physique/virtuel) de l'OCP, baptisé OCP Virtual Museum, pour partager l'histoire, le patrimoine et les réalisations du groupe. Ce musée interactif offrira une expérience immersive mêlant réalité virtuelle, réalité augmentée,AI","06/07/2024","13/06/2025","004","Development","active","Ecosystem","0","SBU Mining  ","Soumission","06/07/2024","12/07/2024","Ecosystème (situation visant à créer de la valeur avec l’écosystème du groupe)","Categorization","NA","NA","Ideation","12/07/2024","14/07/2024","Ideation | Demo Day ","20/07/2024","20/07/2024","Development","29/07/2024","NA","Business | Incubation","NA","NA","Business | Pre-Hacking Committee ","NA","NA","Business | Hacking Committee","NA","NA","Business | Acceleration","NA","NA","Business | Pre-Impact Committee","NA","NA","Business | Impact Committee","NA","NA","Business | Impact","NA","NA","Business | Series B","NA","NA","OM | Incubation","NA","NA","OM | Pre-Hacking Committee","NA","NA","OM | Hacking Committee","NA","NA","OM | Acceleration","NA","NA","OM | Pre-Impact Committee ","NA","NA","OM | Impact Committee","NA","NA","OM | Impact","NA","Ecosystem | Incubation","NA","NA","Ecosystem | Pre-Hacking Committee","NA","NA","Ecosystem | Hacking Committee","NA","NA","Ecosystem | Acceleration","NA","NA","Ecosystem | Pre-Impact Committee ","NA","NA","Ecosystem | Impact Committee","NA","NA","Ecosystem | Impact","NA","NA"
"239","ProtoAccess","Mettre en œuvre un prototype d'application baser sur l'accès pour faciliter la gestion de la réforme ,et après la generalisee pour toute les section de contrôle matériel","06/07/2024","13/06/2025","001","Ideation","active","Digital","0","SBU Manufacturing Jorf","Soumission","06/07/2024","11/07/2024","Operating Model (situation visant à améliorer, optimiser ou changer des process, pratiques ou organisations de travail)","Categorization","NA","NA","Ideation","11/07/2024","NA","Ideation | Demo Day ","NA","NA","Development","NA","NA","Business | Incubation","NA","NA","Business | Pre-Hacking Committee ","NA","NA","Business | Hacking Committee","NA","NA","Business | Acceleration","NA","NA","Business | Pre-Impact Committee","NA","NA","Business | Impact Committee","NA","NA","Business | Impact","NA","NA","Business | Series B","NA","NA","OM | Incubation","NA","NA","OM | Pre-Hacking Committee","NA","NA","OM | Hacking Committee","NA","NA","OM | Acceleration","NA","NA","OM | Pre-Impact Committee ","NA","NA","OM | Impact Committee","NA","NA","OM | Impact","NA","Ecosystem | Incubation","NA","NA","Ecosystem | Pre-Hacking Committee","NA","NA","Ecosystem | Hacking Committee","NA","NA","Ecosystem | Acceleration","NA","NA","Ecosystem | Pre-Impact Committee ","NA","NA","Ecosystem | Impact Committee","NA","NA","Ecosystem | Impact","NA","NA"
"243","SiteOps Manager","Création d'une plateforme numérique pour gérer l'affectation du personnel et des engins de chantier, ainsi que pour signaler les anomalies et les incendies lors des réunions de sécurité matinales. L'objectif est de remplacer les méthodes traditionnelles p","06/07/2024","13/06/2025","001","Ideation","active","Digital","0","SBU Mining Khouribga","Soumission","06/07/2024","19/07/2024","Operating Model (situation visant à améliorer, optimiser ou changer des process, pratiques ou organisations de travail)","Categorization","NA","NA","Ideation","19/07/2024","NA","Ideation | Demo Day ","NA","NA","Development","NA","NA","Business | Incubation","NA","NA","Business | Pre-Hacking Committee ","NA","NA","Business | Hacking Committee","NA","NA","Business | Acceleration","NA","NA","Business | Pre-Impact Committee","NA","NA","Business | Impact Committee","NA","NA","Business | Impact","NA","NA","Business | Series B","NA","NA","OM | Incubation","NA","NA","OM | Pre-Hacking Committee","NA","NA","OM | Hacking Committee","NA","NA","OM | Acceleration","NA","NA","OM | Pre-Impact Committee ","NA","NA","OM | Impact Committee","NA","NA","OM | Impact","NA","Ecosystem | Incubation","NA","NA","Ecosystem | Pre-Hacking Committee","NA","NA","Ecosystem | Hacking Committee","NA","NA","Ecosystem | Acceleration","NA","NA","Ecosystem | Pre-Impact Committee ","NA","NA","Ecosystem | Impact Committee","NA","NA","Ecosystem | Impact","NA","NA"
"244","DigiChange","Le digital au service de la cohésion des équipes","06/07/2024","13/06/2025","001","*Soumission*","active","Digital","0","SBU Mining Gantour","Soumission","06/07/2024","NA","Operating Model (situation visant à améliorer, optimiser ou changer des process, pratiques ou organisations de travail)","Categorization","NA","NA","Ideation","NA","NA","Ideation | Demo Day ","NA","NA","Development","NA","NA","Business | Incubation","NA","NA","Business | Pre-Hacking Committee ","NA","NA","Business | Hacking Committee","NA","NA","Business | Acceleration","NA","NA","Business | Pre-Impact Committee","NA","NA","Business | Impact Committee","NA","NA","Business | Impact","NA","NA","Business | Series B","NA","NA","OM | Incubation","NA","NA","OM | Pre-Hacking Committee","NA","NA","OM | Hacking Committee","NA","NA","OM | Acceleration","NA","NA","OM | Pre-Impact Committee ","NA","NA","OM | Impact Committee","NA","NA","OM | Impact","NA","Ecosystem | Incubation","NA","NA","Ecosystem | Pre-Hacking Committee","NA","NA","Ecosystem | Hacking Committee","NA","NA","Ecosystem | Acceleration","NA","NA","Ecosystem | Pre-Impact Committee ","NA","NA","Ecosystem | Impact Committee","NA","NA","Ecosystem | Impact","NA","NA"
"250","OCP SAFETY INTER-EX","Lancement de la SBU OCP Safety INTER-EX qui vise à créer de la valeur en offrant aux marchés local/ National et international un pack diversifié d'offre d'excellence safety contrôle en partageant l'expertise Groupe en la matière: EDD/ATEX/COACHING/PSM..","06/07/2024","13/06/2025","007","Ideation","active","Ecosystem","0","SBU Manufacturig Safi","Soumission","06/07/2024","11/07/2024","Business (situation visant à générer des revenus)","Categorization","NA","NA","Ideation","11/07/2024","NA","Ideation | Demo Day ","NA","NA","Development","NA","NA","Business | Incubation","NA","NA","Business | Pre-Hacking Committee ","NA","NA","Business | Hacking Committee","NA","NA","Business | Acceleration","NA","NA","Business | Pre-Impact Committee","NA","NA","Business | Impact Committee","NA","NA","Business | Impact","NA","NA","Business | Series B","NA","NA","OM | Incubation","NA","NA","OM | Pre-Hacking Committee","NA","NA","OM | Hacking Committee","NA","NA","OM | Acceleration","NA","NA","OM | Pre-Impact Committee ","NA","NA","OM | Impact Committee","NA","NA","OM | Impact","NA","Ecosystem | Incubation","NA","NA","Ecosystem | Pre-Hacking Committee","NA","NA","Ecosystem | Hacking Committee","NA","NA","Ecosystem | Acceleration","NA","NA","Ecosystem | Pre-Impact Committee ","NA","NA","Ecosystem | Impact Committee","NA","NA","Ecosystem | Impact","NA","NA"
"252","SMART Plant 5.0","SMART Plant 5.0 Créer une cellule Multidisciplinaire pour le développement des applications Smart universel pour les différents entités OCP ""Mining et Manufacturing. _x000D_
- Créer des Plants clients; _x000D_
- Développer des applications digitale;_x000D_
 - Exploitation AI","06/07/2024","21/06/2025","003","Ideation","active","Digital","0","SBU Mining Khouribga","Soumission","06/07/2024","11/07/2024","Operating Model (situation visant à améliorer, optimiser ou changer des process, pratiques ou organisations de travail)","Categorization","NA","NA","Ideation","11/07/2024","11/06/2025","Ideation | Demo Day ","NA","NA","Development","NA","NA","Business | Incubation","NA","NA","Business | Pre-Hacking Committee ","NA","NA","Business | Hacking Committee","NA","NA","Business | Acceleration","NA","NA","Business | Pre-Impact Committee","NA","NA","Business | Impact Committee","NA","NA","Business | Impact","NA","NA","Business | Series B","NA","NA","OM | Incubation","NA","NA","OM | Pre-Hacking Committee","NA","NA","OM | Hacking Committee","NA","NA","OM | Acceleration","NA","NA","OM | Pre-Impact Committee ","NA","NA","OM | Impact Committee","NA","NA","OM | Impact","NA","Ecosystem | Incubation","NA","NA","Ecosystem | Pre-Hacking Committee","NA","NA","Ecosystem | Hacking Committee","NA","NA","Ecosystem | Acceleration","NA","NA","Ecosystem | Pre-Impact Committee ","NA","NA","Ecosystem | Impact Committee","NA","NA","Ecosystem | Impact","NA","NA"
"255","Recycled Fertilisers","Création d'un nouveau produit  par recyclage des engrais OOS","06/07/2024","13/06/2025","002","Ideation","active","Recycling & Waste Management","0","SBU Manufacturing Jorf","Soumission","06/07/2024","10/08/2024","Business (situation visant à générer des revenus)","Categorization","NA","NA","Ideation","10/08/2024","NA","Ideation | Demo Day ","NA","NA","Development","NA","NA","Business | Incubation","NA","NA","Business | Pre-Hacking Committee ","NA","NA","Business | Hacking Committee","NA","NA","Business | Acceleration","NA","NA","Business | Pre-Impact Committee","NA","NA","Business | Impact Committee","NA","NA","Business | Impact","NA","NA","Business | Series B","NA","NA","OM | Incubation","NA","NA","OM | Pre-Hacking Committee","NA","NA","OM | Hacking Committee","NA","NA","OM | Acceleration","NA","NA","OM | Pre-Impact Committee ","NA","NA","OM | Impact Committee","NA","NA","OM | Impact","NA","Ecosystem | Incubation","NA","NA","Ecosystem | Pre-Hacking Committee","NA","NA","Ecosystem | Hacking Committee","NA","NA","Ecosystem | Acceleration","NA","NA","Ecosystem | Pre-Impact Committee ","NA","NA","Ecosystem | Impact Committee","NA","NA","Ecosystem | Impact","NA","NA"
"257","PhoTex","- Valorisation de la Boue des laveries pour produire la fibre Textile ","06/07/2024","21/06/2025","001","Ideation","active","Recycling & Waste Management","0","SBU Mining Gantour","Soumission","06/07/2024","NA","Business (situation visant à générer des revenus)","Categorization","NA","NA","Ideation","30/05/2025","NA","Ideation | Demo Day ","NA","NA","Development","NA","NA","Business | Incubation","NA","NA","Business | Pre-Hacking Committee ","NA","NA","Business | Hacking Committee","NA","NA","Business | Acceleration","NA","NA","Business | Pre-Impact Committee","NA","NA","Business | Impact Committee","NA","NA","Business | Impact","NA","NA","Business | Series B","NA","NA","OM | Incubation","NA","NA","OM | Pre-Hacking Committee","NA","NA","OM | Hacking Committee","NA","NA","OM | Acceleration","NA","NA","OM | Pre-Impact Committee ","NA","NA","OM | Impact Committee","NA","NA","OM | Impact","NA","Ecosystem | Incubation","NA","NA","Ecosystem | Pre-Hacking Committee","NA","NA","Ecosystem | Hacking Committee","NA","NA","Ecosystem | Acceleration","NA","NA","Ecosystem | Pre-Impact Committee ","NA","NA","Ecosystem | Impact Committee","NA","NA","Ecosystem | Impact","NA","NA"
"259","Dromaphos","Production d'une nouvelle formule d'engrais qui permet de retenir tous  les éléments nutritifs essentiels (eau, fertilisants et oxygène) autour de la zone racinaire d'une plante","06/07/2024","13/06/2025","001","Ideation","active","Fertilizers & Farmers Solutions","0","SBU Mining Khouribga","Soumission","06/07/2024","16/07/2024","Business (situation visant à générer des revenus)","Categorization","NA","NA","Ideation","16/07/2024","NA","Ideation | Demo Day ","NA","NA","Development","NA","NA","Business | Incubation","NA","NA","Business | Pre-Hacking Committee ","NA","NA","Business | Hacking Committee","NA","NA","Business | Acceleration","NA","NA","Business | Pre-Impact Committee","NA","NA","Business | Impact Committee","NA","NA","Business | Impact","NA","NA","Business | Series B","NA","NA","OM | Incubation","NA","NA","OM | Pre-Hacking Committee","NA","NA","OM | Hacking Committee","NA","NA","OM | Acceleration","NA","NA","OM | Pre-Impact Committee ","NA","NA","OM | Impact Committee","NA","NA","OM | Impact","NA","Ecosystem | Incubation","NA","NA","Ecosystem | Pre-Hacking Committee","NA","NA","Ecosystem | Hacking Committee","NA","NA","Ecosystem | Acceleration","NA","NA","Ecosystem | Pre-Impact Committee ","NA","NA","Ecosystem | Impact Committee","NA","NA","Ecosystem | Impact","NA","NA"
"260","DigitalTrade Hub","Le Trade Finance, maillon important du processus Order to Cash (O2C), est amené à s’intégrer à la dynamique de transformation du groupe OCP via l’optimisation du Besoin en Fond de Roulement (BFR) notamment en s’appuyant sur le levier de la digitalisation ","06/07/2024","21/06/2025","001","Ideation","active","Digital","0","Corporate","Soumission","06/07/2024","NA","Business (situation visant à générer des revenus)","Categorization","NA","NA","Ideation","30/05/2025","NA","Ideation | Demo Day ","NA","NA","Development","NA","NA","Business | Incubation","NA","NA","Business | Pre-Hacking Committee ","NA","NA","Business | Hacking Committee","NA","NA","Business | Acceleration","NA","NA","Business | Pre-Impact Committee","NA","NA","Business | Impact Committee","NA","NA","Business | Impact","NA","NA","Business | Series B","NA","NA","OM | Incubation","NA","NA","OM | Pre-Hacking Committee","NA","NA","OM | Hacking Committee","NA","NA","OM | Acceleration","NA","NA","OM | Pre-Impact Committee ","NA","NA","OM | Impact Committee","NA","NA","OM | Impact","NA","Ecosystem | Incubation","NA","NA","Ecosystem | Pre-Hacking Committee","NA","NA","Ecosystem | Hacking Committee","NA","NA","Ecosystem | Acceleration","NA","NA","Ecosystem | Pre-Impact Committee ","NA","NA","Ecosystem | Impact Committee","NA","NA","Ecosystem | Impact","NA","NA"
"261","MOMENTUS","Mise en place de MOMENTUS, Une initiative ayant pour but la création d’une plateforme dynamique et innovante spécialisée dans la fourniture de services d'ingénierie en exploitant toute la puissance des solutions technologiques issue et développées au sein","06/07/2024","21/06/2025","002","Ideation","active","Digital","0","SBU Manufacturig Safi","Soumission","06/07/2024","28/05/2025","Business (situation visant à générer des revenus)","Categorization","NA","NA","Ideation","17/12/2024","NA","Ideation | Demo Day ","NA","NA","Development","NA","NA","Business | Incubation","NA","NA","Business | Pre-Hacking Committee ","NA","NA","Business | Hacking Committee","NA","NA","Business | Acceleration","NA","NA","Business | Pre-Impact Committee","NA","NA","Business | Impact Committee","NA","NA","Business | Impact","NA","NA","Business | Series B","NA","NA","OM | Incubation","NA","NA","OM | Pre-Hacking Committee","NA","NA","OM | Hacking Committee","NA","NA","OM | Acceleration","NA","NA","OM | Pre-Impact Committee ","NA","NA","OM | Impact Committee","NA","NA","OM | Impact","NA","Ecosystem | Incubation","NA","NA","Ecosystem | Pre-Hacking Committee","NA","NA","Ecosystem | Hacking Committee","NA","NA","Ecosystem | Acceleration","NA","NA","Ecosystem | Pre-Impact Committee ","NA","NA","Ecosystem | Impact Committee","NA","NA","Ecosystem | Impact","NA","NA"
"262","AttracParc","La situation vise à résoudre le défi de réhabilitation des terrains miniers du groupe OCP en les transformant en parcs d'attractions et musées. Cette initiative vise à générer des revenus, créer des emplois locaux et établir de nouveaux partenariats, nota","06/07/2024","13/06/2025","005","Ideation","active","Sustainability","0","SBU Mining  ","Soumission","06/07/2024","24/12/2024","Ecosystème (situation visant à créer de la valeur avec l’écosystème du groupe)","Categorization","NA","NA","Ideation","30/12/2024","03/02/2025","Ideation | Demo Day ","NA","NA","Development","NA","NA","Business | Incubation","NA","NA","Business | Pre-Hacking Committee ","NA","NA","Business | Hacking Committee","NA","NA","Business | Acceleration","NA","NA","Business | Pre-Impact Committee","NA","NA","Business | Impact Committee","NA","NA","Business | Impact","NA","NA","Business | Series B","NA","NA","OM | Incubation","NA","NA","OM | Pre-Hacking Committee","NA","NA","OM | Hacking Committee","NA","NA","OM | Acceleration","NA","NA","OM | Pre-Impact Committee ","NA","NA","OM | Impact Committee","NA","NA","OM | Impact","NA","Ecosystem | Incubation","NA","NA","Ecosystem | Pre-Hacking Committee","NA","NA","Ecosystem | Hacking Committee","NA","NA","Ecosystem | Acceleration","NA","NA","Ecosystem | Pre-Impact Committee ","NA","NA","Ecosystem | Impact Committee","NA","NA","Ecosystem | Impact","NA","NA"
"263","MotionMaster Centers","Projet de création de centres d'excellence en réhabilitation et performance au Maroc, tirant parti de l'expertise de The Movement & Running School UK afin de transformer le mouvement des enfants, des adultes et des athlètes.","06/07/2024","21/06/2025","001","Ideation","active","Ecosystem","0","Corporate","Soumission","06/07/2024","NA","Ecosystème (situation visant à créer de la valeur avec l’écosystème du groupe)","Categorization","NA","NA","Ideation","30/05/2025","NA","Ideation | Demo Day ","NA","NA","Development","NA","NA","Business | Incubation","NA","NA","Business | Pre-Hacking Committee ","NA","NA","Business | Hacking Committee","NA","NA","Business | Acceleration","NA","NA","Business | Pre-Impact Committee","NA","NA","Business | Impact Committee","NA","NA","Business | Impact","NA","NA","Business | Series B","NA","NA","OM | Incubation","NA","NA","OM | Pre-Hacking Committee","NA","NA","OM | Hacking Committee","NA","NA","OM | Acceleration","NA","NA","OM | Pre-Impact Committee ","NA","NA","OM | Impact Committee","NA","NA","OM | Impact","NA","Ecosystem | Incubation","NA","NA","Ecosystem | Pre-Hacking Committee","NA","NA","Ecosystem | Hacking Committee","NA","NA","Ecosystem | Acceleration","NA","NA","Ecosystem | Pre-Impact Committee ","NA","NA","Ecosystem | Impact Committee","NA","NA","Ecosystem | Impact","NA","NA"
"267","3D scan","lors des intervention de maintenance des installations, que ça soit mecanique ou electrique, ainsi que des intervention divers de genie civil , des problrmes de geolocalisation et de la nature de proléme se posent. En effets pour la preparation du materie","06/07/2024","13/06/2025","001","*Soumission*","active","Operating Model","0","SBU Mining","Soumission","06/07/2024","NA","Operating Model (situation visant à améliorer, optimiser ou changer des process, pratiques ou organisations de travail)","Categorization","NA","NA","Ideation","NA","NA","Ideation | Demo Day ","NA","NA","Development","NA","NA","Business | Incubation","NA","NA","Business | Pre-Hacking Committee ","NA","NA","Business | Hacking Committee","NA","NA","Business | Acceleration","NA","NA","Business | Pre-Impact Committee","NA","NA","Business | Impact Committee","NA","NA","Business | Impact","NA","NA","Business | Series B","NA","NA","OM | Incubation","NA","NA","OM | Pre-Hacking Committee","NA","NA","OM | Hacking Committee","NA","NA","OM | Acceleration","NA","NA","OM | Pre-Impact Committee ","NA","NA","OM | Impact Committee","NA","NA","OM | Impact","NA","Ecosystem | Incubation","NA","NA","Ecosystem | Pre-Hacking Committee","NA","NA","Ecosystem | Hacking Committee","NA","NA","Ecosystem | Acceleration","NA","NA","Ecosystem | Pre-Impact Committee ","NA","NA","Ecosystem | Impact Committee","NA","NA","Ecosystem | Impact","NA","NA"
"269","Sustain'Able","Une initiative visant à créer un ""Mouvement vert"" en plaçant les collaborateurs au cœur. Elle combine gestion du changement, stratégie ascendante, un framework ESG évolutif et l’IA pour autonomiser les individus face aux défis du Développement Durable.","06/07/2024","13/06/2025","001","Ideation","active","Sustainability","0","SBU Mining ","Soumission","06/07/2024","19/01/2025","Operating Model (situation visant à améliorer, optimiser ou changer des process, pratiques ou organisations de travail)","Categorization","NA","NA","Ideation","16/05/2025","NA","Ideation | Demo Day ","NA","NA","Development","NA","NA","Business | Incubation","NA","NA","Business | Pre-Hacking Committee ","NA","NA","Business | Hacking Committee","NA","NA","Business | Acceleration","NA","NA","Business | Pre-Impact Committee","NA","NA","Business | Impact Committee","NA","NA","Business | Impact","NA","NA","Business | Series B","NA","NA","OM | Incubation","NA","NA","OM | Pre-Hacking Committee","NA","NA","OM | Hacking Committee","NA","NA","OM | Acceleration","NA","NA","OM | Pre-Impact Committee ","NA","NA","OM | Impact Committee","NA","NA","OM | Impact","NA","Ecosystem | Incubation","NA","NA","Ecosystem | Pre-Hacking Committee","NA","NA","Ecosystem | Hacking Committee","NA","NA","Ecosystem | Acceleration","NA","NA","Ecosystem | Pre-Impact Committee ","NA","NA","Ecosystem | Impact Committee","NA","NA","Ecosystem | Impact","NA","NA"
"270","OCP Document Intelligence","OCP Document Intelligence (ODI) vise à révolutionner l'exploitation des documents grâce à des technologies avancées (OCR, NLP,ML ...), permettant à notre organisation de débloquer des informations exploitables à partir de divers formats de documents.","06/07/2024","13/06/2025","004","Ideation","active","New Ways of working","0","SBU Manufacturig Safi","Soumission","06/07/2024","11/08/2024","Business (situation visant à générer des revenus)","Categorization","NA","NA","Ideation","11/08/2024","NA","Ideation | Demo Day ","NA","NA","Development","NA","NA","Business | Incubation","NA","NA","Business | Pre-Hacking Committee ","NA","NA","Business | Hacking Committee","NA","NA","Business | Acceleration","NA","NA","Business | Pre-Impact Committee","NA","NA","Business | Impact Committee","NA","NA","Business | Impact","NA","NA","Business | Series B","NA","NA","OM | Incubation","NA","NA","OM | Pre-Hacking Committee","NA","NA","OM | Hacking Committee","NA","NA","OM | Acceleration","NA","NA","OM | Pre-Impact Committee ","NA","NA","OM | Impact Committee","NA","NA","OM | Impact","NA","Ecosystem | Incubation","NA","NA","Ecosystem | Pre-Hacking Committee","NA","NA","Ecosystem | Hacking Committee","NA","NA","Ecosystem | Acceleration","NA","NA","Ecosystem | Pre-Impact Committee ","NA","NA","Ecosystem | Impact Committee","NA","NA","Ecosystem | Impact","NA","NA"
"272","EcoGear","Lancement d'un projet de recyclage des équipements de protection individuelle (EPI) pour répondre aux défis de la gestion des déchets et de la durabilité environnementale dans le contexte industriel actuel. Ce projet consiste à collecter, trier et recycle","06/07/2024","13/06/2025","001","Ideation","active","Recycling & Waste Management","0","SBU Manufacturig Safi","Soumission","06/07/2024","15/07/2024","Business (situation visant à générer des revenus)","Categorization","NA","NA","Ideation","15/07/2024","NA","Ideation | Demo Day ","NA","NA","Development","NA","NA","Business | Incubation","NA","NA","Business | Pre-Hacking Committee ","NA","NA","Business | Hacking Committee","NA","NA","Business | Acceleration","NA","NA","Business | Pre-Impact Committee","NA","NA","Business | Impact Committee","NA","NA","Business | Impact","NA","NA","Business | Series B","NA","NA","OM | Incubation","NA","NA","OM | Pre-Hacking Committee","NA","NA","OM | Hacking Committee","NA","NA","OM | Acceleration","NA","NA","OM | Pre-Impact Committee ","NA","NA","OM | Impact Committee","NA","NA","OM | Impact","NA","Ecosystem | Incubation","NA","NA","Ecosystem | Pre-Hacking Committee","NA","NA","Ecosystem | Hacking Committee","NA","NA","Ecosystem | Acceleration","NA","NA","Ecosystem | Pre-Impact Committee ","NA","NA","Ecosystem | Impact Committee","NA","NA","Ecosystem | Impact","NA","NA"
"273","GreenWheel","Encouragement de l'utilisation du vélo pour les voyages et les déplacements quotidiens afin de réduire les émissions de gaz et la pollution atmosphérique, tout en préservant les écosystèmes naturels. En plus de ses avantages environnementaux, le vélo favo","06/07/2024","13/06/2025","001","*Soumission*","active","Sustainability","0","SBU Manufacturing Jorf","Soumission","06/07/2024","NA","Ecosystème (situation visant à créer de la valeur avec l’écosystème du groupe)","Categorization","NA","NA","Ideation","NA","NA","Ideation | Demo Day ","NA","NA","Development","NA","NA","Business | Incubation","NA","NA","Business | Pre-Hacking Committee ","NA","NA","Business | Hacking Committee","NA","NA","Business | Acceleration","NA","NA","Business | Pre-Impact Committee","NA","NA","Business | Impact Committee","NA","NA","Business | Impact","NA","NA","Business | Series B","NA","NA","OM | Incubation","NA","NA","OM | Pre-Hacking Committee","NA","NA","OM | Hacking Committee","NA","NA","OM | Acceleration","NA","NA","OM | Pre-Impact Committee ","NA","NA","OM | Impact Committee","NA","NA","OM | Impact","NA","Ecosystem | Incubation","NA","NA","Ecosystem | Pre-Hacking Committee","NA","NA","Ecosystem | Hacking Committee","NA","NA","Ecosystem | Acceleration","NA","NA","Ecosystem | Pre-Impact Committee ","NA","NA","Ecosystem | Impact Committee","NA","NA","Ecosystem | Impact","NA","NA"
"274","Project Management Institute","Créer un centre de formation dans le management de projets labellisé atp (reconnu par le pmi) pour dispenser des formations de préparation aux certifications du pmi ouverts au collaborateurs et aux externes","06/07/2024","13/06/2025","001","*Soumission*","active","Talent Development","0","Corporate","Soumission","06/07/2024","NA","Business (situation visant à générer des revenus)","Categorization","NA","NA","Ideation","NA","NA","Ideation | Demo Day ","NA","NA","Development","NA","NA","Business | Incubation","NA","NA","Business | Pre-Hacking Committee ","NA","NA","Business | Hacking Committee","NA","NA","Business | Acceleration","NA","NA","Business | Pre-Impact Committee","NA","NA","Business | Impact Committee","NA","NA","Business | Impact","NA","NA","Business | Series B","NA","NA","OM | Incubation","NA","NA","OM | Pre-Hacking Committee","NA","NA","OM | Hacking Committee","NA","NA","OM | Acceleration","NA","NA","OM | Pre-Impact Committee ","NA","NA","OM | Impact Committee","NA","NA","OM | Impact","NA","Ecosystem | Incubation","NA","NA","Ecosystem | Pre-Hacking Committee","NA","NA","Ecosystem | Hacking Committee","NA","NA","Ecosystem | Acceleration","NA","NA","Ecosystem | Pre-Impact Committee ","NA","NA","Ecosystem | Impact Committee","NA","NA","Ecosystem | Impact","NA","NA"
"276","Water Challenge,  for Drops","Notre idée de situation consiste à récupérer de l'eau à partir des déchets générés par les installations de lavage des phosphates en filtrant les résidus par des filtres à disques en céramique sous vide afin de maximiser la récupération d'eau. ","06/07/2024","26/06/2025","004","Categorization","active","Sustainability","0","SBU Mining ","Soumission","06/07/2024","NA","Business (situation visant à générer des revenus)","Categorization","26/06/2025","26/06/2025","Ideation","NA","NA","Ideation | Demo Day ","NA","NA","Development","NA","NA","Business | Incubation","NA","NA","Business | Pre-Hacking Committee ","NA","NA","Business | Hacking Committee","NA","NA","Business | Acceleration","NA","NA","Business | Pre-Impact Committee","NA","NA","Business | Impact Committee","NA","NA","Business | Impact","NA","NA","Business | Series B","NA","NA","OM | Incubation","NA","NA","OM | Pre-Hacking Committee","NA","NA","OM | Hacking Committee","NA","NA","OM | Acceleration","NA","NA","OM | Pre-Impact Committee ","NA","NA","OM | Impact Committee","NA","NA","OM | Impact","NA","Ecosystem | Incubation","NA","NA","Ecosystem | Pre-Hacking Committee","NA","NA","Ecosystem | Hacking Committee","NA","NA","Ecosystem | Acceleration","NA","NA","Ecosystem | Pre-Impact Committee ","NA","NA","Ecosystem | Impact Committee","NA","NA","Ecosystem | Impact","NA","NA"
"277","Digital HR","en temps réel du plan de progrès","06/07/2024","13/06/2025","001","*Soumission*","active","Digital","0","SBU Mining Gantour","Soumission","06/07/2024","NA","Operating Model (situation visant à améliorer, optimiser ou changer des process, pratiques ou organisations de travail)","Categorization","NA","NA","Ideation","NA","NA","Ideation | Demo Day ","NA","NA","Development","NA","NA","Business | Incubation","NA","NA","Business | Pre-Hacking Committee ","NA","NA","Business | Hacking Committee","NA","NA","Business | Acceleration","NA","NA","Business | Pre-Impact Committee","NA","NA","Business | Impact Committee","NA","NA","Business | Impact","NA","NA","Business | Series B","NA","NA","OM | Incubation","NA","NA","OM | Pre-Hacking Committee","NA","NA","OM | Hacking Committee","NA","NA","OM | Acceleration","NA","NA","OM | Pre-Impact Committee ","NA","NA","OM | Impact Committee","NA","NA","OM | Impact","NA","Ecosystem | Incubation","NA","NA","Ecosystem | Pre-Hacking Committee","NA","NA","Ecosystem | Hacking Committee","NA","NA","Ecosystem | Acceleration","NA","NA","Ecosystem | Pre-Impact Committee ","NA","NA","Ecosystem | Impact Committee","NA","NA","Ecosystem | Impact","NA","NA"
"278","Digitalisation des offres RH","Proposition de digitalisation des processus RH pour permettre l’accès des collaborateurs aux offres RH afin de réaliser des gains de temps et de ressources tout en offrant un libre accès aux fiches de paie et la gestion administrative des collaborateurs.","06/07/2024","13/06/2025","001","Ideation","active","Digital","0","SBU Mining Gantour","Soumission","06/07/2024","11/07/2024","Operating Model (situation visant à améliorer, optimiser ou changer des process, pratiques ou organisations de travail)","Categorization","NA","NA","Ideation","11/07/2024","NA","Ideation | Demo Day ","NA","NA","Development","NA","NA","Business | Incubation","NA","NA","Business | Pre-Hacking Committee ","NA","NA","Business | Hacking Committee","NA","NA","Business | Acceleration","NA","NA","Business | Pre-Impact Committee","NA","NA","Business | Impact Committee","NA","NA","Business | Impact","NA","NA","Business | Series B","NA","NA","OM | Incubation","NA","NA","OM | Pre-Hacking Committee","NA","NA","OM | Hacking Committee","NA","NA","OM | Acceleration","NA","NA","OM | Pre-Impact Committee ","NA","NA","OM | Impact Committee","NA","NA","OM | Impact","NA","Ecosystem | Incubation","NA","NA","Ecosystem | Pre-Hacking Committee","NA","NA","Ecosystem | Hacking Committee","NA","NA","Ecosystem | Acceleration","NA","NA","Ecosystem | Pre-Impact Committee ","NA","NA","Ecosystem | Impact Committee","NA","NA","Ecosystem | Impact","NA","NA"
"280","OCP Connectivity Solutions","Implémentation d’un Operating Model Télécom agile, propice à une standardisation et à une mutualisation des ressources, permettant de générer des économies d’échelle et un apprentissage organisationnel au service des clients internes.","06/07/2024","13/06/2025","004","Ideation","active","Operating Model","0","SBU Mining Khouribga","Soumission","06/07/2024","16/07/2024","Operating Model (situation visant à améliorer, optimiser ou changer des process, pratiques ou organisations de travail)","Categorization","NA","NA","Ideation","16/07/2024","15/09/2024","Ideation | Demo Day ","24/09/2024","24/09/2024","Development","NA","NA","Business | Incubation","NA","NA","Business | Pre-Hacking Committee ","NA","NA","Business | Hacking Committee","NA","NA","Business | Acceleration","NA","NA","Business | Pre-Impact Committee","NA","NA","Business | Impact Committee","NA","NA","Business | Impact","NA","NA","Business | Series B","NA","NA","OM | Incubation","NA","NA","OM | Pre-Hacking Committee","NA","NA","OM | Hacking Committee","NA","NA","OM | Acceleration","NA","NA","OM | Pre-Impact Committee ","NA","NA","OM | Impact Committee","NA","NA","OM | Impact","NA","Ecosystem | Incubation","NA","NA","Ecosystem | Pre-Hacking Committee","NA","NA","Ecosystem | Hacking Committee","NA","NA","Ecosystem | Acceleration","NA","NA","Ecosystem | Pre-Impact Committee ","NA","NA","Ecosystem | Impact Committee","NA","NA","Ecosystem | Impact","NA","NA"
"282","Jorf Lasfar Synergy","Création d'une fondation sur la zone industrielle de Jorf Lasfar qui regroupes toutes les entreprises du territoire. Ce projet vise à centraliser les fonds pour financer des projets communautaires à impact collectif plus grand.","06/07/2024","13/06/2025","001","Ideation","active","Ecosystem","0","SBU Manufacturing Jorf","Soumission","06/07/2024","28/07/2024","Ecosystème (situation visant à créer de la valeur avec l’écosystème du groupe)","Categorization","NA","NA","Ideation","28/07/2024","NA","Ideation | Demo Day ","NA","NA","Development","NA","NA","Business | Incubation","NA","NA","Business | Pre-Hacking Committee ","NA","NA","Business | Hacking Committee","NA","NA","Business | Acceleration","NA","NA","Business | Pre-Impact Committee","NA","NA","Business | Impact Committee","NA","NA","Business | Impact","NA","NA","Business | Series B","NA","NA","OM | Incubation","NA","NA","OM | Pre-Hacking Committee","NA","NA","OM | Hacking Committee","NA","NA","OM | Acceleration","NA","NA","OM | Pre-Impact Committee ","NA","NA","OM | Impact Committee","NA","NA","OM | Impact","NA","Ecosystem | Incubation","NA","NA","Ecosystem | Pre-Hacking Committee","NA","NA","Ecosystem | Hacking Committee","NA","NA","Ecosystem | Acceleration","NA","NA","Ecosystem | Pre-Impact Committee ","NA","NA","Ecosystem | Impact Committee","NA","NA","Ecosystem | Impact","NA","NA"
"284","OCP counting and metering","Mon projet consiste à la création d'une entreprise filiale d’OCP à l’instar d’OCP Solution chargée d’expertise technique en terme de coordination, contrôle technique, mesure, métré des travaux et attachements des projets d’OCP à l’échelle groupe. ","06/07/2024","13/06/2025","001","Ideation","active","Talent Development","0","SBU Manufacturing Jorf","Soumission","06/07/2024","25/02/2025","Business (situation visant à générer des revenus)","Categorization","NA","NA","Ideation","14/03/2025","NA","Ideation | Demo Day ","NA","NA","Development","NA","NA","Business | Incubation","NA","NA","Business | Pre-Hacking Committee ","NA","NA","Business | Hacking Committee","NA","NA","Business | Acceleration","NA","NA","Business | Pre-Impact Committee","NA","NA","Business | Impact Committee","NA","NA","Business | Impact","NA","NA","Business | Series B","NA","NA","OM | Incubation","NA","NA","OM | Pre-Hacking Committee","NA","NA","OM | Hacking Committee","NA","NA","OM | Acceleration","NA","NA","OM | Pre-Impact Committee ","NA","NA","OM | Impact Committee","NA","NA","OM | Impact","NA","Ecosystem | Incubation","NA","NA","Ecosystem | Pre-Hacking Committee","NA","NA","Ecosystem | Hacking Committee","NA","NA","Ecosystem | Acceleration","NA","NA","Ecosystem | Pre-Impact Committee ","NA","NA","Ecosystem | Impact Committee","NA","NA","Ecosystem | Impact","NA","NA"
"289","AnalyticsTools","Solution BI & Analytics : pour la maintenance - data analysis","06/07/2024","13/06/2025","001","*Soumission*","active","Digital","0","SBU Manufacturig Safi","Soumission","06/07/2024","NA","Business (situation visant à générer des revenus)","Categorization","NA","NA","Ideation","NA","NA","Ideation | Demo Day ","NA","NA","Development","NA","NA","Business | Incubation","NA","NA","Business | Pre-Hacking Committee ","NA","NA","Business | Hacking Committee","NA","NA","Business | Acceleration","NA","NA","Business | Pre-Impact Committee","NA","NA","Business | Impact Committee","NA","NA","Business | Impact","NA","NA","Business | Series B","NA","NA","OM | Incubation","NA","NA","OM | Pre-Hacking Committee","NA","NA","OM | Hacking Committee","NA","NA","OM | Acceleration","NA","NA","OM | Pre-Impact Committee ","NA","NA","OM | Impact Committee","NA","NA","OM | Impact","NA","Ecosystem | Incubation","NA","NA","Ecosystem | Pre-Hacking Committee","NA","NA","Ecosystem | Hacking Committee","NA","NA","Ecosystem | Acceleration","NA","NA","Ecosystem | Pre-Impact Committee ","NA","NA","Ecosystem | Impact Committee","NA","NA","Ecosystem | Impact","NA","NA"
"290","SmartAgri","Intégrer les différents technologies de collecte d'informations et de données (Sol, eau, climat, données techniques..) et les technologies de contrôle et de commande (irrigation, injection d'engrais..), dans un système d'intelligence artificielle afin de ","06/07/2024","13/06/2025","005","Ideation","active","Digital","0","Corporate","Soumission","06/07/2024","06/12/2024","Ecosystème (situation visant à créer de la valeur avec l’écosystème du groupe)","Categorization","NA","NA","Ideation","16/12/2024","NA","Ideation | Demo Day ","NA","NA","Development","NA","NA","Business | Incubation","NA","NA","Business | Pre-Hacking Committee ","NA","NA","Business | Hacking Committee","NA","NA","Business | Acceleration","NA","NA","Business | Pre-Impact Committee","NA","NA","Business | Impact Committee","NA","NA","Business | Impact","NA","NA","Business | Series B","NA","NA","OM | Incubation","NA","NA","OM | Pre-Hacking Committee","NA","NA","OM | Hacking Committee","NA","NA","OM | Acceleration","NA","NA","OM | Pre-Impact Committee ","NA","NA","OM | Impact Committee","NA","NA","OM | Impact","NA","Ecosystem | Incubation","NA","NA","Ecosystem | Pre-Hacking Committee","NA","NA","Ecosystem | Hacking Committee","NA","NA","Ecosystem | Acceleration","NA","NA","Ecosystem | Pre-Impact Committee ","NA","NA","Ecosystem | Impact Committee","NA","NA","Ecosystem | Impact","NA","NA"
"291","SAFETY ACADEMY","Création de SAFETY ACADEMY afin d'améliorer la discipline opérationnelle et de Développer l’engagement de personnel pour faire librement et volontairement ce qu’ils doivent faire en matière HSE","06/07/2024","13/06/2025","001","*Soumission*","active","Operating Model","0","SBU Manufacturing Jorf","Soumission","06/07/2024","NA","Operating Model (situation visant à améliorer, optimiser ou changer des process, pratiques ou organisations de travail)","Categorization","NA","NA","Ideation","NA","NA","Ideation | Demo Day ","NA","NA","Development","NA","NA","Business | Incubation","NA","NA","Business | Pre-Hacking Committee ","NA","NA","Business | Hacking Committee","NA","NA","Business | Acceleration","NA","NA","Business | Pre-Impact Committee","NA","NA","Business | Impact Committee","NA","NA","Business | Impact","NA","NA","Business | Series B","NA","NA","OM | Incubation","NA","NA","OM | Pre-Hacking Committee","NA","NA","OM | Hacking Committee","NA","NA","OM | Acceleration","NA","NA","OM | Pre-Impact Committee ","NA","NA","OM | Impact Committee","NA","NA","OM | Impact","NA","Ecosystem | Incubation","NA","NA","Ecosystem | Pre-Hacking Committee","NA","NA","Ecosystem | Hacking Committee","NA","NA","Ecosystem | Acceleration","NA","NA","Ecosystem | Pre-Impact Committee ","NA","NA","Ecosystem | Impact Committee","NA","NA","Ecosystem | Impact","NA","NA"
"292","ImPhosRock","ImphosRock est une situation qui vise à développer de nouveaux engrais et amendements organo- minéraux à base de roche phosphatée améliorée pour une meilleure efficacité agronomique et une adaptation aux différents types de sols et de cultures.","06/07/2024","13/06/2025","001","Development","active","Fertilizers & Farmers Solutions","0","SBU Mining Gantour","Soumission","06/07/2024","16/07/2024","Ecosystème (situation visant à créer de la valeur avec l’écosystème du groupe)","Categorization","NA","NA","Ideation","16/07/2024","12/05/2025","Ideation | Demo Day ","16/05/2025","16/05/2025","Development","26/05/2025","NA","Business | Incubation","NA","NA","Business | Pre-Hacking Committee ","NA","NA","Business | Hacking Committee","NA","NA","Business | Acceleration","NA","NA","Business | Pre-Impact Committee","NA","NA","Business | Impact Committee","NA","NA","Business | Impact","NA","NA","Business | Series B","NA","NA","OM | Incubation","NA","NA","OM | Pre-Hacking Committee","NA","NA","OM | Hacking Committee","NA","NA","OM | Acceleration","NA","NA","OM | Pre-Impact Committee ","NA","NA","OM | Impact Committee","NA","NA","OM | Impact","NA","Ecosystem | Incubation","NA","NA","Ecosystem | Pre-Hacking Committee","NA","NA","Ecosystem | Hacking Committee","NA","NA","Ecosystem | Acceleration","NA","NA","Ecosystem | Pre-Impact Committee ","NA","NA","Ecosystem | Impact Committee","NA","NA","Ecosystem | Impact","NA","NA"
"293","OCP LLD électrique hybride EV","L'acquisition propre des véhicules OCP, qu'ils soient thermiques, hybrides ou électriques, vise une rentabilité de 40% du coût global (OPEX) de Marché cadre _x000D_
Cela passe par une optimisation du TCO et l'empreinte Carbonne.                              ","06/07/2024","21/06/2025","020","Ideation","active","Energy Solutions","0","SBU Mining Khouribga","Soumission","06/07/2024","19/05/2025","Ecosystème (situation visant à créer de la valeur avec l’écosystème du groupe)","Categorization","NA","NA","Ideation","12/12/2024","NA","Ideation | Demo Day ","NA","NA","Development","NA","NA","Business | Incubation","NA","NA","Business | Pre-Hacking Committee ","NA","NA","Business | Hacking Committee","NA","NA","Business | Acceleration","NA","NA","Business | Pre-Impact Committee","NA","NA","Business | Impact Committee","NA","NA","Business | Impact","NA","NA","Business | Series B","NA","NA","OM | Incubation","NA","NA","OM | Pre-Hacking Committee","NA","NA","OM | Hacking Committee","NA","NA","OM | Acceleration","NA","NA","OM | Pre-Impact Committee ","NA","NA","OM | Impact Committee","NA","NA","OM | Impact","NA","Ecosystem | Incubation","NA","NA","Ecosystem | Pre-Hacking Committee","NA","NA","Ecosystem | Hacking Committee","NA","NA","Ecosystem | Acceleration","NA","NA","Ecosystem | Pre-Impact Committee ","NA","NA","Ecosystem | Impact Committee","NA","NA","Ecosystem | Impact","NA","NA"
"294","GreenMush","GreenMush transforme des déchets organiques, comme le marc de café, en substrat pour cultiver des champignons frais et nutritifs. Ce projet durable réduit les déchets et fournit une alternatives alimentaire écologiques et responsable.","06/07/2024","13/06/2025","003","Ideation","active","Agroalimentaire","0","SBU Mining Khouribga","Soumission","06/07/2024","07/11/2024","Business (situation visant à générer des revenus)","Categorization","NA","NA","Ideation","26/11/2024","NA","Ideation | Demo Day ","NA","NA","Development","NA","NA","Business | Incubation","NA","NA","Business | Pre-Hacking Committee ","NA","NA","Business | Hacking Committee","NA","NA","Business | Acceleration","NA","NA","Business | Pre-Impact Committee","NA","NA","Business | Impact Committee","NA","NA","Business | Impact","NA","NA","Business | Series B","NA","NA","OM | Incubation","NA","NA","OM | Pre-Hacking Committee","NA","NA","OM | Hacking Committee","NA","NA","OM | Acceleration","NA","NA","OM | Pre-Impact Committee ","NA","NA","OM | Impact Committee","NA","NA","OM | Impact","NA","Ecosystem | Incubation","NA","NA","Ecosystem | Pre-Hacking Committee","NA","NA","Ecosystem | Hacking Committee","NA","NA","Ecosystem | Acceleration","NA","NA","Ecosystem | Pre-Impact Committee ","NA","NA","Ecosystem | Impact Committee","NA","NA","Ecosystem | Impact","NA","NA"
"295","OCP DocSphere","Utilisation de la digitalisation pour optimiser l'efficacité opérationnelle, garantir un accès rapide aux données clés et renforcer la compétitivité en répondant mieux aux besoins des clients.","06/07/2024","13/06/2025","005","Ideation","active","Digital","0","SBU Mining Khouribga","Soumission","06/07/2024","18/02/2025","Operating Model (situation visant à améliorer, optimiser ou changer des process, pratiques ou organisations de travail)","Categorization","NA","NA","Ideation","16/05/2025","NA","Ideation | Demo Day ","NA","NA","Development","NA","NA","Business | Incubation","NA","NA","Business | Pre-Hacking Committee ","NA","NA","Business | Hacking Committee","NA","NA","Business | Acceleration","NA","NA","Business | Pre-Impact Committee","NA","NA","Business | Impact Committee","NA","NA","Business | Impact","NA","NA","Business | Series B","NA","NA","OM | Incubation","NA","NA","OM | Pre-Hacking Committee","NA","NA","OM | Hacking Committee","NA","NA","OM | Acceleration","NA","NA","OM | Pre-Impact Committee ","NA","NA","OM | Impact Committee","NA","NA","OM | Impact","NA","Ecosystem | Incubation","NA","NA","Ecosystem | Pre-Hacking Committee","NA","NA","Ecosystem | Hacking Committee","NA","NA","Ecosystem | Acceleration","NA","NA","Ecosystem | Pre-Impact Committee ","NA","NA","Ecosystem | Impact Committee","NA","NA","Ecosystem | Impact","NA","NA"
"296","ER-RESSYFY Mohamed","Mise en place d'une solution pour réduire les émanations de poussières dans les chantiers ","06/07/2024","13/06/2025","001","Ideation","active","Sustainability","0","SBU Mining Khouribga","Soumission","06/07/2024","12/07/2024","Business (situation visant à générer des revenus)","Categorization","NA","NA","Ideation","12/07/2024","NA","Ideation | Demo Day ","NA","NA","Development","NA","NA","Business | Incubation","NA","NA","Business | Pre-Hacking Committee ","NA","NA","Business | Hacking Committee","NA","NA","Business | Acceleration","NA","NA","Business | Pre-Impact Committee","NA","NA","Business | Impact Committee","NA","NA","Business | Impact","NA","NA","Business | Series B","NA","NA","OM | Incubation","NA","NA","OM | Pre-Hacking Committee","NA","NA","OM | Hacking Committee","NA","NA","OM | Acceleration","NA","NA","OM | Pre-Impact Committee ","NA","NA","OM | Impact Committee","NA","NA","OM | Impact","NA","Ecosystem | Incubation","NA","NA","Ecosystem | Pre-Hacking Committee","NA","NA","Ecosystem | Hacking Committee","NA","NA","Ecosystem | Acceleration","NA","NA","Ecosystem | Pre-Impact Committee ","NA","NA","Ecosystem | Impact Committee","NA","NA","Ecosystem | Impact","NA","NA"
"297","SmartOps","la digitalisation et automatisation du processus de délivrance des permis des travaux et la centralisation des données pour simplifier les procédures, réduire les coûts et améliorer l'efficacité globale","06/07/2024","13/06/2025","003","Ideation","active","Operating Model","0","SBU Mining  ","Soumission","06/07/2024","11/07/2024","Operating Model (situation visant à améliorer, optimiser ou changer des process, pratiques ou organisations de travail)","Categorization","NA","NA","Ideation","11/07/2024","NA","Ideation | Demo Day ","NA","NA","Development","NA","NA","Business | Incubation","NA","NA","Business | Pre-Hacking Committee ","NA","NA","Business | Hacking Committee","NA","NA","Business | Acceleration","NA","NA","Business | Pre-Impact Committee","NA","NA","Business | Impact Committee","NA","NA","Business | Impact","NA","NA","Business | Series B","NA","NA","OM | Incubation","NA","NA","OM | Pre-Hacking Committee","NA","NA","OM | Hacking Committee","NA","NA","OM | Acceleration","NA","NA","OM | Pre-Impact Committee ","NA","NA","OM | Impact Committee","NA","NA","OM | Impact","NA","Ecosystem | Incubation","NA","NA","Ecosystem | Pre-Hacking Committee","NA","NA","Ecosystem | Hacking Committee","NA","NA","Ecosystem | Acceleration","NA","NA","Ecosystem | Pre-Impact Committee ","NA","NA","Ecosystem | Impact Committee","NA","NA","Ecosystem | Impact","NA","NA"
"298","OCP MEMORY","Création d'un musée virtuel ""OCP MEMORY"" (الذاكرة الفوسفاطية) afin de valoriser le capital humain phosphatier et archiver l'histoire de la mine et les principales époques de l'Office/Group Chérifien de Phosphate. Ce musée contiendra des vidéos, photos, d","06/07/2024","13/06/2025","001","Ideation","active","Ecosystem","0","SBU Mining Gantour","Soumission","06/07/2024","29/01/2025","Ecosystème (situation visant à créer de la valeur avec l’écosystème du groupe)","Categorization","NA","NA","Ideation","16/05/2025","NA","Ideation | Demo Day ","NA","NA","Development","NA","NA","Business | Incubation","NA","NA","Business | Pre-Hacking Committee ","NA","NA","Business | Hacking Committee","NA","NA","Business | Acceleration","NA","NA","Business | Pre-Impact Committee","NA","NA","Business | Impact Committee","NA","NA","Business | Impact","NA","NA","Business | Series B","NA","NA","OM | Incubation","NA","NA","OM | Pre-Hacking Committee","NA","NA","OM | Hacking Committee","NA","NA","OM | Acceleration","NA","NA","OM | Pre-Impact Committee ","NA","NA","OM | Impact Committee","NA","NA","OM | Impact","NA","Ecosystem | Incubation","NA","NA","Ecosystem | Pre-Hacking Committee","NA","NA","Ecosystem | Hacking Committee","NA","NA","Ecosystem | Acceleration","NA","NA","Ecosystem | Pre-Impact Committee ","NA","NA","Ecosystem | Impact Committee","NA","NA","Ecosystem | Impact","NA","NA"
"305","AgroWEB","Palteforme digitale pour la vente de fruits et légumes aves service de livraison au niveau des villes OCP.","06/07/2024","13/06/2025","001","*Soumission*","active","Ecosystem","0","SBU Mining Khouribga","Soumission","06/07/2024","NA","Ecosystème (situation visant à créer de la valeur avec l’écosystème du groupe)","Categorization","NA","NA","Ideation","NA","NA","Ideation | Demo Day ","NA","NA","Development","NA","NA","Business | Incubation","NA","NA","Business | Pre-Hacking Committee ","NA","NA","Business | Hacking Committee","NA","NA","Business | Acceleration","NA","NA","Business | Pre-Impact Committee","NA","NA","Business | Impact Committee","NA","NA","Business | Impact","NA","NA","Business | Series B","NA","NA","OM | Incubation","NA","NA","OM | Pre-Hacking Committee","NA","NA","OM | Hacking Committee","NA","NA","OM | Acceleration","NA","NA","OM | Pre-Impact Committee ","NA","NA","OM | Impact Committee","NA","NA","OM | Impact","NA","Ecosystem | Incubation","NA","NA","Ecosystem | Pre-Hacking Committee","NA","NA","Ecosystem | Hacking Committee","NA","NA","Ecosystem | Acceleration","NA","NA","Ecosystem | Pre-Impact Committee ","NA","NA","Ecosystem | Impact Committee","NA","NA","Ecosystem | Impact","NA","NA"
"306","Gestion mobile de maintenance.","Gestion mobile de maintenance en temps réel. Titre  Gestion mobile de maintenance. Fonctionnalités :  - Intégration transparente avec Oracle et SAP. - Accès mobile sur terrain aux informations. - planification et suivi des interventions. - Capture de anom","06/07/2024","13/06/2025","001","*Soumission*","active","Operating Model","0","SBU Mining Khouribga","Soumission","06/07/2024","NA","Operating Model (situation visant à améliorer, optimiser ou changer des process, pratiques ou organisations de travail)","Categorization","NA","NA","Ideation","NA","NA","Ideation | Demo Day ","NA","NA","Development","NA","NA","Business | Incubation","NA","NA","Business | Pre-Hacking Committee ","NA","NA","Business | Hacking Committee","NA","NA","Business | Acceleration","NA","NA","Business | Pre-Impact Committee","NA","NA","Business | Impact Committee","NA","NA","Business | Impact","NA","NA","Business | Series B","NA","NA","OM | Incubation","NA","NA","OM | Pre-Hacking Committee","NA","NA","OM | Hacking Committee","NA","NA","OM | Acceleration","NA","NA","OM | Pre-Impact Committee ","NA","NA","OM | Impact Committee","NA","NA","OM | Impact","NA","Ecosystem | Incubation","NA","NA","Ecosystem | Pre-Hacking Committee","NA","NA","Ecosystem | Hacking Committee","NA","NA","Ecosystem | Acceleration","NA","NA","Ecosystem | Pre-Impact Committee ","NA","NA","Ecosystem | Impact Committee","NA","NA","Ecosystem | Impact","NA","NA"
"308","KEEPER security","Mise en place d'une plateforme pour la gestion des autorisations de sortie et d'entrée des biens afin d'assurer leur traçabilité et fluidifier le processus d'autorisation.","06/07/2024","21/06/2025","001","Ideation","active","Digital","0","SBU Mining Gantour","Soumission","06/07/2024","NA","Operating Model (situation visant à améliorer, optimiser ou changer des process, pratiques ou organisations de travail)","Categorization","NA","NA","Ideation","30/05/2025","NA","Ideation | Demo Day ","NA","NA","Development","NA","NA","Business | Incubation","NA","NA","Business | Pre-Hacking Committee ","NA","NA","Business | Hacking Committee","NA","NA","Business | Acceleration","NA","NA","Business | Pre-Impact Committee","NA","NA","Business | Impact Committee","NA","NA","Business | Impact","NA","NA","Business | Series B","NA","NA","OM | Incubation","NA","NA","OM | Pre-Hacking Committee","NA","NA","OM | Hacking Committee","NA","NA","OM | Acceleration","NA","NA","OM | Pre-Impact Committee ","NA","NA","OM | Impact Committee","NA","NA","OM | Impact","NA","Ecosystem | Incubation","NA","NA","Ecosystem | Pre-Hacking Committee","NA","NA","Ecosystem | Hacking Committee","NA","NA","Ecosystem | Acceleration","NA","NA","Ecosystem | Pre-Impact Committee ","NA","NA","Ecosystem | Impact Committee","NA","NA","Ecosystem | Impact","NA","NA"
"318","E-RegInspections","Mettre en place une plateforme digitale de suivi des contrôles, pour assurer un suivi rigoureux et efficace des équipements soumis à des contrôles réglementaires","06/07/2024","13/06/2025","001","*Soumission*","active","Digital","0","SBU Manufacturing Jorf","Soumission","06/07/2024","NA","Operating Model (situation visant à améliorer, optimiser ou changer des process, pratiques ou organisations de travail)","Categorization","NA","NA","Ideation","NA","NA","Ideation | Demo Day ","NA","NA","Development","NA","NA","Business | Incubation","NA","NA","Business | Pre-Hacking Committee ","NA","NA","Business | Hacking Committee","NA","NA","Business | Acceleration","NA","NA","Business | Pre-Impact Committee","NA","NA","Business | Impact Committee","NA","NA","Business | Impact","NA","NA","Business | Series B","NA","NA","OM | Incubation","NA","NA","OM | Pre-Hacking Committee","NA","NA","OM | Hacking Committee","NA","NA","OM | Acceleration","NA","NA","OM | Pre-Impact Committee ","NA","NA","OM | Impact Committee","NA","NA","OM | Impact","NA","Ecosystem | Incubation","NA","NA","Ecosystem | Pre-Hacking Committee","NA","NA","Ecosystem | Hacking Committee","NA","NA","Ecosystem | Acceleration","NA","NA","Ecosystem | Pre-Impact Committee ","NA","NA","Ecosystem | Impact Committee","NA","NA","Ecosystem | Impact","NA","NA"
"319","Production intelligente","Utilisation du Machine Learning Un programme qui analyse les données par la capitalisation de l’expérience des operateurs des salles de contrôle et les archives pour faire automatiquement les ajustement nécessaire instantanément et aider les opérateurs ","06/07/2024","13/06/2025","001","Ideation","active","Digital","0","SBU Manufacturing Jorf","Soumission","06/07/2024","08/08/2024","Business (situation visant à générer des revenus)","Categorization","NA","NA","Ideation","08/08/2024","26/08/2024","Ideation | Demo Day ","NA","NA","Development","NA","NA","Business | Incubation","NA","NA","Business | Pre-Hacking Committee ","NA","NA","Business | Hacking Committee","NA","NA","Business | Acceleration","NA","NA","Business | Pre-Impact Committee","NA","NA","Business | Impact Committee","NA","NA","Business | Impact","NA","NA","Business | Series B","NA","NA","OM | Incubation","NA","NA","OM | Pre-Hacking Committee","NA","NA","OM | Hacking Committee","NA","NA","OM | Acceleration","NA","NA","OM | Pre-Impact Committee ","NA","NA","OM | Impact Committee","NA","NA","OM | Impact","NA","Ecosystem | Incubation","NA","NA","Ecosystem | Pre-Hacking Committee","NA","NA","Ecosystem | Hacking Committee","NA","NA","Ecosystem | Acceleration","NA","NA","Ecosystem | Pre-Impact Committee ","NA","NA","Ecosystem | Impact Committee","NA","NA","Ecosystem | Impact","NA","NA"
"321","ResearchHub","Mise En Place d'une plate-forme digital pour rassembler toutes les recherches et etude et projets des chercheurs et étudiants de toutes les universités marocaines pour encorager l'esprit de start up d'entreprenariat et l'innovation aux scene des universit","06/07/2024","13/06/2025","003","Ideation","active","Digital","0","SBU Manufacturing Jorf","Soumission","06/07/2024","12/11/2024","Business (situation visant à générer des revenus)","Categorization","NA","NA","Ideation","17/12/2024","NA","Ideation | Demo Day ","NA","NA","Development","NA","NA","Business | Incubation","NA","NA","Business | Pre-Hacking Committee ","NA","NA","Business | Hacking Committee","NA","NA","Business | Acceleration","NA","NA","Business | Pre-Impact Committee","NA","NA","Business | Impact Committee","NA","NA","Business | Impact","NA","NA","Business | Series B","NA","NA","OM | Incubation","NA","NA","OM | Pre-Hacking Committee","NA","NA","OM | Hacking Committee","NA","NA","OM | Acceleration","NA","NA","OM | Pre-Impact Committee ","NA","NA","OM | Impact Committee","NA","NA","OM | Impact","NA","Ecosystem | Incubation","NA","NA","Ecosystem | Pre-Hacking Committee","NA","NA","Ecosystem | Hacking Committee","NA","NA","Ecosystem | Acceleration","NA","NA","Ecosystem | Pre-Impact Committee ","NA","NA","Ecosystem | Impact Committee","NA","NA","Ecosystem | Impact","NA","NA"
"322","قطرة","Notre situation consiste à recouvrir les bassins d'eau pour les protèges contre l'évaporation. L'objectif est de réduire les pertes d'eau dues à l'évaporation en utilisant des méthodes de couvertures adaptées, ce qui contribue à la conservation de l'eau. ","06/07/2024","13/06/2025","004","Ideation","active","Sustainability","0","SBU Mining Khouribga","Soumission","06/07/2024","12/07/2024","Ecosystème (situation visant à créer de la valeur avec l’écosystème du groupe)","Categorization","NA","NA","Ideation","12/07/2024","23/01/2025","Ideation | Demo Day ","NA","NA","Development","NA","NA","Business | Incubation","NA","NA","Business | Pre-Hacking Committee ","NA","NA","Business | Hacking Committee","NA","NA","Business | Acceleration","NA","NA","Business | Pre-Impact Committee","NA","NA","Business | Impact Committee","NA","NA","Business | Impact","NA","NA","Business | Series B","NA","NA","OM | Incubation","NA","NA","OM | Pre-Hacking Committee","NA","NA","OM | Hacking Committee","NA","NA","OM | Acceleration","NA","NA","OM | Pre-Impact Committee ","NA","NA","OM | Impact Committee","NA","NA","OM | Impact","NA","Ecosystem | Incubation","NA","NA","Ecosystem | Pre-Hacking Committee","NA","NA","Ecosystem | Hacking Committee","NA","NA","Ecosystem | Acceleration","NA","NA","Ecosystem | Pre-Impact Committee ","NA","NA","Ecosystem | Impact Committee","NA","NA","Ecosystem | Impact","NA","NA"
"323","Waste2Resource Digital System","Instauration d'un système digitale pour l’aménagement de déchets et mise en place des procédures pour gérer les différents types de déchets dans le but de devenir un fournisseur en matière brute","06/07/2024","21/06/2025","001","Ideation","active","Sustainability","0","SBU Mining Phosboucraa","Soumission","06/07/2024","NA","Operating Model (situation visant à améliorer, optimiser ou changer des process, pratiques ou organisations de travail)","Categorization","NA","NA","Ideation","30/05/2025","NA","Ideation | Demo Day ","NA","NA","Development","NA","NA","Business | Incubation","NA","NA","Business | Pre-Hacking Committee ","NA","NA","Business | Hacking Committee","NA","NA","Business | Acceleration","NA","NA","Business | Pre-Impact Committee","NA","NA","Business | Impact Committee","NA","NA","Business | Impact","NA","NA","Business | Series B","NA","NA","OM | Incubation","NA","NA","OM | Pre-Hacking Committee","NA","NA","OM | Hacking Committee","NA","NA","OM | Acceleration","NA","NA","OM | Pre-Impact Committee ","NA","NA","OM | Impact Committee","NA","NA","OM | Impact","NA","Ecosystem | Incubation","NA","NA","Ecosystem | Pre-Hacking Committee","NA","NA","Ecosystem | Hacking Committee","NA","NA","Ecosystem | Acceleration","NA","NA","Ecosystem | Pre-Impact Committee ","NA","NA","Ecosystem | Impact Committee","NA","NA","Ecosystem | Impact","NA","NA"
"324","digital-dechets","instauration d'une nouvelle plate forme digitale pour la gestions de dechets aussi pour le suivi en temps reel de la quantité du dechets existants au differents locaux (entites) et PST aussi que les procedures d'elimination du dechets","06/07/2024","13/06/2025","006","Ideation","active","Ecosystem","0","SBU Mining Phosboucraa","Soumission","06/07/2024","08/08/2024","Ecosystème (situation visant à créer de la valeur avec l’écosystème du groupe)","Categorization","NA","NA","Ideation","08/08/2024","11/06/2025","Ideation | Demo Day ","NA","NA","Development","NA","NA","Business | Incubation","NA","NA","Business | Pre-Hacking Committee ","NA","NA","Business | Hacking Committee","NA","NA","Business | Acceleration","NA","NA","Business | Pre-Impact Committee","NA","NA","Business | Impact Committee","NA","NA","Business | Impact","NA","NA","Business | Series B","NA","NA","OM | Incubation","NA","NA","OM | Pre-Hacking Committee","NA","NA","OM | Hacking Committee","NA","NA","OM | Acceleration","NA","NA","OM | Pre-Impact Committee ","NA","NA","OM | Impact Committee","NA","NA","OM | Impact","NA","Ecosystem | Incubation","NA","NA","Ecosystem | Pre-Hacking Committee","NA","NA","Ecosystem | Hacking Committee","NA","NA","Ecosystem | Acceleration","NA","NA","Ecosystem | Pre-Impact Committee ","NA","NA","Ecosystem | Impact Committee","NA","NA","Ecosystem | Impact","NA","NA"
"327","Digiferraille","Solution de digitalisation de la gestion de ferraille","06/07/2024","13/06/2025","001","*Soumission*","active","Digital","0","SBU Manufacturing Jorf","Soumission","06/07/2024","NA","Business (situation visant à générer des revenus)","Categorization","NA","NA","Ideation","NA","NA","Ideation | Demo Day ","NA","NA","Development","NA","NA","Business | Incubation","NA","NA","Business | Pre-Hacking Committee ","NA","NA","Business | Hacking Committee","NA","NA","Business | Acceleration","NA","NA","Business | Pre-Impact Committee","NA","NA","Business | Impact Committee","NA","NA","Business | Impact","NA","NA","Business | Series B","NA","NA","OM | Incubation","NA","NA","OM | Pre-Hacking Committee","NA","NA","OM | Hacking Committee","NA","NA","OM | Acceleration","NA","NA","OM | Pre-Impact Committee ","NA","NA","OM | Impact Committee","NA","NA","OM | Impact","NA","Ecosystem | Incubation","NA","NA","Ecosystem | Pre-Hacking Committee","NA","NA","Ecosystem | Hacking Committee","NA","NA","Ecosystem | Acceleration","NA","NA","Ecosystem | Pre-Impact Committee ","NA","NA","Ecosystem | Impact Committee","NA","NA","Ecosystem | Impact","NA","NA"
"328","OCP Discovery Museum","Création d'un musée représentant principalement les activités du Groupe OCP pour démocratiser l'accès aux connaissances industrielles et scientifiques et inspirer les jeunes générations marocaines.","06/07/2024","13/06/2025","001","Ideation","active","Ecosystem","0","Corporate","Soumission","06/07/2024","13/09/2024","Ecosystème (situation visant à créer de la valeur avec l’écosystème du groupe)","Categorization","NA","NA","Ideation","16/12/2024","NA","Ideation | Demo Day ","NA","NA","Development","NA","NA","Business | Incubation","NA","NA","Business | Pre-Hacking Committee ","NA","NA","Business | Hacking Committee","NA","NA","Business | Acceleration","NA","NA","Business | Pre-Impact Committee","NA","NA","Business | Impact Committee","NA","NA","Business | Impact","NA","NA","Business | Series B","NA","NA","OM | Incubation","NA","NA","OM | Pre-Hacking Committee","NA","NA","OM | Hacking Committee","NA","NA","OM | Acceleration","NA","NA","OM | Pre-Impact Committee ","NA","NA","OM | Impact Committee","NA","NA","OM | Impact","NA","Ecosystem | Incubation","NA","NA","Ecosystem | Pre-Hacking Committee","NA","NA","Ecosystem | Hacking Committee","NA","NA","Ecosystem | Acceleration","NA","NA","Ecosystem | Pre-Impact Committee ","NA","NA","Ecosystem | Impact Committee","NA","NA","Ecosystem | Impact","NA","NA"
"329","Le bien-être au région.","aquaparc ","06/07/2024","13/06/2025","003","Ideation","active","Finance","0","SBU Mining Phosboucraa","Soumission","06/07/2024","11/07/2024","Business (situation visant à générer des revenus)","Categorization","NA","NA","Ideation","11/07/2024","30/04/2025","Ideation | Demo Day ","NA","NA","Development","NA","NA","Business | Incubation","NA","NA","Business | Pre-Hacking Committee ","NA","NA","Business | Hacking Committee","NA","NA","Business | Acceleration","NA","NA","Business | Pre-Impact Committee","NA","NA","Business | Impact Committee","NA","NA","Business | Impact","NA","NA","Business | Series B","NA","NA","OM | Incubation","NA","NA","OM | Pre-Hacking Committee","NA","NA","OM | Hacking Committee","NA","NA","OM | Acceleration","NA","NA","OM | Pre-Impact Committee ","NA","NA","OM | Impact Committee","NA","NA","OM | Impact","NA","Ecosystem | Incubation","NA","NA","Ecosystem | Pre-Hacking Committee","NA","NA","Ecosystem | Hacking Committee","NA","NA","Ecosystem | Acceleration","NA","NA","Ecosystem | Pre-Impact Committee ","NA","NA","Ecosystem | Impact Committee","NA","NA","Ecosystem | Impact","NA","NA"
"330","Innovation Participative","L’Innovation Participative accompagne les SBUs et les filiales dans la détection, le lancement et le suivi des challenges d’innovation et canaux d'idéation ciblés via la plateforme web d'idéation et de cocréation de projets innovants innovocp.ocpgroup.ma","06/07/2024","05/06/2025","003","Ideation","active","Talent Development","0","NA","Soumission","06/07/2024","09/12/2024","Business (situation visant à générer des revenus)","Categorization","NA","NA","Ideation","16/12/2024","NA","Ideation | Demo Day ","NA","NA","Development","NA","NA","Business | Incubation","NA","NA","Business | Pre-Hacking Committee ","NA","NA","Business | Hacking Committee","NA","NA","Business | Acceleration","NA","NA","Business | Pre-Impact Committee","NA","NA","Business | Impact Committee","NA","NA","Business | Impact","NA","NA","Business | Series B","NA","NA","OM | Incubation","NA","NA","OM | Pre-Hacking Committee","NA","NA","OM | Hacking Committee","NA","NA","OM | Acceleration","NA","NA","OM | Pre-Impact Committee ","NA","NA","OM | Impact Committee","NA","NA","OM | Impact","NA","Ecosystem | Incubation","NA","NA","Ecosystem | Pre-Hacking Committee","NA","NA","Ecosystem | Hacking Committee","NA","NA","Ecosystem | Acceleration","NA","NA","Ecosystem | Pre-Impact Committee ","NA","NA","Ecosystem | Impact Committee","NA","NA","Ecosystem | Impact","NA","NA"
"331","EcoTRI","Création d'un écosystème innovant pour la collecte, le recyclage et la valorisation des déchets ménagers et industriels.","06/07/2024","26/06/2025","001","Categorization","active","Sustainability","0","SBU Mining ","Soumission","06/07/2024","NA","Ecosystème (situation visant à créer de la valeur avec l’écosystème du groupe)","Categorization","26/06/2025","26/06/2025","Ideation","NA","NA","Ideation | Demo Day ","NA","NA","Development","NA","NA","Business | Incubation","NA","NA","Business | Pre-Hacking Committee ","NA","NA","Business | Hacking Committee","NA","NA","Business | Acceleration","NA","NA","Business | Pre-Impact Committee","NA","NA","Business | Impact Committee","NA","NA","Business | Impact","NA","NA","Business | Series B","NA","NA","OM | Incubation","NA","NA","OM | Pre-Hacking Committee","NA","NA","OM | Hacking Committee","NA","NA","OM | Acceleration","NA","NA","OM | Pre-Impact Committee ","NA","NA","OM | Impact Committee","NA","NA","OM | Impact","NA","Ecosystem | Incubation","NA","NA","Ecosystem | Pre-Hacking Committee","NA","NA","Ecosystem | Hacking Committee","NA","NA","Ecosystem | Acceleration","NA","NA","Ecosystem | Pre-Impact Committee ","NA","NA","Ecosystem | Impact Committee","NA","NA","Ecosystem | Impact","NA","NA"
"332","Gas-instant","Gas Instant vise à fournir des informations cruciales pour la gestion des urgences, la prévention des risques, et la prise de décision éclairée pour la sécurité et la santé publique.","06/07/2024","13/06/2025","002","Ideation","active","Health & Safety","0","SBU Manufacturing Jorf","Soumission","06/07/2024","17/02/2025","Operating Model (situation visant à améliorer, optimiser ou changer des process, pratiques ou organisations de travail)","Categorization","NA","NA","Ideation","16/05/2025","NA","Ideation | Demo Day ","NA","NA","Development","NA","NA","Business | Incubation","NA","NA","Business | Pre-Hacking Committee ","NA","NA","Business | Hacking Committee","NA","NA","Business | Acceleration","NA","NA","Business | Pre-Impact Committee","NA","NA","Business | Impact Committee","NA","NA","Business | Impact","NA","NA","Business | Series B","NA","NA","OM | Incubation","NA","NA","OM | Pre-Hacking Committee","NA","NA","OM | Hacking Committee","NA","NA","OM | Acceleration","NA","NA","OM | Pre-Impact Committee ","NA","NA","OM | Impact Committee","NA","NA","OM | Impact","NA","Ecosystem | Incubation","NA","NA","Ecosystem | Pre-Hacking Committee","NA","NA","Ecosystem | Hacking Committee","NA","NA","Ecosystem | Acceleration","NA","NA","Ecosystem | Pre-Impact Committee ","NA","NA","Ecosystem | Impact Committee","NA","NA","Ecosystem | Impact","NA","NA"
"333","AI-Draft survey","Notre nouveau projet de drone vise à révolutionner l'opération de relever le tirant d'eau  (Draft Survey) sur les navires en intégrant l'IA et la technologie de capteurs avancée._x000D_
","06/07/2024","13/06/2025","003","Ideation","active","Optimisation industrielle","0","SBU Manufacturing Jorf","Soumission","06/07/2024","08/08/2024","Operating Model (situation visant à améliorer, optimiser ou changer des process, pratiques ou organisations de travail)","Categorization","NA","NA","Ideation","08/08/2024","20/03/2025","Ideation | Demo Day ","NA","NA","Development","NA","NA","Business | Incubation","NA","NA","Business | Pre-Hacking Committee ","NA","NA","Business | Hacking Committee","NA","NA","Business | Acceleration","NA","NA","Business | Pre-Impact Committee","NA","NA","Business | Impact Committee","NA","NA","Business | Impact","NA","NA","Business | Series B","NA","NA","OM | Incubation","NA","NA","OM | Pre-Hacking Committee","NA","NA","OM | Hacking Committee","NA","NA","OM | Acceleration","NA","NA","OM | Pre-Impact Committee ","NA","NA","OM | Impact Committee","NA","NA","OM | Impact","NA","Ecosystem | Incubation","NA","NA","Ecosystem | Pre-Hacking Committee","NA","NA","Ecosystem | Hacking Committee","NA","NA","Ecosystem | Acceleration","NA","NA","Ecosystem | Pre-Impact Committee ","NA","NA","Ecosystem | Impact Committee","NA","NA","Ecosystem | Impact","NA","NA"
"335","PhosHealth Applications","Exploration et développement de compléments alimentaires naturels à base de phosphates OCP et de plantes médicinales marocaines, avec pour objectif le test, le prototypage, le scale-up industriel et la mise sur le marché de solutions santé innovantes.","06/07/2024","21/06/2025","002","Ideation","active","Health & Safety","0","Corporate","Soumission","06/07/2024","11/07/2024","Business (situation visant à générer des revenus)","Categorization","NA","NA","Ideation","11/07/2024","NA","Ideation | Demo Day ","NA","NA","Development","NA","NA","Business | Incubation","NA","NA","Business | Pre-Hacking Committee ","NA","NA","Business | Hacking Committee","NA","NA","Business | Acceleration","NA","NA","Business | Pre-Impact Committee","NA","NA","Business | Impact Committee","NA","NA","Business | Impact","NA","NA","Business | Series B","NA","NA","OM | Incubation","NA","NA","OM | Pre-Hacking Committee","NA","NA","OM | Hacking Committee","NA","NA","OM | Acceleration","NA","NA","OM | Pre-Impact Committee ","NA","NA","OM | Impact Committee","NA","NA","OM | Impact","NA","Ecosystem | Incubation","NA","NA","Ecosystem | Pre-Hacking Committee","NA","NA","Ecosystem | Hacking Committee","NA","NA","Ecosystem | Acceleration","NA","NA","Ecosystem | Pre-Impact Committee ","NA","NA","Ecosystem | Impact Committee","NA","NA","Ecosystem | Impact","NA","NA"
"338","DiplomatEdge","Développement d’un programme de formation en diplomatie d’entreprise destiné aux collaborateurs d’OCP, notamment ceux en interaction avec des acteurs internationaux, en partenariat avec les experts en relations internationales.","06/07/2024","26/06/2025","002","Categorization","active","Talent Development","0","Corporate","Soumission","06/07/2024","NA","Operating Model (situation visant à améliorer, optimiser ou changer des process, pratiques ou organisations de travail)","Categorization","26/06/2025","26/06/2025","Ideation","NA","NA","Ideation | Demo Day ","NA","NA","Development","NA","NA","Business | Incubation","NA","NA","Business | Pre-Hacking Committee ","NA","NA","Business | Hacking Committee","NA","NA","Business | Acceleration","NA","NA","Business | Pre-Impact Committee","NA","NA","Business | Impact Committee","NA","NA","Business | Impact","NA","NA","Business | Series B","NA","NA","OM | Incubation","NA","NA","OM | Pre-Hacking Committee","NA","NA","OM | Hacking Committee","NA","NA","OM | Acceleration","NA","NA","OM | Pre-Impact Committee ","NA","NA","OM | Impact Committee","NA","NA","OM | Impact","NA","Ecosystem | Incubation","NA","NA","Ecosystem | Pre-Hacking Committee","NA","NA","Ecosystem | Hacking Committee","NA","NA","Ecosystem | Acceleration","NA","NA","Ecosystem | Pre-Impact Committee ","NA","NA","Ecosystem | Impact Committee","NA","NA","Ecosystem | Impact","NA","NA"
"339","Clean Solar Drying Solutions","Proposition d'exploration des alternatives au fioul pour le séchage du phosphate, en privilégiant une source d'énergie plus propre et rentable. L'intégration de l'énergie solaire dans le processus de séchage.","06/07/2024","13/06/2025","003","Ideation","active","Energy Solutions","0","SBU Mining Phosboucraa","Soumission","06/07/2024","17/07/2024","Business (situation visant à générer des revenus)","Categorization","NA","NA","Ideation","17/07/2024","NA","Ideation | Demo Day ","NA","NA","Development","NA","NA","Business | Incubation","NA","NA","Business | Pre-Hacking Committee ","NA","NA","Business | Hacking Committee","NA","NA","Business | Acceleration","NA","NA","Business | Pre-Impact Committee","NA","NA","Business | Impact Committee","NA","NA","Business | Impact","NA","NA","Business | Series B","NA","NA","OM | Incubation","NA","NA","OM | Pre-Hacking Committee","NA","NA","OM | Hacking Committee","NA","NA","OM | Acceleration","NA","NA","OM | Pre-Impact Committee ","NA","NA","OM | Impact Committee","NA","NA","OM | Impact","NA","Ecosystem | Incubation","NA","NA","Ecosystem | Pre-Hacking Committee","NA","NA","Ecosystem | Hacking Committee","NA","NA","Ecosystem | Acceleration","NA","NA","Ecosystem | Pre-Impact Committee ","NA","NA","Ecosystem | Impact Committee","NA","NA","Ecosystem | Impact","NA","NA"
"340","TurbineXcellence","Développer l'expertise en maintenance des turbines à vapeur","06/07/2024","13/06/2025","002","*Soumission*","active","Ecosystem","0","SBU Manufacturig Safi","Soumission","06/07/2024","NA","Business (situation visant à générer des revenus)","Categorization","NA","NA","Ideation","NA","NA","Ideation | Demo Day ","NA","NA","Development","NA","NA","Business | Incubation","NA","NA","Business | Pre-Hacking Committee ","NA","NA","Business | Hacking Committee","NA","NA","Business | Acceleration","NA","NA","Business | Pre-Impact Committee","NA","NA","Business | Impact Committee","NA","NA","Business | Impact","NA","NA","Business | Series B","NA","NA","OM | Incubation","NA","NA","OM | Pre-Hacking Committee","NA","NA","OM | Hacking Committee","NA","NA","OM | Acceleration","NA","NA","OM | Pre-Impact Committee ","NA","NA","OM | Impact Committee","NA","NA","OM | Impact","NA","Ecosystem | Incubation","NA","NA","Ecosystem | Pre-Hacking Committee","NA","NA","Ecosystem | Hacking Committee","NA","NA","Ecosystem | Acceleration","NA","NA","Ecosystem | Pre-Impact Committee ","NA","NA","Ecosystem | Impact Committee","NA","NA","Ecosystem | Impact","NA","NA"
"343","OCP Energy","OCP Energy est un projet innovant qui transforme les rouleaux de convoyeurs à bande en générateurs d’électricité. Il valorise le mouvement mécanique pour produire une énergie verte, utile aux capteurs et systèmes industriels, tout en réduisant la consomma","06/07/2024","26/06/2025","001","Categorization","active","Energy Solutions","0","SBU Mining Phosboucraa","Soumission","06/07/2024","NA","Ecosystème (situation visant à créer de la valeur avec l’écosystème du groupe)","Categorization","26/06/2025","26/06/2025","Ideation","NA","NA","Ideation | Demo Day ","NA","NA","Development","NA","NA","Business | Incubation","NA","NA","Business | Pre-Hacking Committee ","NA","NA","Business | Hacking Committee","NA","NA","Business | Acceleration","NA","NA","Business | Pre-Impact Committee","NA","NA","Business | Impact Committee","NA","NA","Business | Impact","NA","NA","Business | Series B","NA","NA","OM | Incubation","NA","NA","OM | Pre-Hacking Committee","NA","NA","OM | Hacking Committee","NA","NA","OM | Acceleration","NA","NA","OM | Pre-Impact Committee ","NA","NA","OM | Impact Committee","NA","NA","OM | Impact","NA","Ecosystem | Incubation","NA","NA","Ecosystem | Pre-Hacking Committee","NA","NA","Ecosystem | Hacking Committee","NA","NA","Ecosystem | Acceleration","NA","NA","Ecosystem | Pre-Impact Committee ","NA","NA","Ecosystem | Impact Committee","NA","NA","Ecosystem | Impact","NA","NA"
"344","ODC Ocp Drone Cleaner","L’inspection et le nettoyage des lignes THT par drone offrent une solution innovante, plus sûre et économique que les méthodes traditionnelles, réduisant coûts, risques pour les opérateurs et difficultés d’accès.","06/07/2024","13/06/2025","003","Ideation","active","Digital","0","SBU Mining Phosboucraa","Soumission","06/07/2024","11/07/2024","Business (situation visant à générer des revenus)","Categorization","NA","NA","Ideation","11/07/2024","09/06/2025","Ideation | Demo Day ","NA","NA","Development","NA","NA","Business | Incubation","NA","NA","Business | Pre-Hacking Committee ","NA","NA","Business | Hacking Committee","NA","NA","Business | Acceleration","NA","NA","Business | Pre-Impact Committee","NA","NA","Business | Impact Committee","NA","NA","Business | Impact","NA","NA","Business | Series B","NA","NA","OM | Incubation","NA","NA","OM | Pre-Hacking Committee","NA","NA","OM | Hacking Committee","NA","NA","OM | Acceleration","NA","NA","OM | Pre-Impact Committee ","NA","NA","OM | Impact Committee","NA","NA","OM | Impact","NA","Ecosystem | Incubation","NA","NA","Ecosystem | Pre-Hacking Committee","NA","NA","Ecosystem | Hacking Committee","NA","NA","Ecosystem | Acceleration","NA","NA","Ecosystem | Pre-Impact Committee ","NA","NA","Ecosystem | Impact Committee","NA","NA","Ecosystem | Impact","NA","NA"
"346","AI-Maintenance","Intégration de l'intelligence artificielle (IA) dans la maintenance mécanique","06/07/2024","13/06/2025","001","*Soumission*","active","Digital","0","SBU Mining Gantour","Soumission","06/07/2024","NA","Business (situation visant à générer des revenus)","Categorization","NA","NA","Ideation","NA","NA","Ideation | Demo Day ","NA","NA","Development","NA","NA","Business | Incubation","NA","NA","Business | Pre-Hacking Committee ","NA","NA","Business | Hacking Committee","NA","NA","Business | Acceleration","NA","NA","Business | Pre-Impact Committee","NA","NA","Business | Impact Committee","NA","NA","Business | Impact","NA","NA","Business | Series B","NA","NA","OM | Incubation","NA","NA","OM | Pre-Hacking Committee","NA","NA","OM | Hacking Committee","NA","NA","OM | Acceleration","NA","NA","OM | Pre-Impact Committee ","NA","NA","OM | Impact Committee","NA","NA","OM | Impact","NA","Ecosystem | Incubation","NA","NA","Ecosystem | Pre-Hacking Committee","NA","NA","Ecosystem | Hacking Committee","NA","NA","Ecosystem | Acceleration","NA","NA","Ecosystem | Pre-Impact Committee ","NA","NA","Ecosystem | Impact Committee","NA","NA","Ecosystem | Impact","NA","NA"
"347","OCPBrainStor","OCPBrainStor est une situation innovante.un écosystème où le brainstorming et l'intelligence collective s'entrelacent en harmonie.un 'Stor',véritable coffre-fort de solutions formalisées et documents essentiels.ainsi qu'un guichet unique des applications.","06/07/2024","13/06/2025","002","Ideation","active","Digital","0","Corporate","Soumission","06/07/2024","11/07/2024","Operating Model (situation visant à améliorer, optimiser ou changer des process, pratiques ou organisations de travail)","Categorization","NA","NA","Ideation","11/07/2024","NA","Ideation | Demo Day ","NA","NA","Development","NA","NA","Business | Incubation","NA","NA","Business | Pre-Hacking Committee ","NA","NA","Business | Hacking Committee","NA","NA","Business | Acceleration","NA","NA","Business | Pre-Impact Committee","NA","NA","Business | Impact Committee","NA","NA","Business | Impact","NA","NA","Business | Series B","NA","NA","OM | Incubation","NA","NA","OM | Pre-Hacking Committee","NA","NA","OM | Hacking Committee","NA","NA","OM | Acceleration","NA","NA","OM | Pre-Impact Committee ","NA","NA","OM | Impact Committee","NA","NA","OM | Impact","NA","Ecosystem | Incubation","NA","NA","Ecosystem | Pre-Hacking Committee","NA","NA","Ecosystem | Hacking Committee","NA","NA","Ecosystem | Acceleration","NA","NA","Ecosystem | Pre-Impact Committee ","NA","NA","Ecosystem | Impact Committee","NA","NA","Ecosystem | Impact","NA","NA"
"348","CrystalFert Solutions","L'unité de production d'engrais soluble de Jorf Lasfar est déjà une première au niveau de OCP , elle a démarré en 2020 avec un process innovant au niveau mondial pour la production d'une seule qualité premium d'engrais ""MAPS 12 61 00"" , l'objectif de notr","06/07/2024","21/06/2025","001","Ideation","active","Fertilizers & Farmers Solutions","0","SBU Manufacturing Jorf","Soumission","06/07/2024","NA","Business (situation visant à générer des revenus)","Categorization","NA","NA","Ideation","30/05/2025","NA","Ideation | Demo Day ","NA","NA","Development","NA","NA","Business | Incubation","NA","NA","Business | Pre-Hacking Committee ","NA","NA","Business | Hacking Committee","NA","NA","Business | Acceleration","NA","NA","Business | Pre-Impact Committee","NA","NA","Business | Impact Committee","NA","NA","Business | Impact","NA","NA","Business | Series B","NA","NA","OM | Incubation","NA","NA","OM | Pre-Hacking Committee","NA","NA","OM | Hacking Committee","NA","NA","OM | Acceleration","NA","NA","OM | Pre-Impact Committee ","NA","NA","OM | Impact Committee","NA","NA","OM | Impact","NA","Ecosystem | Incubation","NA","NA","Ecosystem | Pre-Hacking Committee","NA","NA","Ecosystem | Hacking Committee","NA","NA","Ecosystem | Acceleration","NA","NA","Ecosystem | Pre-Impact Committee ","NA","NA","Ecosystem | Impact Committee","NA","NA","Ecosystem | Impact","NA","NA"
"349","Digi office 2025","Cette application pourrait jouer un rôle essentiel dans la prévention des accidents en milieu de travail, en facilitant la gestion des risques et en permettant une communication fluide et rapide en cas d'urgence._x000D_
","06/07/2024","13/06/2025","009","Ideation","active","Digital","0","SBU Mining Khouribga","Soumission","06/07/2024","11/07/2024","Operating Model (situation visant à améliorer, optimiser ou changer des process, pratiques ou organisations de travail)","Categorization","NA","NA","Ideation","11/07/2024","19/01/2025","Ideation | Demo Day ","NA","NA","Development","NA","NA","Business | Incubation","NA","NA","Business | Pre-Hacking Committee ","NA","NA","Business | Hacking Committee","NA","NA","Business | Acceleration","NA","NA","Business | Pre-Impact Committee","NA","NA","Business | Impact Committee","NA","NA","Business | Impact","NA","NA","Business | Series B","NA","NA","OM | Incubation","NA","NA","OM | Pre-Hacking Committee","NA","NA","OM | Hacking Committee","NA","NA","OM | Acceleration","NA","NA","OM | Pre-Impact Committee ","NA","NA","OM | Impact Committee","NA","NA","OM | Impact","NA","Ecosystem | Incubation","NA","NA","Ecosystem | Pre-Hacking Committee","NA","NA","Ecosystem | Hacking Committee","NA","NA","Ecosystem | Acceleration","NA","NA","Ecosystem | Pre-Impact Committee ","NA","NA","Ecosystem | Impact Committee","NA","NA","Ecosystem | Impact","NA","NA"
"351","Consignation Digitale","Mon idée c’est la digitalisation les panneaux de consignation/déconsignation des Equipment. Cette idée a pour but de :  1.	Maitrise l’heure et qui fait la consignation/déconsignation grasse a une notification envoie par SMS au portable des responsable de","06/07/2024","21/06/2025","003","Ideation","active","Digital","0","SBU Manufacturig Safi","Soumission","06/07/2024","19/05/2025","Operating Model (situation visant à améliorer, optimiser ou changer des process, pratiques ou organisations de travail)","Categorization","NA","NA","Ideation","30/05/2025","01/06/2025","Ideation | Demo Day ","NA","NA","Development","NA","NA","Business | Incubation","NA","NA","Business | Pre-Hacking Committee ","NA","NA","Business | Hacking Committee","NA","NA","Business | Acceleration","NA","NA","Business | Pre-Impact Committee","NA","NA","Business | Impact Committee","NA","NA","Business | Impact","NA","NA","Business | Series B","NA","NA","OM | Incubation","NA","NA","OM | Pre-Hacking Committee","NA","NA","OM | Hacking Committee","NA","NA","OM | Acceleration","NA","NA","OM | Pre-Impact Committee ","NA","NA","OM | Impact Committee","NA","NA","OM | Impact","NA","Ecosystem | Incubation","NA","NA","Ecosystem | Pre-Hacking Committee","NA","NA","Ecosystem | Hacking Committee","NA","NA","Ecosystem | Acceleration","NA","NA","Ecosystem | Pre-Impact Committee ","NA","NA","Ecosystem | Impact Committee","NA","NA","Ecosystem | Impact","NA","NA"
"353","S4AE","La problématique sur lequel repose ce projet réside dans l'obsolescence prématurée des équipements industriels et la conséquente perte de ressources associée.  Cette pratique entraîne un gaspillage considérable de ressources matérielles et financières. De","06/07/2024","13/06/2025","003","Ideation","active","Recycling & Waste Management","0","SBU Mining Khouribga","Soumission","06/07/2024","11/07/2024","Operating Model (situation visant à améliorer, optimiser ou changer des process, pratiques ou organisations de travail)","Categorization","NA","NA","Ideation","11/07/2024","NA","Ideation | Demo Day ","NA","NA","Development","NA","NA","Business | Incubation","NA","NA","Business | Pre-Hacking Committee ","NA","NA","Business | Hacking Committee","NA","NA","Business | Acceleration","NA","NA","Business | Pre-Impact Committee","NA","NA","Business | Impact Committee","NA","NA","Business | Impact","NA","NA","Business | Series B","NA","NA","OM | Incubation","NA","NA","OM | Pre-Hacking Committee","NA","NA","OM | Hacking Committee","NA","NA","OM | Acceleration","NA","NA","OM | Pre-Impact Committee ","NA","NA","OM | Impact Committee","NA","NA","OM | Impact","NA","Ecosystem | Incubation","NA","NA","Ecosystem | Pre-Hacking Committee","NA","NA","Ecosystem | Hacking Committee","NA","NA","Ecosystem | Acceleration","NA","NA","Ecosystem | Pre-Impact Committee ","NA","NA","Ecosystem | Impact Committee","NA","NA","Ecosystem | Impact","NA","NA"
"360","Walt World Ali Baba Mining","Création d'un parc d'attractions minier appelé ""Walt World Ali Baba Mining"" près de Benguerir, en bcapitalisant sur le flux touristique important dans la région. En exploitant des partenariats avec des agences de voyages, l'objectif est d'attirer des mill","06/07/2024","13/06/2025","002","Ideation","active","Sustainability","0","SBU Mining Khouribga","Soumission","06/07/2024","15/07/2024","Business (situation visant à générer des revenus)","Categorization","NA","NA","Ideation","15/07/2024","16/07/2024","Ideation | Demo Day ","NA","NA","Development","NA","NA","Business | Incubation","NA","NA","Business | Pre-Hacking Committee ","NA","NA","Business | Hacking Committee","NA","NA","Business | Acceleration","NA","NA","Business | Pre-Impact Committee","NA","NA","Business | Impact Committee","NA","NA","Business | Impact","NA","NA","Business | Series B","NA","NA","OM | Incubation","NA","NA","OM | Pre-Hacking Committee","NA","NA","OM | Hacking Committee","NA","NA","OM | Acceleration","NA","NA","OM | Pre-Impact Committee ","NA","NA","OM | Impact Committee","NA","NA","OM | Impact","NA","Ecosystem | Incubation","NA","NA","Ecosystem | Pre-Hacking Committee","NA","NA","Ecosystem | Hacking Committee","NA","NA","Ecosystem | Acceleration","NA","NA","Ecosystem | Pre-Impact Committee ","NA","NA","Ecosystem | Impact Committee","NA","NA","Ecosystem | Impact","NA","NA"
"363","Water RO Membrane","En raison des projets de dessalement réalisés et en cours dans notre royaume, ainsi que de l'adoption croissante des filtres domestiques, la demande en membranes d'osmose inverse industrielles et domestiques augmentera dans un avenir proche. ","06/07/2024","13/06/2025","003","Ideation","active","Sustainability","0","SBU Mining  ","Soumission","06/07/2024","12/07/2024","Ecosystème (situation visant à créer de la valeur avec l’écosystème du groupe)","Categorization","NA","NA","Ideation","12/07/2024","20/02/2025","Ideation | Demo Day ","NA","NA","Development","NA","NA","Business | Incubation","NA","NA","Business | Pre-Hacking Committee ","NA","NA","Business | Hacking Committee","NA","NA","Business | Acceleration","NA","NA","Business | Pre-Impact Committee","NA","NA","Business | Impact Committee","NA","NA","Business | Impact","NA","NA","Business | Series B","NA","NA","OM | Incubation","NA","NA","OM | Pre-Hacking Committee","NA","NA","OM | Hacking Committee","NA","NA","OM | Acceleration","NA","NA","OM | Pre-Impact Committee ","NA","NA","OM | Impact Committee","NA","NA","OM | Impact","NA","Ecosystem | Incubation","NA","NA","Ecosystem | Pre-Hacking Committee","NA","NA","Ecosystem | Hacking Committee","NA","NA","Ecosystem | Acceleration","NA","NA","Ecosystem | Pre-Impact Committee ","NA","NA","Ecosystem | Impact Committee","NA","NA","Ecosystem | Impact","NA","NA"
"365","Fleet Management","La gestion d'un parc automobile diversifié et en constante évolution est devenue chronophage et complexe, impliquant plusieurs services internes. Pour optimiser cette gestion, notamment avec l'introduction prévue de véhicules électriques, l'externalisatio","06/07/2024","13/06/2025","001","Ideation","active","Facility Management","0","SBU Manufacturing Jorf","Soumission","06/07/2024","12/07/2024","Business (situation visant à générer des revenus)","Categorization","NA","NA","Ideation","12/07/2024","NA","Ideation | Demo Day ","NA","NA","Development","NA","NA","Business | Incubation","NA","NA","Business | Pre-Hacking Committee ","NA","NA","Business | Hacking Committee","NA","NA","Business | Acceleration","NA","NA","Business | Pre-Impact Committee","NA","NA","Business | Impact Committee","NA","NA","Business | Impact","NA","NA","Business | Series B","NA","NA","OM | Incubation","NA","NA","OM | Pre-Hacking Committee","NA","NA","OM | Hacking Committee","NA","NA","OM | Acceleration","NA","NA","OM | Pre-Impact Committee ","NA","NA","OM | Impact Committee","NA","NA","OM | Impact","NA","Ecosystem | Incubation","NA","NA","Ecosystem | Pre-Hacking Committee","NA","NA","Ecosystem | Hacking Committee","NA","NA","Ecosystem | Acceleration","NA","NA","Ecosystem | Pre-Impact Committee ","NA","NA","Ecosystem | Impact Committee","NA","NA","Ecosystem | Impact","NA","NA"
"366","Safe roads","Création d'une entité dédiée à la sécurité routière est une initiative essentielle pour sensibiliser et prévenir les accidents de la route. Cette entité pourrait mettre en place des campagnes de sensibilisation, des programmes de formation et des actions ","06/07/2024","13/06/2025","001","Ideation","active","Ecosystem","0","SBU Manufacturing Jorf","Soumission","06/07/2024","11/07/2024","Ecosystème (situation visant à créer de la valeur avec l’écosystème du groupe)","Categorization","NA","NA","Ideation","11/07/2024","NA","Ideation | Demo Day ","NA","NA","Development","NA","NA","Business | Incubation","NA","NA","Business | Pre-Hacking Committee ","NA","NA","Business | Hacking Committee","NA","NA","Business | Acceleration","NA","NA","Business | Pre-Impact Committee","NA","NA","Business | Impact Committee","NA","NA","Business | Impact","NA","NA","Business | Series B","NA","NA","OM | Incubation","NA","NA","OM | Pre-Hacking Committee","NA","NA","OM | Hacking Committee","NA","NA","OM | Acceleration","NA","NA","OM | Pre-Impact Committee ","NA","NA","OM | Impact Committee","NA","NA","OM | Impact","NA","Ecosystem | Incubation","NA","NA","Ecosystem | Pre-Hacking Committee","NA","NA","Ecosystem | Hacking Committee","NA","NA","Ecosystem | Acceleration","NA","NA","Ecosystem | Pre-Impact Committee ","NA","NA","Ecosystem | Impact Committee","NA","NA","Ecosystem | Impact","NA","NA"
"367","Insect Breeding","D'ici trente ans, la population mondiale devrait augmenter de 2 milliards d'habitants, passant de 7,7 milliards à 9,7 milliards en 2050, selon les projections de l'ONU. Cette croissance démographique aura un impact sur nos habitudes alimentaires et de con","06/07/2024","21/06/2025","001","Ideation","active","Sustainability","0","Corporate","Soumission","06/07/2024","NA","Business (situation visant à générer des revenus)","Categorization","NA","NA","Ideation","30/05/2025","NA","Ideation | Demo Day ","NA","NA","Development","NA","NA","Business | Incubation","NA","NA","Business | Pre-Hacking Committee ","NA","NA","Business | Hacking Committee","NA","NA","Business | Acceleration","NA","NA","Business | Pre-Impact Committee","NA","NA","Business | Impact Committee","NA","NA","Business | Impact","NA","NA","Business | Series B","NA","NA","OM | Incubation","NA","NA","OM | Pre-Hacking Committee","NA","NA","OM | Hacking Committee","NA","NA","OM | Acceleration","NA","NA","OM | Pre-Impact Committee ","NA","NA","OM | Impact Committee","NA","NA","OM | Impact","NA","Ecosystem | Incubation","NA","NA","Ecosystem | Pre-Hacking Committee","NA","NA","Ecosystem | Hacking Committee","NA","NA","Ecosystem | Acceleration","NA","NA","Ecosystem | Pre-Impact Committee ","NA","NA","Ecosystem | Impact Committee","NA","NA","Ecosystem | Impact","NA","NA"
"368","EcoDryTech","z","06/07/2024","13/06/2025","002","Ideation","active","Cost leadership","0","SBU Mining Phosboucraa","Soumission","06/07/2024","20/07/2024","Operating Model (situation visant à améliorer, optimiser ou changer des process, pratiques ou organisations de travail)","Categorization","NA","NA","Ideation","20/07/2024","28/10/2024","Ideation | Demo Day ","NA","NA","Development","NA","NA","Business | Incubation","NA","NA","Business | Pre-Hacking Committee ","NA","NA","Business | Hacking Committee","NA","NA","Business | Acceleration","NA","NA","Business | Pre-Impact Committee","NA","NA","Business | Impact Committee","NA","NA","Business | Impact","NA","NA","Business | Series B","NA","NA","OM | Incubation","NA","NA","OM | Pre-Hacking Committee","NA","NA","OM | Hacking Committee","NA","NA","OM | Acceleration","NA","NA","OM | Pre-Impact Committee ","NA","NA","OM | Impact Committee","NA","NA","OM | Impact","NA","Ecosystem | Incubation","NA","NA","Ecosystem | Pre-Hacking Committee","NA","NA","Ecosystem | Hacking Committee","NA","NA","Ecosystem | Acceleration","NA","NA","Ecosystem | Pre-Impact Committee ","NA","NA","Ecosystem | Impact Committee","NA","NA","Ecosystem | Impact","NA","NA"
"369","Désensablement pneumatique","l'idée de notre situation est d'opter pour le désensablement par le transport pneumatique le long des convoyeurs situés au milieu des dunes sur le site de Phosboucraa, offrant ainsi une alternative plus efficace et économique à l'évacuation du sable par c","06/07/2024","13/06/2025","001","*Soumission*","active","Sustainability","0","SBU Mining Phosboucraa","Soumission","06/07/2024","NA","Operating Model (situation visant à améliorer, optimiser ou changer des process, pratiques ou organisations de travail)","Categorization","NA","NA","Ideation","NA","NA","Ideation | Demo Day ","NA","NA","Development","NA","NA","Business | Incubation","NA","NA","Business | Pre-Hacking Committee ","NA","NA","Business | Hacking Committee","NA","NA","Business | Acceleration","NA","NA","Business | Pre-Impact Committee","NA","NA","Business | Impact Committee","NA","NA","Business | Impact","NA","NA","Business | Series B","NA","NA","OM | Incubation","NA","NA","OM | Pre-Hacking Committee","NA","NA","OM | Hacking Committee","NA","NA","OM | Acceleration","NA","NA","OM | Pre-Impact Committee ","NA","NA","OM | Impact Committee","NA","NA","OM | Impact","NA","Ecosystem | Incubation","NA","NA","Ecosystem | Pre-Hacking Committee","NA","NA","Ecosystem | Hacking Committee","NA","NA","Ecosystem | Acceleration","NA","NA","Ecosystem | Pre-Impact Committee ","NA","NA","Ecosystem | Impact Committee","NA","NA","Ecosystem | Impact","NA","NA"
"372","OnSite Bites","Création d'une application de réservation et livraison de repas sur site en  collaboration avec des restaurants OCP ou externe.","06/07/2024","13/06/2025","001","Ideation","active","Well-being","0","SBU Manufacturing Jorf","Soumission","06/07/2024","04/12/2024","Business (situation visant à générer des revenus)","Categorization","NA","NA","Ideation","16/05/2025","NA","Ideation | Demo Day ","NA","NA","Development","NA","NA","Business | Incubation","NA","NA","Business | Pre-Hacking Committee ","NA","NA","Business | Hacking Committee","NA","NA","Business | Acceleration","NA","NA","Business | Pre-Impact Committee","NA","NA","Business | Impact Committee","NA","NA","Business | Impact","NA","NA","Business | Series B","NA","NA","OM | Incubation","NA","NA","OM | Pre-Hacking Committee","NA","NA","OM | Hacking Committee","NA","NA","OM | Acceleration","NA","NA","OM | Pre-Impact Committee ","NA","NA","OM | Impact Committee","NA","NA","OM | Impact","NA","Ecosystem | Incubation","NA","NA","Ecosystem | Pre-Hacking Committee","NA","NA","Ecosystem | Hacking Committee","NA","NA","Ecosystem | Acceleration","NA","NA","Ecosystem | Pre-Impact Committee ","NA","NA","Ecosystem | Impact Committee","NA","NA","Ecosystem | Impact","NA","NA"
"373","NBS(NauticalBusinessSolutions)","Création d'une société dans le cadre de l'intrapreneuriat visant à répondre aux besoins croissants de l'OCP et du secteur maritime en matière d'expertise technique et opérationnelle.","06/07/2024","13/06/2025","002","Ideation","active","Operating Model","0","SBU Manufacturig Safi","Soumission","06/07/2024","09/08/2024","Business (situation visant à générer des revenus)","Categorization","NA","NA","Ideation","09/08/2024","24/11/2024","Ideation | Demo Day ","NA","NA","Development","NA","NA","Business | Incubation","NA","NA","Business | Pre-Hacking Committee ","NA","NA","Business | Hacking Committee","NA","NA","Business | Acceleration","NA","NA","Business | Pre-Impact Committee","NA","NA","Business | Impact Committee","NA","NA","Business | Impact","NA","NA","Business | Series B","NA","NA","OM | Incubation","NA","NA","OM | Pre-Hacking Committee","NA","NA","OM | Hacking Committee","NA","NA","OM | Acceleration","NA","NA","OM | Pre-Impact Committee ","NA","NA","OM | Impact Committee","NA","NA","OM | Impact","NA","Ecosystem | Incubation","NA","NA","Ecosystem | Pre-Hacking Committee","NA","NA","Ecosystem | Hacking Committee","NA","NA","Ecosystem | Acceleration","NA","NA","Ecosystem | Pre-Impact Committee ","NA","NA","Ecosystem | Impact Committee","NA","NA","Ecosystem | Impact","NA","NA"
"374","Harmony'X Lab","Harmony'X Lab promeut des approches interdisciplinaires visant à améliorer l’environnement de travail, la cohésion sociale et l’inclusion, en intégrant les études psychosociologiques dans les stratégies de développement du Groupe. ","06/07/2024","13/06/2025","008","Ideation","active","Operating Model","0","Corporate","Soumission","06/07/2024","15/07/2024","Operating Model (situation visant à améliorer, optimiser ou changer des process, pratiques ou organisations de travail)","Categorization","NA","NA","Ideation","15/07/2024","NA","Ideation | Demo Day ","NA","NA","Development","NA","NA","Business | Incubation","NA","NA","Business | Pre-Hacking Committee ","NA","NA","Business | Hacking Committee","NA","NA","Business | Acceleration","NA","NA","Business | Pre-Impact Committee","NA","NA","Business | Impact Committee","NA","NA","Business | Impact","NA","NA","Business | Series B","NA","NA","OM | Incubation","NA","NA","OM | Pre-Hacking Committee","NA","NA","OM | Hacking Committee","NA","NA","OM | Acceleration","NA","NA","OM | Pre-Impact Committee ","NA","NA","OM | Impact Committee","NA","NA","OM | Impact","NA","Ecosystem | Incubation","NA","NA","Ecosystem | Pre-Hacking Committee","NA","NA","Ecosystem | Hacking Committee","NA","NA","Ecosystem | Acceleration","NA","NA","Ecosystem | Pre-Impact Committee ","NA","NA","Ecosystem | Impact Committee","NA","NA","Ecosystem | Impact","NA","NA"
"375","Eco-Supply chain","Intégration d'une démarche écologique dans la gestion de la chaîne logistique d'OCP","06/07/2024","13/06/2025","001","*Soumission*","active","Sustainability","0","SBU Mining Khouribga","Soumission","06/07/2024","NA","Operating Model (situation visant à améliorer, optimiser ou changer des process, pratiques ou organisations de travail)","Categorization","NA","NA","Ideation","NA","NA","Ideation | Demo Day ","NA","NA","Development","NA","NA","Business | Incubation","NA","NA","Business | Pre-Hacking Committee ","NA","NA","Business | Hacking Committee","NA","NA","Business | Acceleration","NA","NA","Business | Pre-Impact Committee","NA","NA","Business | Impact Committee","NA","NA","Business | Impact","NA","NA","Business | Series B","NA","NA","OM | Incubation","NA","NA","OM | Pre-Hacking Committee","NA","NA","OM | Hacking Committee","NA","NA","OM | Acceleration","NA","NA","OM | Pre-Impact Committee ","NA","NA","OM | Impact Committee","NA","NA","OM | Impact","NA","Ecosystem | Incubation","NA","NA","Ecosystem | Pre-Hacking Committee","NA","NA","Ecosystem | Hacking Committee","NA","NA","Ecosystem | Acceleration","NA","NA","Ecosystem | Pre-Impact Committee ","NA","NA","Ecosystem | Impact Committee","NA","NA","Ecosystem | Impact","NA","NA"
"377","FLASHREPAIRS","Révision et réparation des moteurs électriques en interne et par les compétences et expériences des collaborateurs OCP .","06/07/2024","13/06/2025","003","Ideation","active","Optimisation industrielle","0","SBU Manufacturig Safi","Soumission","06/07/2024","04/10/2024","Operating Model (situation visant à améliorer, optimiser ou changer des process, pratiques ou organisations de travail)","Categorization","NA","NA","Ideation","17/12/2024","NA","Ideation | Demo Day ","NA","NA","Development","NA","NA","Business | Incubation","NA","NA","Business | Pre-Hacking Committee ","NA","NA","Business | Hacking Committee","NA","NA","Business | Acceleration","NA","NA","Business | Pre-Impact Committee","NA","NA","Business | Impact Committee","NA","NA","Business | Impact","NA","NA","Business | Series B","NA","NA","OM | Incubation","NA","NA","OM | Pre-Hacking Committee","NA","NA","OM | Hacking Committee","NA","NA","OM | Acceleration","NA","NA","OM | Pre-Impact Committee ","NA","NA","OM | Impact Committee","NA","NA","OM | Impact","NA","Ecosystem | Incubation","NA","NA","Ecosystem | Pre-Hacking Committee","NA","NA","Ecosystem | Hacking Committee","NA","NA","Ecosystem | Acceleration","NA","NA","Ecosystem | Pre-Impact Committee ","NA","NA","Ecosystem | Impact Committee","NA","NA","Ecosystem | Impact","NA","NA"
"382","AgriInnov Africa","L'Initiative Al Moutmir, en interaction directe avec les agriculteurs, vise à développer des prototypes d'outils agricoles adaptés aux réalités africaines. En collaboration avec l'AAIT et l'ACT network, un projet pilote réussi a été lancé","06/07/2024","25/06/2025","006","Ideation","active","Optimisation industrielle","0","Corporate","Soumission","06/07/2024","NA","Business (situation visant à générer des revenus)","Categorization","NA","NA","Ideation","12/07/2024","NA","Ideation | Demo Day ","NA","NA","Development","NA","NA","Business | Incubation","NA","NA","Business | Pre-Hacking Committee ","NA","NA","Business | Hacking Committee","NA","NA","Business | Acceleration","NA","NA","Business | Pre-Impact Committee","NA","NA","Business | Impact Committee","NA","NA","Business | Impact","NA","NA","Business | Series B","NA","NA","OM | Incubation","NA","NA","OM | Pre-Hacking Committee","NA","NA","OM | Hacking Committee","NA","NA","OM | Acceleration","NA","NA","OM | Pre-Impact Committee ","NA","NA","OM | Impact Committee","NA","NA","OM | Impact","NA","Ecosystem | Incubation","NA","NA","Ecosystem | Pre-Hacking Committee","NA","NA","Ecosystem | Hacking Committee","NA","NA","Ecosystem | Acceleration","NA","NA","Ecosystem | Pre-Impact Committee ","NA","NA","Ecosystem | Impact Committee","NA","NA","Ecosystem | Impact","NA","NA"
"383","Audiovisuel project","Production et coproduction de projet audiovisuel par financement participatif (long metrage)_x000D_
ma vision est de mètre en ouvre les moyen OCP (plateformes, équipements, décor,,, )_x000D_
profiter de chaque Km²  exploité ou non exploité par le groupe","06/07/2024","13/06/2025","001","Ideation","active","Recycling & Waste Management","0","SBU Manufacturing Jorf","Soumission","06/07/2024","15/01/2025","Business (situation visant à générer des revenus)","Categorization","NA","NA","Ideation","16/05/2025","NA","Ideation | Demo Day ","NA","NA","Development","NA","NA","Business | Incubation","NA","NA","Business | Pre-Hacking Committee ","NA","NA","Business | Hacking Committee","NA","NA","Business | Acceleration","NA","NA","Business | Pre-Impact Committee","NA","NA","Business | Impact Committee","NA","NA","Business | Impact","NA","NA","Business | Series B","NA","NA","OM | Incubation","NA","NA","OM | Pre-Hacking Committee","NA","NA","OM | Hacking Committee","NA","NA","OM | Acceleration","NA","NA","OM | Pre-Impact Committee ","NA","NA","OM | Impact Committee","NA","NA","OM | Impact","NA","Ecosystem | Incubation","NA","NA","Ecosystem | Pre-Hacking Committee","NA","NA","Ecosystem | Hacking Committee","NA","NA","Ecosystem | Acceleration","NA","NA","Ecosystem | Pre-Impact Committee ","NA","NA","Ecosystem | Impact Committee","NA","NA","Ecosystem | Impact","NA","NA"
"384","bibliothèque métiers","Création d'une bibliothèques multimédia ayant pour but le partage de connaissances","06/07/2024","13/06/2025","006","Ideation","active","Communication","0","SBU Manufacturing Jorf","Soumission","06/07/2024","12/07/2024","Operating Model (situation visant à améliorer, optimiser ou changer des process, pratiques ou organisations de travail)","Categorization","NA","NA","Ideation","12/07/2024","NA","Ideation | Demo Day ","NA","NA","Development","NA","NA","Business | Incubation","NA","NA","Business | Pre-Hacking Committee ","NA","NA","Business | Hacking Committee","NA","NA","Business | Acceleration","NA","NA","Business | Pre-Impact Committee","NA","NA","Business | Impact Committee","NA","NA","Business | Impact","NA","NA","Business | Series B","NA","NA","OM | Incubation","NA","NA","OM | Pre-Hacking Committee","NA","NA","OM | Hacking Committee","NA","NA","OM | Acceleration","NA","NA","OM | Pre-Impact Committee ","NA","NA","OM | Impact Committee","NA","NA","OM | Impact","NA","Ecosystem | Incubation","NA","NA","Ecosystem | Pre-Hacking Committee","NA","NA","Ecosystem | Hacking Committee","NA","NA","Ecosystem | Acceleration","NA","NA","Ecosystem | Pre-Impact Committee ","NA","NA","Ecosystem | Impact Committee","NA","NA","Ecosystem | Impact","NA","NA"
"386","NutriWings","NutriWings vise à développer des compléments alimentaires durables à base d'insectes comestibles, en valorisant les déchets organiques pour répondre aux besoins croissants en protéines et relever les défis environnementaux.  (Durabilité et de Circularité)","06/07/2024","13/06/2025","002","Development","active","Agroalimentaire","0","SBU Mining ","Soumission","06/07/2024","14/07/2024","Business (situation visant à générer des revenus)","Categorization","NA","NA","Ideation","14/07/2024","15/07/2024","Ideation | Demo Day ","20/07/2024","20/07/2024","Development","29/07/2024","NA","Business | Incubation","NA","NA","Business | Pre-Hacking Committee ","NA","NA","Business | Hacking Committee","NA","NA","Business | Acceleration","NA","NA","Business | Pre-Impact Committee","NA","NA","Business | Impact Committee","NA","NA","Business | Impact","NA","NA","Business | Series B","NA","NA","OM | Incubation","NA","NA","OM | Pre-Hacking Committee","NA","NA","OM | Hacking Committee","NA","NA","OM | Acceleration","NA","NA","OM | Pre-Impact Committee ","NA","NA","OM | Impact Committee","NA","NA","OM | Impact","NA","Ecosystem | Incubation","NA","NA","Ecosystem | Pre-Hacking Committee","NA","NA","Ecosystem | Hacking Committee","NA","NA","Ecosystem | Acceleration","NA","NA","Ecosystem | Pre-Impact Committee ","NA","NA","Ecosystem | Impact Committee","NA","NA","Ecosystem | Impact","NA","NA"
"387","OCP Club Maker","OCP Club Maker : Cultiver l'innovation High-Tech marocaine pour l'Afrique de demain.","06/07/2024","13/06/2025","005","Ideation","active","Ecosystem","0","Corporate","Soumission","06/07/2024","13/07/2024","Ecosystème (situation visant à créer de la valeur avec l’écosystème du groupe)","Categorization","NA","NA","Ideation","13/07/2024","12/05/2025","Ideation | Demo Day ","NA","NA","Development","NA","NA","Business | Incubation","NA","NA","Business | Pre-Hacking Committee ","NA","NA","Business | Hacking Committee","NA","NA","Business | Acceleration","NA","NA","Business | Pre-Impact Committee","NA","NA","Business | Impact Committee","NA","NA","Business | Impact","NA","NA","Business | Series B","NA","NA","OM | Incubation","NA","NA","OM | Pre-Hacking Committee","NA","NA","OM | Hacking Committee","NA","NA","OM | Acceleration","NA","NA","OM | Pre-Impact Committee ","NA","NA","OM | Impact Committee","NA","NA","OM | Impact","NA","Ecosystem | Incubation","NA","NA","Ecosystem | Pre-Hacking Committee","NA","NA","Ecosystem | Hacking Committee","NA","NA","Ecosystem | Acceleration","NA","NA","Ecosystem | Pre-Impact Committee ","NA","NA","Ecosystem | Impact Committee","NA","NA","Ecosystem | Impact","NA","NA"
"390","OCP Music space","Ce projet vise à céer des salles de musique multifonctionnelles pour performances, répétitions et enregistrements, offrant également des cours et des débats pour enrichir la communauté. Son objectif est de stimuler l'épanouissement artistique et le dialog","06/07/2024","13/06/2025","001","*Soumission*","active","Ecosystem","0","Corporate","Soumission","06/07/2024","NA","Ecosystème (situation visant à créer de la valeur avec l’écosystème du groupe)","Categorization","NA","NA","Ideation","NA","NA","Ideation | Demo Day ","NA","NA","Development","NA","NA","Business | Incubation","NA","NA","Business | Pre-Hacking Committee ","NA","NA","Business | Hacking Committee","NA","NA","Business | Acceleration","NA","NA","Business | Pre-Impact Committee","NA","NA","Business | Impact Committee","NA","NA","Business | Impact","NA","NA","Business | Series B","NA","NA","OM | Incubation","NA","NA","OM | Pre-Hacking Committee","NA","NA","OM | Hacking Committee","NA","NA","OM | Acceleration","NA","NA","OM | Pre-Impact Committee ","NA","NA","OM | Impact Committee","NA","NA","OM | Impact","NA","Ecosystem | Incubation","NA","NA","Ecosystem | Pre-Hacking Committee","NA","NA","Ecosystem | Hacking Committee","NA","NA","Ecosystem | Acceleration","NA","NA","Ecosystem | Pre-Impact Committee ","NA","NA","Ecosystem | Impact Committee","NA","NA","Ecosystem | Impact","NA","NA"
"391","IA RH","Mise en place d'un outil IA regroupant toutes les notes et les ordres de service relatifs au process RH ainsi que les bonnes pratiques afin de lutter contre la déperdition des connaissances et des expertises RH au sein du groupe","06/07/2024","21/06/2025","001","Ideation","active","Digital","0","SBU Mining  ","Soumission","06/07/2024","NA","Operating Model (situation visant à améliorer, optimiser ou changer des process, pratiques ou organisations de travail)","Categorization","NA","NA","Ideation","30/05/2025","NA","Ideation | Demo Day ","NA","NA","Development","NA","NA","Business | Incubation","NA","NA","Business | Pre-Hacking Committee ","NA","NA","Business | Hacking Committee","NA","NA","Business | Acceleration","NA","NA","Business | Pre-Impact Committee","NA","NA","Business | Impact Committee","NA","NA","Business | Impact","NA","NA","Business | Series B","NA","NA","OM | Incubation","NA","NA","OM | Pre-Hacking Committee","NA","NA","OM | Hacking Committee","NA","NA","OM | Acceleration","NA","NA","OM | Pre-Impact Committee ","NA","NA","OM | Impact Committee","NA","NA","OM | Impact","NA","Ecosystem | Incubation","NA","NA","Ecosystem | Pre-Hacking Committee","NA","NA","Ecosystem | Hacking Committee","NA","NA","Ecosystem | Acceleration","NA","NA","Ecosystem | Pre-Impact Committee ","NA","NA","Ecosystem | Impact Committee","NA","NA","Ecosystem | Impact","NA","NA"
"393","EvoMove","Mise en place d'une plate-forme interactive qui vise à améliorer l'efficacité de traitement des demandes de mobilité des collaborateurs.Cette plate-forme sera dotée de plusieurs outils basés sur l'intelligence artificielle afin de répondre aux attentes.. ","06/07/2024","13/06/2025","002","Ideation","active","Digital","0","SBU Mining  ","Soumission","06/07/2024","29/07/2024","Operating Model (situation visant à améliorer, optimiser ou changer des process, pratiques ou organisations de travail)","Categorization","NA","NA","Ideation","29/07/2024","NA","Ideation | Demo Day ","NA","NA","Development","NA","NA","Business | Incubation","NA","NA","Business | Pre-Hacking Committee ","NA","NA","Business | Hacking Committee","NA","NA","Business | Acceleration","NA","NA","Business | Pre-Impact Committee","NA","NA","Business | Impact Committee","NA","NA","Business | Impact","NA","NA","Business | Series B","NA","NA","OM | Incubation","NA","NA","OM | Pre-Hacking Committee","NA","NA","OM | Hacking Committee","NA","NA","OM | Acceleration","NA","NA","OM | Pre-Impact Committee ","NA","NA","OM | Impact Committee","NA","NA","OM | Impact","NA","Ecosystem | Incubation","NA","NA","Ecosystem | Pre-Hacking Committee","NA","NA","Ecosystem | Hacking Committee","NA","NA","Ecosystem | Acceleration","NA","NA","Ecosystem | Pre-Impact Committee ","NA","NA","Ecosystem | Impact Committee","NA","NA","Ecosystem | Impact","NA","NA"
"394","OCP GREEN ENERGY FACILITIES","Création d'une Filiale OCP qui prend en charge l’étude de faisabilité, le dimensionnement et la concrétisation des projets Green au niveau des sites, accompagner les CP pour leurs besoins, et le suivi des projets en phase de réalisation.","06/07/2024","13/06/2025","001","Ideation","active","Energy Solutions","0","SBU Manufacturing Jorf","Soumission","06/07/2024","17/07/2024","Business (situation visant à générer des revenus)","Categorization","NA","NA","Ideation","17/07/2024","NA","Ideation | Demo Day ","NA","NA","Development","NA","NA","Business | Incubation","NA","NA","Business | Pre-Hacking Committee ","NA","NA","Business | Hacking Committee","NA","NA","Business | Acceleration","NA","NA","Business | Pre-Impact Committee","NA","NA","Business | Impact Committee","NA","NA","Business | Impact","NA","NA","Business | Series B","NA","NA","OM | Incubation","NA","NA","OM | Pre-Hacking Committee","NA","NA","OM | Hacking Committee","NA","NA","OM | Acceleration","NA","NA","OM | Pre-Impact Committee ","NA","NA","OM | Impact Committee","NA","NA","OM | Impact","NA","Ecosystem | Incubation","NA","NA","Ecosystem | Pre-Hacking Committee","NA","NA","Ecosystem | Hacking Committee","NA","NA","Ecosystem | Acceleration","NA","NA","Ecosystem | Pre-Impact Committee ","NA","NA","Ecosystem | Impact Committee","NA","NA","Ecosystem | Impact","NA","NA"
"399","ECO-Buses","Cities face high traffic of buses and minibuses transporting  employees to and from their workplaces. This Situation aims to Retrofit Classical Combustion vans into Electric Motor ones as well as the creation of charging stations based Renewable Energies.","06/07/2024","13/06/2025","001","Ideation","active","Ecosystem","0","SBU Manufacturing Jorf","Soumission","06/07/2024","26/07/2024","Ecosystème (situation visant à créer de la valeur avec l’écosystème du groupe)","Categorization","NA","NA","Ideation","26/07/2024","NA","Ideation | Demo Day ","NA","NA","Development","NA","NA","Business | Incubation","NA","NA","Business | Pre-Hacking Committee ","NA","NA","Business | Hacking Committee","NA","NA","Business | Acceleration","NA","NA","Business | Pre-Impact Committee","NA","NA","Business | Impact Committee","NA","NA","Business | Impact","NA","NA","Business | Series B","NA","NA","OM | Incubation","NA","NA","OM | Pre-Hacking Committee","NA","NA","OM | Hacking Committee","NA","NA","OM | Acceleration","NA","NA","OM | Pre-Impact Committee ","NA","NA","OM | Impact Committee","NA","NA","OM | Impact","NA","Ecosystem | Incubation","NA","NA","Ecosystem | Pre-Hacking Committee","NA","NA","Ecosystem | Hacking Committee","NA","NA","Ecosystem | Acceleration","NA","NA","Ecosystem | Pre-Impact Committee ","NA","NA","Ecosystem | Impact Committee","NA","NA","Ecosystem | Impact","NA","NA"
"401","VitroPlant","l'idée de la situation est spéciliasée dans Les biotechnologies végétales qui se basent principalement sur les cultures in vitro pour la multiplication, la régénération et la croissance des plantes en laboratoire. Ces cultures sont réalisées hors sol, dan","06/07/2024","26/06/2025","001","Categorization","active","Agroalimentaire","0","SBU Mining ","Soumission","06/07/2024","NA","Business (situation visant à générer des revenus)","Categorization","26/06/2025","26/06/2025","Ideation","NA","NA","Ideation | Demo Day ","NA","NA","Development","NA","NA","Business | Incubation","NA","NA","Business | Pre-Hacking Committee ","NA","NA","Business | Hacking Committee","NA","NA","Business | Acceleration","NA","NA","Business | Pre-Impact Committee","NA","NA","Business | Impact Committee","NA","NA","Business | Impact","NA","NA","Business | Series B","NA","NA","OM | Incubation","NA","NA","OM | Pre-Hacking Committee","NA","NA","OM | Hacking Committee","NA","NA","OM | Acceleration","NA","NA","OM | Pre-Impact Committee ","NA","NA","OM | Impact Committee","NA","NA","OM | Impact","NA","Ecosystem | Incubation","NA","NA","Ecosystem | Pre-Hacking Committee","NA","NA","Ecosystem | Hacking Committee","NA","NA","Ecosystem | Acceleration","NA","NA","Ecosystem | Pre-Impact Committee ","NA","NA","Ecosystem | Impact Committee","NA","NA","Ecosystem | Impact","NA","NA"
"402","VALREC","Nous avons mis au point un procédé innovant et révolutionnaire qui permet de valoriser les rejets d'eau de mer de notre centrale thermique pour générer divers produits à haute valeur ajoutée.","06/07/2024","13/06/2025","003","Ideation","active","Sustainability","0","SBU Manufacturing Jorf","Soumission","06/07/2024","14/07/2024","Business (situation visant à générer des revenus)","Categorization","NA","NA","Ideation","14/07/2024","NA","Ideation | Demo Day ","NA","NA","Development","NA","NA","Business | Incubation","NA","NA","Business | Pre-Hacking Committee ","NA","NA","Business | Hacking Committee","NA","NA","Business | Acceleration","NA","NA","Business | Pre-Impact Committee","NA","NA","Business | Impact Committee","NA","NA","Business | Impact","NA","NA","Business | Series B","NA","NA","OM | Incubation","NA","NA","OM | Pre-Hacking Committee","NA","NA","OM | Hacking Committee","NA","NA","OM | Acceleration","NA","NA","OM | Pre-Impact Committee ","NA","NA","OM | Impact Committee","NA","NA","OM | Impact","NA","Ecosystem | Incubation","NA","NA","Ecosystem | Pre-Hacking Committee","NA","NA","Ecosystem | Hacking Committee","NA","NA","Ecosystem | Acceleration","NA","NA","Ecosystem | Pre-Impact Committee ","NA","NA","Ecosystem | Impact Committee","NA","NA","Ecosystem | Impact","NA","NA"
"404","Feelinx","L'objectif principal de ce projet est de secourir les animaux errants présents sur l'ensemble des sites et locaux d'OCP, et de les placer dans un environnement sûr (centres de réhabilitation, familles d'accueil ou foyers définitifs et bienveillants).","06/07/2024","26/06/2025","001","Categorization","active","Ecosystem","0","Corporate","Soumission","06/07/2024","NA","Ecosystème (situation visant à créer de la valeur avec l’écosystème du groupe)","Categorization","26/06/2025","26/06/2025","Ideation","NA","NA","Ideation | Demo Day ","NA","NA","Development","NA","NA","Business | Incubation","NA","NA","Business | Pre-Hacking Committee ","NA","NA","Business | Hacking Committee","NA","NA","Business | Acceleration","NA","NA","Business | Pre-Impact Committee","NA","NA","Business | Impact Committee","NA","NA","Business | Impact","NA","NA","Business | Series B","NA","NA","OM | Incubation","NA","NA","OM | Pre-Hacking Committee","NA","NA","OM | Hacking Committee","NA","NA","OM | Acceleration","NA","NA","OM | Pre-Impact Committee ","NA","NA","OM | Impact Committee","NA","NA","OM | Impact","NA","Ecosystem | Incubation","NA","NA","Ecosystem | Pre-Hacking Committee","NA","NA","Ecosystem | Hacking Committee","NA","NA","Ecosystem | Acceleration","NA","NA","Ecosystem | Pre-Impact Committee ","NA","NA","Ecosystem | Impact Committee","NA","NA","Ecosystem | Impact","NA","NA"
"405","OSTEP","Introduction de semelles intelligentes pour les collaborateurs de l'OCP afin de prévenir les troubles squelettiques afin d'améliorer la santé et le bien-être des employés.","06/07/2024","19/06/2025","010","Ideation","active","Well-being","0","SBU Manufacturig Safi","Soumission","06/07/2024","11/07/2024","Operating Model (situation visant à améliorer, optimiser ou changer des process, pratiques ou organisations de travail)","Categorization","NA","NA","Ideation","11/07/2024","16/06/2025","Ideation | Demo Day ","NA","NA","Development","NA","NA","Business | Incubation","NA","NA","Business | Pre-Hacking Committee ","NA","NA","Business | Hacking Committee","NA","NA","Business | Acceleration","NA","NA","Business | Pre-Impact Committee","NA","NA","Business | Impact Committee","NA","NA","Business | Impact","NA","NA","Business | Series B","NA","NA","OM | Incubation","NA","NA","OM | Pre-Hacking Committee","NA","NA","OM | Hacking Committee","NA","NA","OM | Acceleration","NA","NA","OM | Pre-Impact Committee ","NA","NA","OM | Impact Committee","NA","NA","OM | Impact","NA","Ecosystem | Incubation","NA","NA","Ecosystem | Pre-Hacking Committee","NA","NA","Ecosystem | Hacking Committee","NA","NA","Ecosystem | Acceleration","NA","NA","Ecosystem | Pre-Impact Committee ","NA","NA","Ecosystem | Impact Committee","NA","NA","Ecosystem | Impact","NA","NA"
"406","Smart Spares Hub","Smart Spares Hub, est une plateforme digitale dédiée à l'achat en ligne d'articles industriels. Cette plateforme, conçue pour être à la fois intuitive et sécurisée, vise à simplifier et accélérer le processus d'acquisition de pièces de rechange","06/07/2024","13/06/2025","001","Development","active","Digital","0","SBU Manufacturing Jorf","Soumission","06/07/2024","25/09/2024","Business (situation visant à générer des revenus)","Categorization","NA","NA","Ideation","16/12/2024","22/01/2025","Ideation | Demo Day ","22/01/2025","22/01/2025","Development","24/01/2025","NA","Business | Incubation","NA","NA","Business | Pre-Hacking Committee ","NA","NA","Business | Hacking Committee","NA","NA","Business | Acceleration","NA","NA","Business | Pre-Impact Committee","NA","NA","Business | Impact Committee","NA","NA","Business | Impact","NA","NA","Business | Series B","NA","NA","OM | Incubation","NA","NA","OM | Pre-Hacking Committee","NA","NA","OM | Hacking Committee","NA","NA","OM | Acceleration","NA","NA","OM | Pre-Impact Committee ","NA","NA","OM | Impact Committee","NA","NA","OM | Impact","NA","Ecosystem | Incubation","NA","NA","Ecosystem | Pre-Hacking Committee","NA","NA","Ecosystem | Hacking Committee","NA","NA","Ecosystem | Acceleration","NA","NA","Ecosystem | Pre-Impact Committee ","NA","NA","Ecosystem | Impact Committee","NA","NA","Ecosystem | Impact","NA","NA"
"410","OCP Car","La situation consiste en deux phases: * Phase 1: Substituer les flottes de voitures diesel au niveau du groupe par des voitures (électrique / hydrogène) * Phase 2: L'étude de faisabilité de la construction d'une marque pour fabrication des voitures (élect","06/07/2024","13/06/2025","001","*Soumission*","active","Sustainability","0","SBU Manufacturing Jorf","Soumission","06/07/2024","NA","Business (situation visant à générer des revenus)","Categorization","NA","NA","Ideation","NA","NA","Ideation | Demo Day ","NA","NA","Development","NA","NA","Business | Incubation","NA","NA","Business | Pre-Hacking Committee ","NA","NA","Business | Hacking Committee","NA","NA","Business | Acceleration","NA","NA","Business | Pre-Impact Committee","NA","NA","Business | Impact Committee","NA","NA","Business | Impact","NA","NA","Business | Series B","NA","NA","OM | Incubation","NA","NA","OM | Pre-Hacking Committee","NA","NA","OM | Hacking Committee","NA","NA","OM | Acceleration","NA","NA","OM | Pre-Impact Committee ","NA","NA","OM | Impact Committee","NA","NA","OM | Impact","NA","Ecosystem | Incubation","NA","NA","Ecosystem | Pre-Hacking Committee","NA","NA","Ecosystem | Hacking Committee","NA","NA","Ecosystem | Acceleration","NA","NA","Ecosystem | Pre-Impact Committee ","NA","NA","Ecosystem | Impact Committee","NA","NA","Ecosystem | Impact","NA","NA"
"411","OPM - OCP PROJECT MANAGEMENT","Cette initiative permettra au groupe OCP de mieux gérer la complexité croissante de ses projets industriels tout en renforçant son impact sur le développement national et l’innovation.","06/07/2024","13/06/2025","001","Ideation","active","Operating Model","0","SBU Manufacturing Jorf","Soumission","06/07/2024","09/12/2024","Business (situation visant à générer des revenus)","Categorization","NA","NA","Ideation","16/12/2024","NA","Ideation | Demo Day ","NA","NA","Development","NA","NA","Business | Incubation","NA","NA","Business | Pre-Hacking Committee ","NA","NA","Business | Hacking Committee","NA","NA","Business | Acceleration","NA","NA","Business | Pre-Impact Committee","NA","NA","Business | Impact Committee","NA","NA","Business | Impact","NA","NA","Business | Series B","NA","NA","OM | Incubation","NA","NA","OM | Pre-Hacking Committee","NA","NA","OM | Hacking Committee","NA","NA","OM | Acceleration","NA","NA","OM | Pre-Impact Committee ","NA","NA","OM | Impact Committee","NA","NA","OM | Impact","NA","Ecosystem | Incubation","NA","NA","Ecosystem | Pre-Hacking Committee","NA","NA","Ecosystem | Hacking Committee","NA","NA","Ecosystem | Acceleration","NA","NA","Ecosystem | Pre-Impact Committee ","NA","NA","Ecosystem | Impact Committee","NA","NA","Ecosystem | Impact","NA","NA"
"412","AutoSulfur","- Automatisation a 100% du démarrage et arrêt des unités sulfurique. -  Prolongement des cycles de marche à six ans ","06/07/2024","13/06/2025","001","Ideation","active","Digital","0","SBU Manufacturing Jorf","Soumission","06/07/2024","16/07/2024","Business (situation visant à générer des revenus)","Categorization","NA","NA","Ideation","16/07/2024","NA","Ideation | Demo Day ","NA","NA","Development","NA","NA","Business | Incubation","NA","NA","Business | Pre-Hacking Committee ","NA","NA","Business | Hacking Committee","NA","NA","Business | Acceleration","NA","NA","Business | Pre-Impact Committee","NA","NA","Business | Impact Committee","NA","NA","Business | Impact","NA","NA","Business | Series B","NA","NA","OM | Incubation","NA","NA","OM | Pre-Hacking Committee","NA","NA","OM | Hacking Committee","NA","NA","OM | Acceleration","NA","NA","OM | Pre-Impact Committee ","NA","NA","OM | Impact Committee","NA","NA","OM | Impact","NA","Ecosystem | Incubation","NA","NA","Ecosystem | Pre-Hacking Committee","NA","NA","Ecosystem | Hacking Committee","NA","NA","Ecosystem | Acceleration","NA","NA","Ecosystem | Pre-Impact Committee ","NA","NA","Ecosystem | Impact Committee","NA","NA","Ecosystem | Impact","NA","NA"
"414","Star Club","Créer un club de loisirs pour offrir des observations célestes par télescopes aux collaborateurs et leurs enfants à Khouribga.","06/07/2024","21/06/2025","001","Ideation","active","Ecosystem","0","SBU Mining Khouribga","Soumission","06/07/2024","NA","Ecosystème (situation visant à créer de la valeur avec l’écosystème du groupe)","Categorization","NA","NA","Ideation","12/07/2024","12/07/2024","Ideation | Demo Day ","NA","NA","Development","NA","NA","Business | Incubation","NA","NA","Business | Pre-Hacking Committee ","NA","NA","Business | Hacking Committee","NA","NA","Business | Acceleration","NA","NA","Business | Pre-Impact Committee","NA","NA","Business | Impact Committee","NA","NA","Business | Impact","NA","NA","Business | Series B","NA","NA","OM | Incubation","NA","NA","OM | Pre-Hacking Committee","NA","NA","OM | Hacking Committee","NA","NA","OM | Acceleration","NA","NA","OM | Pre-Impact Committee ","NA","NA","OM | Impact Committee","NA","NA","OM | Impact","NA","Ecosystem | Incubation","NA","NA","Ecosystem | Pre-Hacking Committee","NA","NA","Ecosystem | Hacking Committee","NA","NA","Ecosystem | Acceleration","NA","NA","Ecosystem | Pre-Impact Committee ","NA","NA","Ecosystem | Impact Committee","NA","NA","Ecosystem | Impact","NA","NA"
"415","DroneInspect","Réaliser l'inspection des convoyeurs par drone","06/07/2024","13/06/2025","001","*Soumission*","active","Operating Model","0","SBU Mining Khouribga","Soumission","06/07/2024","NA","Operating Model (situation visant à améliorer, optimiser ou changer des process, pratiques ou organisations de travail)","Categorization","NA","NA","Ideation","NA","NA","Ideation | Demo Day ","NA","NA","Development","NA","NA","Business | Incubation","NA","NA","Business | Pre-Hacking Committee ","NA","NA","Business | Hacking Committee","NA","NA","Business | Acceleration","NA","NA","Business | Pre-Impact Committee","NA","NA","Business | Impact Committee","NA","NA","Business | Impact","NA","NA","Business | Series B","NA","NA","OM | Incubation","NA","NA","OM | Pre-Hacking Committee","NA","NA","OM | Hacking Committee","NA","NA","OM | Acceleration","NA","NA","OM | Pre-Impact Committee ","NA","NA","OM | Impact Committee","NA","NA","OM | Impact","NA","Ecosystem | Incubation","NA","NA","Ecosystem | Pre-Hacking Committee","NA","NA","Ecosystem | Hacking Committee","NA","NA","Ecosystem | Acceleration","NA","NA","Ecosystem | Pre-Impact Committee ","NA","NA","Ecosystem | Impact Committee","NA","NA","Ecosystem | Impact","NA","NA"
"416","SafeStock","Amélioration de l'étanchéité des halls de stockage d'engrais, assurant ainsi la préservation de la qualité des produits, la sécurité des travailleurs et une réduction de l'impact environnemental grâce à l'utilisation de matériaux recyclés de phosphate.","06/07/2024","13/06/2025","001","Ideation","active","Operating Model","0","SBU Manufacturing Jorf","Soumission","06/07/2024","11/07/2024","Operating Model (situation visant à améliorer, optimiser ou changer des process, pratiques ou organisations de travail)","Categorization","NA","NA","Ideation","11/07/2024","NA","Ideation | Demo Day ","NA","NA","Development","NA","NA","Business | Incubation","NA","NA","Business | Pre-Hacking Committee ","NA","NA","Business | Hacking Committee","NA","NA","Business | Acceleration","NA","NA","Business | Pre-Impact Committee","NA","NA","Business | Impact Committee","NA","NA","Business | Impact","NA","NA","Business | Series B","NA","NA","OM | Incubation","NA","NA","OM | Pre-Hacking Committee","NA","NA","OM | Hacking Committee","NA","NA","OM | Acceleration","NA","NA","OM | Pre-Impact Committee ","NA","NA","OM | Impact Committee","NA","NA","OM | Impact","NA","Ecosystem | Incubation","NA","NA","Ecosystem | Pre-Hacking Committee","NA","NA","Ecosystem | Hacking Committee","NA","NA","Ecosystem | Acceleration","NA","NA","Ecosystem | Pre-Impact Committee ","NA","NA","Ecosystem | Impact Committee","NA","NA","Ecosystem | Impact","NA","NA"
"417","Smart Unit","Transformation de l'usine en une usine intelligente de nouvelle génération (5.0). Ce projet représente une opportunité de moderniser les opérations ainsi que d'améliorer l'efficacité et la compétitivité du Groupe sur le marché","06/07/2024","13/06/2025","002","Ideation","active","Digital","0","SBU Mining Khouribga","Soumission","06/07/2024","12/07/2024","Operating Model (situation visant à améliorer, optimiser ou changer des process, pratiques ou organisations de travail)","Categorization","NA","NA","Ideation","12/07/2024","10/06/2025","Ideation | Demo Day ","NA","NA","Development","NA","NA","Business | Incubation","NA","NA","Business | Pre-Hacking Committee ","NA","NA","Business | Hacking Committee","NA","NA","Business | Acceleration","NA","NA","Business | Pre-Impact Committee","NA","NA","Business | Impact Committee","NA","NA","Business | Impact","NA","NA","Business | Series B","NA","NA","OM | Incubation","NA","NA","OM | Pre-Hacking Committee","NA","NA","OM | Hacking Committee","NA","NA","OM | Acceleration","NA","NA","OM | Pre-Impact Committee ","NA","NA","OM | Impact Committee","NA","NA","OM | Impact","NA","Ecosystem | Incubation","NA","NA","Ecosystem | Pre-Hacking Committee","NA","NA","Ecosystem | Hacking Committee","NA","NA","Ecosystem | Acceleration","NA","NA","Ecosystem | Pre-Impact Committee ","NA","NA","Ecosystem | Impact Committee","NA","NA","Ecosystem | Impact","NA","NA"
"420","PiXel","Pixel is an agri-products performance diagnosis solution. We leverage microbiological soil analysis technologies, remote sensing and analytics to decode agricultural products gaps. Empowering agronomists and innovation teams with powerful insights!","06/07/2024","13/06/2025","004","Business | Acceleration","active","Digital","0","Corporate","Soumission","06/07/2024","17/07/2024","Business (situation visant à générer des revenus)","Categorization","NA","NA","Ideation","17/07/2024","19/07/2024","Ideation | Demo Day ","20/07/2024","20/07/2024","Development","29/07/2024","NA","Business | Incubation","28/04/2025","29/04/2025","Business | Pre-Hacking Committee ","NA","NA","Business | Hacking Committee","01/05/2025","01/05/2025","Business | Acceleration","26/05/2025","NA","Business | Pre-Impact Committee","NA","NA","Business | Impact Committee","NA","NA","Business | Impact","NA","NA","Business | Series B","NA","NA","OM | Incubation","NA","NA","OM | Pre-Hacking Committee","NA","NA","OM | Hacking Committee","NA","NA","OM | Acceleration","NA","NA","OM | Pre-Impact Committee ","NA","NA","OM | Impact Committee","NA","NA","OM | Impact","NA","Ecosystem | Incubation","NA","NA","Ecosystem | Pre-Hacking Committee","NA","NA","Ecosystem | Hacking Committee","NA","NA","Ecosystem | Acceleration","NA","NA","Ecosystem | Pre-Impact Committee ","NA","NA","Ecosystem | Impact Committee","NA","NA","Ecosystem | Impact","NA","NA"
"421","CarbonBrine Solution","L'idée de notre situation consiste au traitement des rejets de dessalement pour améliorer l'efficacité, réduire les coûts et préserver l'environnement en utilisant le CO2 capturé.","06/07/2024","13/06/2025","002","Ideation","active","Ecosystem","0","SBU Mining Khouribga","Soumission","06/07/2024","11/07/2024","Ecosystème (situation visant à créer de la valeur avec l’écosystème du groupe)","Categorization","NA","NA","Ideation","11/07/2024","NA","Ideation | Demo Day ","NA","NA","Development","NA","NA","Business | Incubation","NA","NA","Business | Pre-Hacking Committee ","NA","NA","Business | Hacking Committee","NA","NA","Business | Acceleration","NA","NA","Business | Pre-Impact Committee","NA","NA","Business | Impact Committee","NA","NA","Business | Impact","NA","NA","Business | Series B","NA","NA","OM | Incubation","NA","NA","OM | Pre-Hacking Committee","NA","NA","OM | Hacking Committee","NA","NA","OM | Acceleration","NA","NA","OM | Pre-Impact Committee ","NA","NA","OM | Impact Committee","NA","NA","OM | Impact","NA","Ecosystem | Incubation","NA","NA","Ecosystem | Pre-Hacking Committee","NA","NA","Ecosystem | Hacking Committee","NA","NA","Ecosystem | Acceleration","NA","NA","Ecosystem | Pre-Impact Committee ","NA","NA","Ecosystem | Impact Committee","NA","NA","Ecosystem | Impact","NA","NA"
"422","Académie d'excellence","Dans un contexte sans cesse marqué par des difficultés économiques, ma participation vise à améliorer l'insertion des jeunes dans la vie active","06/07/2024","25/06/2025","001","Ideation","active","Talent Development","0","SBU Mining Gantour","Soumission","06/07/2024","22/10/2024","Ecosystème (situation visant à créer de la valeur avec l’écosystème du groupe)","Categorization","NA","NA","Ideation","26/11/2024","13/02/2025","Ideation | Demo Day ","NA","NA","Development","NA","NA","Business | Incubation","NA","NA","Business | Pre-Hacking Committee ","NA","NA","Business | Hacking Committee","NA","NA","Business | Acceleration","NA","NA","Business | Pre-Impact Committee","NA","NA","Business | Impact Committee","NA","NA","Business | Impact","NA","NA","Business | Series B","NA","NA","OM | Incubation","NA","NA","OM | Pre-Hacking Committee","NA","NA","OM | Hacking Committee","NA","NA","OM | Acceleration","NA","NA","OM | Pre-Impact Committee ","NA","NA","OM | Impact Committee","NA","NA","OM | Impact","NA","Ecosystem | Incubation","NA","NA","Ecosystem | Pre-Hacking Committee","NA","NA","Ecosystem | Hacking Committee","NA","NA","Ecosystem | Acceleration","NA","NA","Ecosystem | Pre-Impact Committee ","NA","NA","Ecosystem | Impact Committee","NA","NA","Ecosystem | Impact","NA","NA"
"424","OCP Phos-farms","Ce projet vise à développer une exploitation de fermes,  en assurant le marketing des produits dans des fermes qui seront conditionnées afin de garantir le même type de climat et de sol des clients actuels & potentiels, locaux & internationaux.","06/07/2024","13/06/2025","002","Ideation","active","Agroalimentaire","0","SBU Manufacturing Jorf","Soumission","06/07/2024","08/08/2024","Business (situation visant à générer des revenus)","Categorization","NA","NA","Ideation","08/08/2024","NA","Ideation | Demo Day ","NA","NA","Development","NA","NA","Business | Incubation","NA","NA","Business | Pre-Hacking Committee ","NA","NA","Business | Hacking Committee","NA","NA","Business | Acceleration","NA","NA","Business | Pre-Impact Committee","NA","NA","Business | Impact Committee","NA","NA","Business | Impact","NA","NA","Business | Series B","NA","NA","OM | Incubation","NA","NA","OM | Pre-Hacking Committee","NA","NA","OM | Hacking Committee","NA","NA","OM | Acceleration","NA","NA","OM | Pre-Impact Committee ","NA","NA","OM | Impact Committee","NA","NA","OM | Impact","NA","Ecosystem | Incubation","NA","NA","Ecosystem | Pre-Hacking Committee","NA","NA","Ecosystem | Hacking Committee","NA","NA","Ecosystem | Acceleration","NA","NA","Ecosystem | Pre-Impact Committee ","NA","NA","Ecosystem | Impact Committee","NA","NA","Ecosystem | Impact","NA","NA"
"426","Ocp Spare parts BU","Création d'une BU en charge de la gestion et la revalorisation des stocks indésirables( obsolete , surstock et liquidation) Cette initiative vise à transformer les défis logistiques en opportunités économiques.","06/07/2024","13/06/2025","005","Ideation","active","Cost leadership","0","SBU Manufacturing Jorf","Soumission","06/07/2024","03/12/2024","Business (situation visant à générer des revenus)","Categorization","NA","NA","Ideation","17/12/2024","NA","Ideation | Demo Day ","NA","NA","Development","NA","NA","Business | Incubation","NA","NA","Business | Pre-Hacking Committee ","NA","NA","Business | Hacking Committee","NA","NA","Business | Acceleration","NA","NA","Business | Pre-Impact Committee","NA","NA","Business | Impact Committee","NA","NA","Business | Impact","NA","NA","Business | Series B","NA","NA","OM | Incubation","NA","NA","OM | Pre-Hacking Committee","NA","NA","OM | Hacking Committee","NA","NA","OM | Acceleration","NA","NA","OM | Pre-Impact Committee ","NA","NA","OM | Impact Committee","NA","NA","OM | Impact","NA","Ecosystem | Incubation","NA","NA","Ecosystem | Pre-Hacking Committee","NA","NA","Ecosystem | Hacking Committee","NA","NA","Ecosystem | Acceleration","NA","NA","Ecosystem | Pre-Impact Committee ","NA","NA","Ecosystem | Impact Committee","NA","NA","Ecosystem | Impact","NA","NA"
"430","Ravitaillement intelligenet","Digitalisation de l'opération de ravitaillement des engins et machines au chantier","06/07/2024","13/06/2025","001","*Soumission*","active","Digital","0","SBU Mining Khouribga","Soumission","06/07/2024","NA","Operating Model (situation visant à améliorer, optimiser ou changer des process, pratiques ou organisations de travail)","Categorization","NA","NA","Ideation","NA","NA","Ideation | Demo Day ","NA","NA","Development","NA","NA","Business | Incubation","NA","NA","Business | Pre-Hacking Committee ","NA","NA","Business | Hacking Committee","NA","NA","Business | Acceleration","NA","NA","Business | Pre-Impact Committee","NA","NA","Business | Impact Committee","NA","NA","Business | Impact","NA","NA","Business | Series B","NA","NA","OM | Incubation","NA","NA","OM | Pre-Hacking Committee","NA","NA","OM | Hacking Committee","NA","NA","OM | Acceleration","NA","NA","OM | Pre-Impact Committee ","NA","NA","OM | Impact Committee","NA","NA","OM | Impact","NA","Ecosystem | Incubation","NA","NA","Ecosystem | Pre-Hacking Committee","NA","NA","Ecosystem | Hacking Committee","NA","NA","Ecosystem | Acceleration","NA","NA","Ecosystem | Pre-Impact Committee ","NA","NA","Ecosystem | Impact Committee","NA","NA","Ecosystem | Impact","NA","NA"
"437","PhosGuard","Développer un agent extincteur à base de produits phosphatés","06/07/2024","13/06/2025","001","*Soumission*","active","Recycling & Waste Management","0","SBU Manufacturing Jorf","Soumission","06/07/2024","NA","Business (situation visant à générer des revenus)","Categorization","NA","NA","Ideation","NA","NA","Ideation | Demo Day ","NA","NA","Development","NA","NA","Business | Incubation","NA","NA","Business | Pre-Hacking Committee ","NA","NA","Business | Hacking Committee","NA","NA","Business | Acceleration","NA","NA","Business | Pre-Impact Committee","NA","NA","Business | Impact Committee","NA","NA","Business | Impact","NA","NA","Business | Series B","NA","NA","OM | Incubation","NA","NA","OM | Pre-Hacking Committee","NA","NA","OM | Hacking Committee","NA","NA","OM | Acceleration","NA","NA","OM | Pre-Impact Committee ","NA","NA","OM | Impact Committee","NA","NA","OM | Impact","NA","Ecosystem | Incubation","NA","NA","Ecosystem | Pre-Hacking Committee","NA","NA","Ecosystem | Hacking Committee","NA","NA","Ecosystem | Acceleration","NA","NA","Ecosystem | Pre-Impact Committee ","NA","NA","Ecosystem | Impact Committee","NA","NA","Ecosystem | Impact","NA","NA"
"438","Local Big bags","Opportunité stratégique de développer la production interne de Big Bag au sein du Groupe OCP, avec un potentiel significatif de réduction des coûts d'achat annuels et de création d'emplois locaux. En s'appuyant sur l'expertise existante de la ville de Saf","06/07/2024","13/06/2025","001","*Soumission*","active","Optimisation industrielle","0","SBU Manufacturig Safi","Soumission","06/07/2024","NA","Business (situation visant à générer des revenus)","Categorization","NA","NA","Ideation","NA","NA","Ideation | Demo Day ","NA","NA","Development","NA","NA","Business | Incubation","NA","NA","Business | Pre-Hacking Committee ","NA","NA","Business | Hacking Committee","NA","NA","Business | Acceleration","NA","NA","Business | Pre-Impact Committee","NA","NA","Business | Impact Committee","NA","NA","Business | Impact","NA","NA","Business | Series B","NA","NA","OM | Incubation","NA","NA","OM | Pre-Hacking Committee","NA","NA","OM | Hacking Committee","NA","NA","OM | Acceleration","NA","NA","OM | Pre-Impact Committee ","NA","NA","OM | Impact Committee","NA","NA","OM | Impact","NA","Ecosystem | Incubation","NA","NA","Ecosystem | Pre-Hacking Committee","NA","NA","Ecosystem | Hacking Committee","NA","NA","Ecosystem | Acceleration","NA","NA","Ecosystem | Pre-Impact Committee ","NA","NA","Ecosystem | Impact Committee","NA","NA","Ecosystem | Impact","NA","NA"
"443","SMART CONVOYEUR ( actino)","mon idée c'est un convoyeur qui ne se compose ni de bande transporteuse ni de rouleaux de parcours. il'est  différent de cel utilisé actuellement.  ","06/07/2024","15/06/2025","008","Ideation","active","Optimisation industrielle","0","SBU Manufacturing Jorf","Soumission","06/07/2024","08/08/2024","Business (situation visant à générer des revenus)","Categorization","NA","NA","Ideation","08/08/2024","15/06/2025","Ideation | Demo Day ","NA","NA","Development","NA","NA","Business | Incubation","NA","NA","Business | Pre-Hacking Committee ","NA","NA","Business | Hacking Committee","NA","NA","Business | Acceleration","NA","NA","Business | Pre-Impact Committee","NA","NA","Business | Impact Committee","NA","NA","Business | Impact","NA","NA","Business | Series B","NA","NA","OM | Incubation","NA","NA","OM | Pre-Hacking Committee","NA","NA","OM | Hacking Committee","NA","NA","OM | Acceleration","NA","NA","OM | Pre-Impact Committee ","NA","NA","OM | Impact Committee","NA","NA","OM | Impact","NA","Ecosystem | Incubation","NA","NA","Ecosystem | Pre-Hacking Committee","NA","NA","Ecosystem | Hacking Committee","NA","NA","Ecosystem | Acceleration","NA","NA","Ecosystem | Pre-Impact Committee ","NA","NA","Ecosystem | Impact Committee","NA","NA","Ecosystem | Impact","NA","NA"
"445","VidéoVault","Mise en place de VideoVault, une médiathèque numérique complète regroupant toutes les vidéos documentaires sur les activités, actions et tâches réalisées par le Groupe. Elle offre un accès centralisé à une vaste collection de contenus vidéo, incluant la d","06/07/2024","13/06/2025","004","Ideation","active","Knowledge Management","0","SBU Manufacturig Safi","Soumission","06/07/2024","11/07/2024","Operating Model (situation visant à améliorer, optimiser ou changer des process, pratiques ou organisations de travail)","Categorization","NA","NA","Ideation","11/07/2024","NA","Ideation | Demo Day ","NA","NA","Development","NA","NA","Business | Incubation","NA","NA","Business | Pre-Hacking Committee ","NA","NA","Business | Hacking Committee","NA","NA","Business | Acceleration","NA","NA","Business | Pre-Impact Committee","NA","NA","Business | Impact Committee","NA","NA","Business | Impact","NA","NA","Business | Series B","NA","NA","OM | Incubation","NA","NA","OM | Pre-Hacking Committee","NA","NA","OM | Hacking Committee","NA","NA","OM | Acceleration","NA","NA","OM | Pre-Impact Committee ","NA","NA","OM | Impact Committee","NA","NA","OM | Impact","NA","Ecosystem | Incubation","NA","NA","Ecosystem | Pre-Hacking Committee","NA","NA","Ecosystem | Hacking Committee","NA","NA","Ecosystem | Acceleration","NA","NA","Ecosystem | Pre-Impact Committee ","NA","NA","Ecosystem | Impact Committee","NA","NA","Ecosystem | Impact","NA","NA"
"450","SmartProcure AI","L'importance de l'utilisation des solutions digitales et de l'intelligence artificielle dans le processus achat d'OCP est indéniable. En tant que leader mondial dans l'industrie du phosphate, OCP doit constamment optimiser ses opérations pour maintenir sa","06/07/2024","21/06/2025","001","Ideation","active","Procurement","0","SBU Mining Khouribga","Soumission","06/07/2024","NA","Operating Model (situation visant à améliorer, optimiser ou changer des process, pratiques ou organisations de travail)","Categorization","NA","NA","Ideation","30/05/2025","NA","Ideation | Demo Day ","NA","NA","Development","NA","NA","Business | Incubation","NA","NA","Business | Pre-Hacking Committee ","NA","NA","Business | Hacking Committee","NA","NA","Business | Acceleration","NA","NA","Business | Pre-Impact Committee","NA","NA","Business | Impact Committee","NA","NA","Business | Impact","NA","NA","Business | Series B","NA","NA","OM | Incubation","NA","NA","OM | Pre-Hacking Committee","NA","NA","OM | Hacking Committee","NA","NA","OM | Acceleration","NA","NA","OM | Pre-Impact Committee ","NA","NA","OM | Impact Committee","NA","NA","OM | Impact","NA","Ecosystem | Incubation","NA","NA","Ecosystem | Pre-Hacking Committee","NA","NA","Ecosystem | Hacking Committee","NA","NA","Ecosystem | Acceleration","NA","NA","Ecosystem | Pre-Impact Committee ","NA","NA","Ecosystem | Impact Committee","NA","NA","Ecosystem | Impact","NA","NA"
"451","Phosphate Heritage Museum","Creation d'un Musée OCP axée sur les dernières technologies et sous le thème du ""MAROC : UN VOYAGE A TRAVERS LE TEMPS ET LE PHOSPHATE"". Ce musée offrira une expérience immersive et éducative qui célèbrera le riche patrimoine du Maroc tout en mettant en lu","06/07/2024","13/06/2025","001","*Soumission*","active","Ecosystem","0","Corporate","Soumission","06/07/2024","NA","Ecosystème (situation visant à créer de la valeur avec l’écosystème du groupe)","Categorization","NA","NA","Ideation","NA","NA","Ideation | Demo Day ","NA","NA","Development","NA","NA","Business | Incubation","NA","NA","Business | Pre-Hacking Committee ","NA","NA","Business | Hacking Committee","NA","NA","Business | Acceleration","NA","NA","Business | Pre-Impact Committee","NA","NA","Business | Impact Committee","NA","NA","Business | Impact","NA","NA","Business | Series B","NA","NA","OM | Incubation","NA","NA","OM | Pre-Hacking Committee","NA","NA","OM | Hacking Committee","NA","NA","OM | Acceleration","NA","NA","OM | Pre-Impact Committee ","NA","NA","OM | Impact Committee","NA","NA","OM | Impact","NA","Ecosystem | Incubation","NA","NA","Ecosystem | Pre-Hacking Committee","NA","NA","Ecosystem | Hacking Committee","NA","NA","Ecosystem | Acceleration","NA","NA","Ecosystem | Pre-Impact Committee ","NA","NA","Ecosystem | Impact Committee","NA","NA","Ecosystem | Impact","NA","NA"
"452","DesalFilter Efficiency","Mise en place une unité de nettoyage automatique des filtres de sécurité dans les installations de dessalement, suivie de la création d'une usine de fabrication de ces filtres. L'objectif est de réduire les arrêts des unités de dessalement et de diminuer ","06/07/2024","13/06/2025","001","*Soumission*","active","Optimisation industrielle","0","SBU Manufacturing Jorf","Soumission","06/07/2024","NA","Business (situation visant à générer des revenus)","Categorization","NA","NA","Ideation","NA","NA","Ideation | Demo Day ","NA","NA","Development","NA","NA","Business | Incubation","NA","NA","Business | Pre-Hacking Committee ","NA","NA","Business | Hacking Committee","NA","NA","Business | Acceleration","NA","NA","Business | Pre-Impact Committee","NA","NA","Business | Impact Committee","NA","NA","Business | Impact","NA","NA","Business | Series B","NA","NA","OM | Incubation","NA","NA","OM | Pre-Hacking Committee","NA","NA","OM | Hacking Committee","NA","NA","OM | Acceleration","NA","NA","OM | Pre-Impact Committee ","NA","NA","OM | Impact Committee","NA","NA","OM | Impact","NA","Ecosystem | Incubation","NA","NA","Ecosystem | Pre-Hacking Committee","NA","NA","Ecosystem | Hacking Committee","NA","NA","Ecosystem | Acceleration","NA","NA","Ecosystem | Pre-Impact Committee ","NA","NA","Ecosystem | Impact Committee","NA","NA","Ecosystem | Impact","NA","NA"
"453","FilterCleaning Unit","Mise en place d'une unité de nettoyage des cartridges filters","06/07/2024","13/06/2025","001","*Soumission*","active","Optimisation industrielle","0","SBU Manufacturing Jorf","Soumission","06/07/2024","NA","Operating Model (situation visant à améliorer, optimiser ou changer des process, pratiques ou organisations de travail)","Categorization","NA","NA","Ideation","NA","NA","Ideation | Demo Day ","NA","NA","Development","NA","NA","Business | Incubation","NA","NA","Business | Pre-Hacking Committee ","NA","NA","Business | Hacking Committee","NA","NA","Business | Acceleration","NA","NA","Business | Pre-Impact Committee","NA","NA","Business | Impact Committee","NA","NA","Business | Impact","NA","NA","Business | Series B","NA","NA","OM | Incubation","NA","NA","OM | Pre-Hacking Committee","NA","NA","OM | Hacking Committee","NA","NA","OM | Acceleration","NA","NA","OM | Pre-Impact Committee ","NA","NA","OM | Impact Committee","NA","NA","OM | Impact","NA","Ecosystem | Incubation","NA","NA","Ecosystem | Pre-Hacking Committee","NA","NA","Ecosystem | Hacking Committee","NA","NA","Ecosystem | Acceleration","NA","NA","Ecosystem | Pre-Impact Committee ","NA","NA","Ecosystem | Impact Committee","NA","NA","Ecosystem | Impact","NA","NA"
"454","TechStandard","Standarisation de la partie technique (partie électrique instrumentation et DCS) au site jorf lasfar par entité","06/07/2024","13/06/2025","001","*Soumission*","active","Optimisation industrielle","0","SBU Manufacturing Jorf","Soumission","06/07/2024","NA","Operating Model (situation visant à améliorer, optimiser ou changer des process, pratiques ou organisations de travail)","Categorization","NA","NA","Ideation","NA","NA","Ideation | Demo Day ","NA","NA","Development","NA","NA","Business | Incubation","NA","NA","Business | Pre-Hacking Committee ","NA","NA","Business | Hacking Committee","NA","NA","Business | Acceleration","NA","NA","Business | Pre-Impact Committee","NA","NA","Business | Impact Committee","NA","NA","Business | Impact","NA","NA","Business | Series B","NA","NA","OM | Incubation","NA","NA","OM | Pre-Hacking Committee","NA","NA","OM | Hacking Committee","NA","NA","OM | Acceleration","NA","NA","OM | Pre-Impact Committee ","NA","NA","OM | Impact Committee","NA","NA","OM | Impact","NA","Ecosystem | Incubation","NA","NA","Ecosystem | Pre-Hacking Committee","NA","NA","Ecosystem | Hacking Committee","NA","NA","Ecosystem | Acceleration","NA","NA","Ecosystem | Pre-Impact Committee ","NA","NA","Ecosystem | Impact Committee","NA","NA","Ecosystem | Impact","NA","NA"
"457","Ecotec","Ecotec : création d'une plateforme numérique qui vise à encourager et à faciliter les échanges de produits recyclés ou réutilisables entre les individus et les entreprises. L'objectif est de promouvoir la réduction des déchets et la préservation de l'envi","06/07/2024","13/06/2025","001","*Soumission*","active","Digital","0","SBU Manufacturing Jorf","Soumission","06/07/2024","NA","Ecosystème (situation visant à créer de la valeur avec l’écosystème du groupe)","Categorization","NA","NA","Ideation","NA","NA","Ideation | Demo Day ","NA","NA","Development","NA","NA","Business | Incubation","NA","NA","Business | Pre-Hacking Committee ","NA","NA","Business | Hacking Committee","NA","NA","Business | Acceleration","NA","NA","Business | Pre-Impact Committee","NA","NA","Business | Impact Committee","NA","NA","Business | Impact","NA","NA","Business | Series B","NA","NA","OM | Incubation","NA","NA","OM | Pre-Hacking Committee","NA","NA","OM | Hacking Committee","NA","NA","OM | Acceleration","NA","NA","OM | Pre-Impact Committee ","NA","NA","OM | Impact Committee","NA","NA","OM | Impact","NA","Ecosystem | Incubation","NA","NA","Ecosystem | Pre-Hacking Committee","NA","NA","Ecosystem | Hacking Committee","NA","NA","Ecosystem | Acceleration","NA","NA","Ecosystem | Pre-Impact Committee ","NA","NA","Ecosystem | Impact Committee","NA","NA","Ecosystem | Impact","NA","NA"
"458","ContractorSafety","-Mise en place de cellules de formation spécialisées pour les entreprises extérieures, avec un espace dédié aux standards opérationnels. '-Formation des contractants et sous-traitants sur les standards opérationnels et les risques majeurs, évalués par un ","06/07/2024","13/06/2025","001","*Soumission*","active","Health & Safety","0","SBU Mining Khouribga","Soumission","06/07/2024","NA","Operating Model (situation visant à améliorer, optimiser ou changer des process, pratiques ou organisations de travail)","Categorization","NA","NA","Ideation","NA","NA","Ideation | Demo Day ","NA","NA","Development","NA","NA","Business | Incubation","NA","NA","Business | Pre-Hacking Committee ","NA","NA","Business | Hacking Committee","NA","NA","Business | Acceleration","NA","NA","Business | Pre-Impact Committee","NA","NA","Business | Impact Committee","NA","NA","Business | Impact","NA","NA","Business | Series B","NA","NA","OM | Incubation","NA","NA","OM | Pre-Hacking Committee","NA","NA","OM | Hacking Committee","NA","NA","OM | Acceleration","NA","NA","OM | Pre-Impact Committee ","NA","NA","OM | Impact Committee","NA","NA","OM | Impact","NA","Ecosystem | Incubation","NA","NA","Ecosystem | Pre-Hacking Committee","NA","NA","Ecosystem | Hacking Committee","NA","NA","Ecosystem | Acceleration","NA","NA","Ecosystem | Pre-Impact Committee ","NA","NA","Ecosystem | Impact Committee","NA","NA","Ecosystem | Impact","NA","NA"
"459","Ftuit International","Investissement sur les arbres fruitiers national et international","06/07/2024","13/06/2025","001","*Soumission*","active","Agroalimentaire","0","SBU Manufacturig Safi","Soumission","06/07/2024","NA","Business (situation visant à générer des revenus)","Categorization","NA","NA","Ideation","NA","NA","Ideation | Demo Day ","NA","NA","Development","NA","NA","Business | Incubation","NA","NA","Business | Pre-Hacking Committee ","NA","NA","Business | Hacking Committee","NA","NA","Business | Acceleration","NA","NA","Business | Pre-Impact Committee","NA","NA","Business | Impact Committee","NA","NA","Business | Impact","NA","NA","Business | Series B","NA","NA","OM | Incubation","NA","NA","OM | Pre-Hacking Committee","NA","NA","OM | Hacking Committee","NA","NA","OM | Acceleration","NA","NA","OM | Pre-Impact Committee ","NA","NA","OM | Impact Committee","NA","NA","OM | Impact","NA","Ecosystem | Incubation","NA","NA","Ecosystem | Pre-Hacking Committee","NA","NA","Ecosystem | Hacking Committee","NA","NA","Ecosystem | Acceleration","NA","NA","Ecosystem | Pre-Impact Committee ","NA","NA","Ecosystem | Impact Committee","NA","NA","Ecosystem | Impact","NA","NA"
"462","OCP SportConnect","Digitalisation des réservations des établissements sportifs OCP (salles de sport, terrains, piscine...) ","06/07/2024","13/06/2025","001","*Soumission*","active","Digital","0","SBU Mining Gantour","Soumission","06/07/2024","NA","Ecosystème (situation visant à créer de la valeur avec l’écosystème du groupe)","Categorization","NA","NA","Ideation","NA","NA","Ideation | Demo Day ","NA","NA","Development","NA","NA","Business | Incubation","NA","NA","Business | Pre-Hacking Committee ","NA","NA","Business | Hacking Committee","NA","NA","Business | Acceleration","NA","NA","Business | Pre-Impact Committee","NA","NA","Business | Impact Committee","NA","NA","Business | Impact","NA","NA","Business | Series B","NA","NA","OM | Incubation","NA","NA","OM | Pre-Hacking Committee","NA","NA","OM | Hacking Committee","NA","NA","OM | Acceleration","NA","NA","OM | Pre-Impact Committee ","NA","NA","OM | Impact Committee","NA","NA","OM | Impact","NA","Ecosystem | Incubation","NA","NA","Ecosystem | Pre-Hacking Committee","NA","NA","Ecosystem | Hacking Committee","NA","NA","Ecosystem | Acceleration","NA","NA","Ecosystem | Pre-Impact Committee ","NA","NA","Ecosystem | Impact Committee","NA","NA","Ecosystem | Impact","NA","NA"
"463","OCP Green shipping","Cette situation vise à créer un bunkering hub (Station de ravitaillement) pour le secteur maritime, opérant dans les carburants verts. Ceci en mettant à profit le savoir faire d'OCP pour proposer au marché maritime une solution impactante de décarbonation","06/07/2024","13/06/2025","002","Development","active","Energy Solutions","0","Corporate","Soumission","06/07/2024","15/09/2024","Business (situation visant à générer des revenus)","Categorization","NA","NA","Ideation","15/09/2024","14/02/2025","Ideation | Demo Day ","14/02/2025","14/02/2025","Development","25/02/2025","NA","Business | Incubation","NA","NA","Business | Pre-Hacking Committee ","NA","NA","Business | Hacking Committee","NA","NA","Business | Acceleration","NA","NA","Business | Pre-Impact Committee","NA","NA","Business | Impact Committee","NA","NA","Business | Impact","NA","NA","Business | Series B","NA","NA","OM | Incubation","NA","NA","OM | Pre-Hacking Committee","NA","NA","OM | Hacking Committee","NA","NA","OM | Acceleration","NA","NA","OM | Pre-Impact Committee ","NA","NA","OM | Impact Committee","NA","NA","OM | Impact","NA","Ecosystem | Incubation","NA","NA","Ecosystem | Pre-Hacking Committee","NA","NA","Ecosystem | Hacking Committee","NA","NA","Ecosystem | Acceleration","NA","NA","Ecosystem | Pre-Impact Committee ","NA","NA","Ecosystem | Impact Committee","NA","NA","Ecosystem | Impact","NA","NA"
"464","Safety at OCP","Notre situation consiste à développer une solution innovante pour maintenir la sécurité humaine au premier plan, conformément à notre projet zéro incident, et pour réduire le temps de travail manuel dans les espaces clos, ce qui signifie une réduction des","06/07/2024","13/06/2025","001","*Soumission*","active","Health & Safety","0","SBU Manufacturig Safi","Soumission","06/07/2024","NA","Operating Model (situation visant à améliorer, optimiser ou changer des process, pratiques ou organisations de travail)","Categorization","NA","NA","Ideation","NA","NA","Ideation | Demo Day ","NA","NA","Development","NA","NA","Business | Incubation","NA","NA","Business | Pre-Hacking Committee ","NA","NA","Business | Hacking Committee","NA","NA","Business | Acceleration","NA","NA","Business | Pre-Impact Committee","NA","NA","Business | Impact Committee","NA","NA","Business | Impact","NA","NA","Business | Series B","NA","NA","OM | Incubation","NA","NA","OM | Pre-Hacking Committee","NA","NA","OM | Hacking Committee","NA","NA","OM | Acceleration","NA","NA","OM | Pre-Impact Committee ","NA","NA","OM | Impact Committee","NA","NA","OM | Impact","NA","Ecosystem | Incubation","NA","NA","Ecosystem | Pre-Hacking Committee","NA","NA","Ecosystem | Hacking Committee","NA","NA","Ecosystem | Acceleration","NA","NA","Ecosystem | Pre-Impact Committee ","NA","NA","Ecosystem | Impact Committee","NA","NA","Ecosystem | Impact","NA","NA"
"466","DigiDiagOcp"," Mise en place du ""Diagnostic Digital à Distance OCP"" permettant l'identification des pannes et l'intervention des personnes autorisées sur chantier pour résoudre les problèmes mécaniques et électriques à distance. Cela évite les déplacements coûteux","06/07/2024","13/06/2025","003","Ideation","active","Digital","0","SBU Mining Khouribga","Soumission","06/07/2024","11/07/2024","Operating Model (situation visant à améliorer, optimiser ou changer des process, pratiques ou organisations de travail)","Categorization","NA","NA","Ideation","11/07/2024","22/07/2024","Ideation | Demo Day ","NA","NA","Development","NA","NA","Business | Incubation","NA","NA","Business | Pre-Hacking Committee ","NA","NA","Business | Hacking Committee","NA","NA","Business | Acceleration","NA","NA","Business | Pre-Impact Committee","NA","NA","Business | Impact Committee","NA","NA","Business | Impact","NA","NA","Business | Series B","NA","NA","OM | Incubation","NA","NA","OM | Pre-Hacking Committee","NA","NA","OM | Hacking Committee","NA","NA","OM | Acceleration","NA","NA","OM | Pre-Impact Committee ","NA","NA","OM | Impact Committee","NA","NA","OM | Impact","NA","Ecosystem | Incubation","NA","NA","Ecosystem | Pre-Hacking Committee","NA","NA","Ecosystem | Hacking Committee","NA","NA","Ecosystem | Acceleration","NA","NA","Ecosystem | Pre-Impact Committee ","NA","NA","Ecosystem | Impact Committee","NA","NA","Ecosystem | Impact","NA","NA"
"467","OCPDRAFT","Notre situation consiste à la Constructiondes chaînes de protection des pneus pour engins de terrassement. Les chaînes de protection des pneus sont des accessoires essentiels pour les engins de terrassement, offrant une protection et une stabilité accrues","06/07/2024","13/06/2025","001","Ideation","active","Optimisation industrielle","0","SBU Mining Khouribga","Soumission","06/07/2024","23/07/2024","Operating Model (situation visant à améliorer, optimiser ou changer des process, pratiques ou organisations de travail)","Categorization","NA","NA","Ideation","23/07/2024","NA","Ideation | Demo Day ","NA","NA","Development","NA","NA","Business | Incubation","NA","NA","Business | Pre-Hacking Committee ","NA","NA","Business | Hacking Committee","NA","NA","Business | Acceleration","NA","NA","Business | Pre-Impact Committee","NA","NA","Business | Impact Committee","NA","NA","Business | Impact","NA","NA","Business | Series B","NA","NA","OM | Incubation","NA","NA","OM | Pre-Hacking Committee","NA","NA","OM | Hacking Committee","NA","NA","OM | Acceleration","NA","NA","OM | Pre-Impact Committee ","NA","NA","OM | Impact Committee","NA","NA","OM | Impact","NA","Ecosystem | Incubation","NA","NA","Ecosystem | Pre-Hacking Committee","NA","NA","Ecosystem | Hacking Committee","NA","NA","Ecosystem | Acceleration","NA","NA","Ecosystem | Pre-Impact Committee ","NA","NA","Ecosystem | Impact Committee","NA","NA","Ecosystem | Impact","NA","NA"
"468","Recycle","Technologie de récupération et de recyclage dans un objectif de création de valeur à partir des déchets ainsi que de minimiser l'impact environnemental","06/07/2024","13/06/2025","006","*Soumission*","active","Sustainability","0","SBU Manufacturing Jorf","Soumission","06/07/2024","NA","Business (situation visant à générer des revenus)","Categorization","NA","NA","Ideation","NA","NA","Ideation | Demo Day ","NA","NA","Development","NA","NA","Business | Incubation","NA","NA","Business | Pre-Hacking Committee ","NA","NA","Business | Hacking Committee","NA","NA","Business | Acceleration","NA","NA","Business | Pre-Impact Committee","NA","NA","Business | Impact Committee","NA","NA","Business | Impact","NA","NA","Business | Series B","NA","NA","OM | Incubation","NA","NA","OM | Pre-Hacking Committee","NA","NA","OM | Hacking Committee","NA","NA","OM | Acceleration","NA","NA","OM | Pre-Impact Committee ","NA","NA","OM | Impact Committee","NA","NA","OM | Impact","NA","Ecosystem | Incubation","NA","NA","Ecosystem | Pre-Hacking Committee","NA","NA","Ecosystem | Hacking Committee","NA","NA","Ecosystem | Acceleration","NA","NA","Ecosystem | Pre-Impact Committee ","NA","NA","Ecosystem | Impact Committee","NA","NA","Ecosystem | Impact","NA","NA"
"469","RainProof","Mise en place d'un système innovant de chargement d'engrais via Cement Hole adapté aux conditions pluviales. Cette solution économique et facile à installer offre un montage/démontage rapide sans l'usage de brides boulonnées.","06/07/2024","13/06/2025","002","Ideation","active","New Ways of working","0","SBU Manufacturing Jorf","Soumission","06/07/2024","12/07/2024","Operating Model (situation visant à améliorer, optimiser ou changer des process, pratiques ou organisations de travail)","Categorization","NA","NA","Ideation","12/07/2024","NA","Ideation | Demo Day ","NA","NA","Development","NA","NA","Business | Incubation","NA","NA","Business | Pre-Hacking Committee ","NA","NA","Business | Hacking Committee","NA","NA","Business | Acceleration","NA","NA","Business | Pre-Impact Committee","NA","NA","Business | Impact Committee","NA","NA","Business | Impact","NA","NA","Business | Series B","NA","NA","OM | Incubation","NA","NA","OM | Pre-Hacking Committee","NA","NA","OM | Hacking Committee","NA","NA","OM | Acceleration","NA","NA","OM | Pre-Impact Committee ","NA","NA","OM | Impact Committee","NA","NA","OM | Impact","NA","Ecosystem | Incubation","NA","NA","Ecosystem | Pre-Hacking Committee","NA","NA","Ecosystem | Hacking Committee","NA","NA","Ecosystem | Acceleration","NA","NA","Ecosystem | Pre-Impact Committee ","NA","NA","Ecosystem | Impact Committee","NA","NA","Ecosystem | Impact","NA","NA"
"472","OFP2","Création d’une filiale spécialisée (OFP2) : -	Etudes et conception des systèmes de lutte contre l’incendie avant et après la concrétisation des installations ; -	Fourniture et installation des systèmes de lutte contre l’incendie (extincteurs, robinets d’i","06/07/2024","13/06/2025","002","Ideation","active","Health & Safety","0","SBU Mining","Soumission","06/07/2024","11/07/2024","Operating Model (situation visant à améliorer, optimiser ou changer des process, pratiques ou organisations de travail)","Categorization","NA","NA","Ideation","11/07/2024","16/01/2025","Ideation | Demo Day ","NA","NA","Development","NA","NA","Business | Incubation","NA","NA","Business | Pre-Hacking Committee ","NA","NA","Business | Hacking Committee","NA","NA","Business | Acceleration","NA","NA","Business | Pre-Impact Committee","NA","NA","Business | Impact Committee","NA","NA","Business | Impact","NA","NA","Business | Series B","NA","NA","OM | Incubation","NA","NA","OM | Pre-Hacking Committee","NA","NA","OM | Hacking Committee","NA","NA","OM | Acceleration","NA","NA","OM | Pre-Impact Committee ","NA","NA","OM | Impact Committee","NA","NA","OM | Impact","NA","Ecosystem | Incubation","NA","NA","Ecosystem | Pre-Hacking Committee","NA","NA","Ecosystem | Hacking Committee","NA","NA","Ecosystem | Acceleration","NA","NA","Ecosystem | Pre-Impact Committee ","NA","NA","Ecosystem | Impact Committee","NA","NA","Ecosystem | Impact","NA","NA"
"473","Drone@OCP","Démocratiser l'utilisation des drones courante pour les inspections industrielles, le suivi de chantiers, l'agriculture et la sécurité, en exploitant l'intelligence artificielle pour des inspections plus précises, rapides et économiques","06/07/2024","13/06/2025","003","Development","active","Digital","0","Corporate","Soumission","06/07/2024","12/07/2024","Operating Model (situation visant à améliorer, optimiser ou changer des process, pratiques ou organisations de travail)","Categorization","NA","NA","Ideation","12/07/2024","20/10/2024","Ideation | Demo Day ","25/10/2024","25/10/2024","Development","11/11/2024","NA","Business | Incubation","NA","NA","Business | Pre-Hacking Committee ","NA","NA","Business | Hacking Committee","NA","NA","Business | Acceleration","NA","NA","Business | Pre-Impact Committee","NA","NA","Business | Impact Committee","NA","NA","Business | Impact","NA","NA","Business | Series B","NA","NA","OM | Incubation","NA","NA","OM | Pre-Hacking Committee","NA","NA","OM | Hacking Committee","NA","NA","OM | Acceleration","NA","NA","OM | Pre-Impact Committee ","NA","NA","OM | Impact Committee","NA","NA","OM | Impact","NA","Ecosystem | Incubation","NA","NA","Ecosystem | Pre-Hacking Committee","NA","NA","Ecosystem | Hacking Committee","NA","NA","Ecosystem | Acceleration","NA","NA","Ecosystem | Pre-Impact Committee ","NA","NA","Ecosystem | Impact Committee","NA","NA","Ecosystem | Impact","NA","NA"
"474","OCP SUN SMART","L’IRRIGATION SOLAIRE INTELLIGENTE : Une  alternative d’avenir pour l’agriculture Marocaine & Africaine","06/07/2024","13/06/2025","002","Ideation","active","Sustainability","0","SBU Manufacturig Safi","Soumission","06/07/2024","11/07/2024","Business (situation visant à générer des revenus)","Categorization","NA","NA","Ideation","11/07/2024","10/03/2025","Ideation | Demo Day ","NA","NA","Development","NA","NA","Business | Incubation","NA","NA","Business | Pre-Hacking Committee ","NA","NA","Business | Hacking Committee","NA","NA","Business | Acceleration","NA","NA","Business | Pre-Impact Committee","NA","NA","Business | Impact Committee","NA","NA","Business | Impact","NA","NA","Business | Series B","NA","NA","OM | Incubation","NA","NA","OM | Pre-Hacking Committee","NA","NA","OM | Hacking Committee","NA","NA","OM | Acceleration","NA","NA","OM | Pre-Impact Committee ","NA","NA","OM | Impact Committee","NA","NA","OM | Impact","NA","Ecosystem | Incubation","NA","NA","Ecosystem | Pre-Hacking Committee","NA","NA","Ecosystem | Hacking Committee","NA","NA","Ecosystem | Acceleration","NA","NA","Ecosystem | Pre-Impact Committee ","NA","NA","Ecosystem | Impact Committee","NA","NA","Ecosystem | Impact","NA","NA"
"476","OCP SkillBuilders","L’externalisation des métiers spécifiques de l’OCP crée des risques liés à la sécurité et la compétence des employés. La solution est de certifier ces métiers via des centres de formation, en obligeant les sous-traitants à embaucher des employés certifiés","06/07/2024","13/06/2025","009","Ideation","active","Knowledge Management","0","SBU Mining Khouribga","Soumission","06/07/2024","17/10/2024","Ecosystème (situation visant à créer de la valeur avec l’écosystème du groupe)","Categorization","NA","NA","Ideation","26/11/2024","NA","Ideation | Demo Day ","NA","NA","Development","NA","NA","Business | Incubation","NA","NA","Business | Pre-Hacking Committee ","NA","NA","Business | Hacking Committee","NA","NA","Business | Acceleration","NA","NA","Business | Pre-Impact Committee","NA","NA","Business | Impact Committee","NA","NA","Business | Impact","NA","NA","Business | Series B","NA","NA","OM | Incubation","NA","NA","OM | Pre-Hacking Committee","NA","NA","OM | Hacking Committee","NA","NA","OM | Acceleration","NA","NA","OM | Pre-Impact Committee ","NA","NA","OM | Impact Committee","NA","NA","OM | Impact","NA","Ecosystem | Incubation","NA","NA","Ecosystem | Pre-Hacking Committee","NA","NA","Ecosystem | Hacking Committee","NA","NA","Ecosystem | Acceleration","NA","NA","Ecosystem | Pre-Impact Committee ","NA","NA","Ecosystem | Impact Committee","NA","NA","Ecosystem | Impact","NA","NA"
"477","SafeAI","Conception d'une application (IA) qui fusionne les progrès de l'intelligence artificielle avec les impératifs HSE afin de garantir un avenir plus sûr et durable pour le Groupe OCP","06/07/2024","13/06/2025","001","*Soumission*","active","Digital","0","SBU Manufacturing Jorf","Soumission","06/07/2024","NA","Business (situation visant à générer des revenus)","Categorization","NA","NA","Ideation","NA","NA","Ideation | Demo Day ","NA","NA","Development","NA","NA","Business | Incubation","NA","NA","Business | Pre-Hacking Committee ","NA","NA","Business | Hacking Committee","NA","NA","Business | Acceleration","NA","NA","Business | Pre-Impact Committee","NA","NA","Business | Impact Committee","NA","NA","Business | Impact","NA","NA","Business | Series B","NA","NA","OM | Incubation","NA","NA","OM | Pre-Hacking Committee","NA","NA","OM | Hacking Committee","NA","NA","OM | Acceleration","NA","NA","OM | Pre-Impact Committee ","NA","NA","OM | Impact Committee","NA","NA","OM | Impact","NA","Ecosystem | Incubation","NA","NA","Ecosystem | Pre-Hacking Committee","NA","NA","Ecosystem | Hacking Committee","NA","NA","Ecosystem | Acceleration","NA","NA","Ecosystem | Pre-Impact Committee ","NA","NA","Ecosystem | Impact Committee","NA","NA","Ecosystem | Impact","NA","NA"
"479","OCP Event & Travel Agency","Création d'une agence d'événementiel et de voyage interne à l'OCP, rattachée à ""OCP Hospitality"". Cette agence proposera des offres estivales sur mesure à coûts réduits, en évitant les intermédiaires.","06/07/2024","21/06/2025","001","Ideation","active","Facility Management","0","SBU Mining Gantour","Soumission","06/07/2024","NA","Business (situation visant à générer des revenus)","Categorization","NA","NA","Ideation","30/05/2025","NA","Ideation | Demo Day ","NA","NA","Development","NA","NA","Business | Incubation","NA","NA","Business | Pre-Hacking Committee ","NA","NA","Business | Hacking Committee","NA","NA","Business | Acceleration","NA","NA","Business | Pre-Impact Committee","NA","NA","Business | Impact Committee","NA","NA","Business | Impact","NA","NA","Business | Series B","NA","NA","OM | Incubation","NA","NA","OM | Pre-Hacking Committee","NA","NA","OM | Hacking Committee","NA","NA","OM | Acceleration","NA","NA","OM | Pre-Impact Committee ","NA","NA","OM | Impact Committee","NA","NA","OM | Impact","NA","Ecosystem | Incubation","NA","NA","Ecosystem | Pre-Hacking Committee","NA","NA","Ecosystem | Hacking Committee","NA","NA","Ecosystem | Acceleration","NA","NA","Ecosystem | Pre-Impact Committee ","NA","NA","Ecosystem | Impact Committee","NA","NA","Ecosystem | Impact","NA","NA"
"480","CCUS","Cette Situation propose une vision complète et des solutions innovantes afin de réimaginer le processus phosphorique et son downstream, afin de créer de la valeur et positionner le Groupe comme leader en décarbonation de l'industrie des engrais phosphatés","06/07/2024","26/06/2025","001","Categorization","active","Sustainability","0","SBU Manufacturing ","Soumission","06/07/2024","NA","Business (situation visant à générer des revenus)","Categorization","26/06/2025","26/06/2025","Ideation","NA","NA","Ideation | Demo Day ","NA","NA","Development","NA","NA","Business | Incubation","NA","NA","Business | Pre-Hacking Committee ","NA","NA","Business | Hacking Committee","NA","NA","Business | Acceleration","NA","NA","Business | Pre-Impact Committee","NA","NA","Business | Impact Committee","NA","NA","Business | Impact","NA","NA","Business | Series B","NA","NA","OM | Incubation","NA","NA","OM | Pre-Hacking Committee","NA","NA","OM | Hacking Committee","NA","NA","OM | Acceleration","NA","NA","OM | Pre-Impact Committee ","NA","NA","OM | Impact Committee","NA","NA","OM | Impact","NA","Ecosystem | Incubation","NA","NA","Ecosystem | Pre-Hacking Committee","NA","NA","Ecosystem | Hacking Committee","NA","NA","Ecosystem | Acceleration","NA","NA","Ecosystem | Pre-Impact Committee ","NA","NA","Ecosystem | Impact Committee","NA","NA","Ecosystem | Impact","NA","NA"
"481","Waste management solution 4.0","« waste management solution 4.0 » vient répondre aux problématiques liées à la gestion des déchets solides telles que : le manque de traçabilité et visibilité qui induisent une lourdeur de gestion qui entrave de capturer les performances durable de ces de","06/07/2024","13/06/2025","001","Ideation","active","Recycling & Waste Management","0","SBU Manufacturing Jorf","Soumission","06/07/2024","11/07/2024","Business (situation visant à générer des revenus)","Categorization","NA","NA","Ideation","11/07/2024","NA","Ideation | Demo Day ","NA","NA","Development","NA","NA","Business | Incubation","NA","NA","Business | Pre-Hacking Committee ","NA","NA","Business | Hacking Committee","NA","NA","Business | Acceleration","NA","NA","Business | Pre-Impact Committee","NA","NA","Business | Impact Committee","NA","NA","Business | Impact","NA","NA","Business | Series B","NA","NA","OM | Incubation","NA","NA","OM | Pre-Hacking Committee","NA","NA","OM | Hacking Committee","NA","NA","OM | Acceleration","NA","NA","OM | Pre-Impact Committee ","NA","NA","OM | Impact Committee","NA","NA","OM | Impact","NA","Ecosystem | Incubation","NA","NA","Ecosystem | Pre-Hacking Committee","NA","NA","Ecosystem | Hacking Committee","NA","NA","Ecosystem | Acceleration","NA","NA","Ecosystem | Pre-Impact Committee ","NA","NA","Ecosystem | Impact Committee","NA","NA","Ecosystem | Impact","NA","NA"
"482","InterchangeGeo Tracking System","Le projet InterchangeGeo Tracking System optimise la gestion des équipements par géolocalisation et capteurs, réduisant les erreurs d'inventaire et les interruptions grâce à la digitalisation et l'automatisation.","06/07/2024","13/06/2025","001","Ideation","active","Operating Model","0","SBU Manufacturing Jorf","Soumission","06/07/2024","11/07/2024","Operating Model (situation visant à améliorer, optimiser ou changer des process, pratiques ou organisations de travail)","Categorization","NA","NA","Ideation","11/07/2024","25/10/2024","Ideation | Demo Day ","22/01/2025","22/01/2025","Development","NA","NA","Business | Incubation","NA","NA","Business | Pre-Hacking Committee ","NA","NA","Business | Hacking Committee","NA","NA","Business | Acceleration","NA","NA","Business | Pre-Impact Committee","NA","NA","Business | Impact Committee","NA","NA","Business | Impact","NA","NA","Business | Series B","NA","NA","OM | Incubation","NA","NA","OM | Pre-Hacking Committee","NA","NA","OM | Hacking Committee","NA","NA","OM | Acceleration","NA","NA","OM | Pre-Impact Committee ","NA","NA","OM | Impact Committee","NA","NA","OM | Impact","NA","Ecosystem | Incubation","NA","NA","Ecosystem | Pre-Hacking Committee","NA","NA","Ecosystem | Hacking Committee","NA","NA","Ecosystem | Acceleration","NA","NA","Ecosystem | Pre-Impact Committee ","NA","NA","Ecosystem | Impact Committee","NA","NA","Ecosystem | Impact","NA","NA"
"484","IA Foot Academy","Accompagner les clubs sportifs (structuration, entrainement…)","06/07/2024","13/06/2025","010","Ideation","active","Talent Development","0","SBU Manufacturig Safi","Soumission","06/07/2024","16/07/2024","Business (situation visant à générer des revenus)","Categorization","NA","NA","Ideation","16/07/2024","NA","Ideation | Demo Day ","NA","NA","Development","NA","NA","Business | Incubation","NA","NA","Business | Pre-Hacking Committee ","NA","NA","Business | Hacking Committee","NA","NA","Business | Acceleration","NA","NA","Business | Pre-Impact Committee","NA","NA","Business | Impact Committee","NA","NA","Business | Impact","NA","NA","Business | Series B","NA","NA","OM | Incubation","NA","NA","OM | Pre-Hacking Committee","NA","NA","OM | Hacking Committee","NA","NA","OM | Acceleration","NA","NA","OM | Pre-Impact Committee ","NA","NA","OM | Impact Committee","NA","NA","OM | Impact","NA","Ecosystem | Incubation","NA","NA","Ecosystem | Pre-Hacking Committee","NA","NA","Ecosystem | Hacking Committee","NA","NA","Ecosystem | Acceleration","NA","NA","Ecosystem | Pre-Impact Committee ","NA","NA","Ecosystem | Impact Committee","NA","NA","Ecosystem | Impact","NA","NA"
"486","EcoWaste Solutions","Repenser la gestion des déchets ménagers afin de protéger l’environnement, de créer des emplois et de promouvoir l’économie circulaire au bénéfice de la communauté.","06/07/2024","13/06/2025","005","Ideation","active","Sustainability","0","SBU Manufacturing Jorf","Soumission","06/07/2024","19/08/2024","Ecosystème (situation visant à créer de la valeur avec l’écosystème du groupe)","Categorization","NA","NA","Ideation","19/08/2024","NA","Ideation | Demo Day ","NA","NA","Development","NA","NA","Business | Incubation","NA","NA","Business | Pre-Hacking Committee ","NA","NA","Business | Hacking Committee","NA","NA","Business | Acceleration","NA","NA","Business | Pre-Impact Committee","NA","NA","Business | Impact Committee","NA","NA","Business | Impact","NA","NA","Business | Series B","NA","NA","OM | Incubation","NA","NA","OM | Pre-Hacking Committee","NA","NA","OM | Hacking Committee","NA","NA","OM | Acceleration","NA","NA","OM | Pre-Impact Committee ","NA","NA","OM | Impact Committee","NA","NA","OM | Impact","NA","Ecosystem | Incubation","NA","NA","Ecosystem | Pre-Hacking Committee","NA","NA","Ecosystem | Hacking Committee","NA","NA","Ecosystem | Acceleration","NA","NA","Ecosystem | Pre-Impact Committee ","NA","NA","Ecosystem | Impact Committee","NA","NA","Ecosystem | Impact","NA","NA"
"487","EcoEngage Solutions","Établir une entité spécialisée pour aider nos SBU Manufacturing et les entreprises à améliorer leur efficacité énergétique, réduire leurs émissions de gaz à effet de serre, et faciliter leur transition vers un développement durable.","06/07/2024","13/06/2025","001","Ideation","active","Sustainability","0","SBU Manufacturing  ","Soumission","06/07/2024","16/07/2024","Business (situation visant à générer des revenus)","Categorization","NA","NA","Ideation","16/07/2024","NA","Ideation | Demo Day ","NA","NA","Development","NA","NA","Business | Incubation","NA","NA","Business | Pre-Hacking Committee ","NA","NA","Business | Hacking Committee","NA","NA","Business | Acceleration","NA","NA","Business | Pre-Impact Committee","NA","NA","Business | Impact Committee","NA","NA","Business | Impact","NA","NA","Business | Series B","NA","NA","OM | Incubation","NA","NA","OM | Pre-Hacking Committee","NA","NA","OM | Hacking Committee","NA","NA","OM | Acceleration","NA","NA","OM | Pre-Impact Committee ","NA","NA","OM | Impact Committee","NA","NA","OM | Impact","NA","Ecosystem | Incubation","NA","NA","Ecosystem | Pre-Hacking Committee","NA","NA","Ecosystem | Hacking Committee","NA","NA","Ecosystem | Acceleration","NA","NA","Ecosystem | Pre-Impact Committee ","NA","NA","Ecosystem | Impact Committee","NA","NA","Ecosystem | Impact","NA","NA"
"490","P-Port","Réorganisation des Opérations Portuaires (operating model) pour une Efficacité Accrue et une réduction des Coûts Logistiques, avec l'Implémentation des Concepts de Smart Port, Weather-Proof Terminal et Green Port","06/07/2024","13/06/2025","001","*Soumission*","active","Operating Model","0","SBU Manufacturing Jorf","Soumission","06/07/2024","NA","Operating Model (situation visant à améliorer, optimiser ou changer des process, pratiques ou organisations de travail)","Categorization","NA","NA","Ideation","NA","NA","Ideation | Demo Day ","NA","NA","Development","NA","NA","Business | Incubation","NA","NA","Business | Pre-Hacking Committee ","NA","NA","Business | Hacking Committee","NA","NA","Business | Acceleration","NA","NA","Business | Pre-Impact Committee","NA","NA","Business | Impact Committee","NA","NA","Business | Impact","NA","NA","Business | Series B","NA","NA","OM | Incubation","NA","NA","OM | Pre-Hacking Committee","NA","NA","OM | Hacking Committee","NA","NA","OM | Acceleration","NA","NA","OM | Pre-Impact Committee ","NA","NA","OM | Impact Committee","NA","NA","OM | Impact","NA","Ecosystem | Incubation","NA","NA","Ecosystem | Pre-Hacking Committee","NA","NA","Ecosystem | Hacking Committee","NA","NA","Ecosystem | Acceleration","NA","NA","Ecosystem | Pre-Impact Committee ","NA","NA","Ecosystem | Impact Committee","NA","NA","Ecosystem | Impact","NA","NA"
"491","Electri Assist","""Électri Assist"" est une application mobile innovante conçue spécifiquement pour les électriciens de l'OCP, offrant des solutions immédiates et précises pour améliorer la sécurité, l'efficacité et la précision sur le terrain.

","06/07/2024","13/06/2025","006","Development","active","Digital","0","SBU Manufacturing Jorf","Soumission","06/07/2024","16/07/2024","Operating Model (situation visant à améliorer, optimiser ou changer des process, pratiques ou organisations de travail)","Categorization","NA","NA","Ideation","16/07/2024","29/11/2024","Ideation | Demo Day ","06/12/2024","06/12/2024","Development","18/12/2024","NA","Business | Incubation","NA","NA","Business | Pre-Hacking Committee ","NA","NA","Business | Hacking Committee","NA","NA","Business | Acceleration","NA","NA","Business | Pre-Impact Committee","NA","NA","Business | Impact Committee","NA","NA","Business | Impact","NA","NA","Business | Series B","NA","NA","OM | Incubation","NA","NA","OM | Pre-Hacking Committee","NA","NA","OM | Hacking Committee","NA","NA","OM | Acceleration","NA","NA","OM | Pre-Impact Committee ","NA","NA","OM | Impact Committee","NA","NA","OM | Impact","NA","Ecosystem | Incubation","NA","NA","Ecosystem | Pre-Hacking Committee","NA","NA","Ecosystem | Hacking Committee","NA","NA","Ecosystem | Acceleration","NA","NA","Ecosystem | Pre-Impact Committee ","NA","NA","Ecosystem | Impact Committee","NA","NA","Ecosystem | Impact","NA","NA"
"492","DigElec Maintenance","Application Android pour maintenance électrique avec QR codes, historique des rapports journaliers intégré.","06/07/2024","13/06/2025","001","*Soumission*","active","Digital","0","SBU Manufacturing Jorf","Soumission","06/07/2024","NA","Operating Model (situation visant à améliorer, optimiser ou changer des process, pratiques ou organisations de travail)","Categorization","NA","NA","Ideation","NA","NA","Ideation | Demo Day ","NA","NA","Development","NA","NA","Business | Incubation","NA","NA","Business | Pre-Hacking Committee ","NA","NA","Business | Hacking Committee","NA","NA","Business | Acceleration","NA","NA","Business | Pre-Impact Committee","NA","NA","Business | Impact Committee","NA","NA","Business | Impact","NA","NA","Business | Series B","NA","NA","OM | Incubation","NA","NA","OM | Pre-Hacking Committee","NA","NA","OM | Hacking Committee","NA","NA","OM | Acceleration","NA","NA","OM | Pre-Impact Committee ","NA","NA","OM | Impact Committee","NA","NA","OM | Impact","NA","Ecosystem | Incubation","NA","NA","Ecosystem | Pre-Hacking Committee","NA","NA","Ecosystem | Hacking Committee","NA","NA","Ecosystem | Acceleration","NA","NA","Ecosystem | Pre-Impact Committee ","NA","NA","Ecosystem | Impact Committee","NA","NA","Ecosystem | Impact","NA","NA"
"493","OCP LIFE","culture a un impact significatif sur l’entreprise multinationale à travers ses influences paradoxales, affectant simultanément l’organisation de manière positive et négative.","06/07/2024","13/06/2025","001","Ideation","active","New Ways of working","0","SBU Mining Khouribga","Soumission","06/07/2024","22/11/2024","Ecosystème (situation visant à créer de la valeur avec l’écosystème du groupe)","Categorization","NA","NA","Ideation","26/11/2024","NA","Ideation | Demo Day ","NA","NA","Development","NA","NA","Business | Incubation","NA","NA","Business | Pre-Hacking Committee ","NA","NA","Business | Hacking Committee","NA","NA","Business | Acceleration","NA","NA","Business | Pre-Impact Committee","NA","NA","Business | Impact Committee","NA","NA","Business | Impact","NA","NA","Business | Series B","NA","NA","OM | Incubation","NA","NA","OM | Pre-Hacking Committee","NA","NA","OM | Hacking Committee","NA","NA","OM | Acceleration","NA","NA","OM | Pre-Impact Committee ","NA","NA","OM | Impact Committee","NA","NA","OM | Impact","NA","Ecosystem | Incubation","NA","NA","Ecosystem | Pre-Hacking Committee","NA","NA","Ecosystem | Hacking Committee","NA","NA","Ecosystem | Acceleration","NA","NA","Ecosystem | Pre-Impact Committee ","NA","NA","Ecosystem | Impact Committee","NA","NA","Ecosystem | Impact","NA","NA"
"494","Agile Procurement","Achat agile favorisant la flexibilité et la collaboration pour répondre efficacement aux besoins des utilisateurs tout en garantissant une valeur maximale pour les organisations.","06/07/2024","13/06/2025","007","Development","active","Procurement","0","SBU Manufacturing ","Soumission","06/07/2024","15/07/2024","Operating Model (situation visant à améliorer, optimiser ou changer des process, pratiques ou organisations de travail)","Categorization","NA","NA","Ideation","15/07/2024","NA","Ideation | Demo Day ","20/07/2024","20/07/2024","Development","29/07/2024","NA","Business | Incubation","NA","NA","Business | Pre-Hacking Committee ","NA","NA","Business | Hacking Committee","NA","NA","Business | Acceleration","NA","NA","Business | Pre-Impact Committee","NA","NA","Business | Impact Committee","NA","NA","Business | Impact","NA","NA","Business | Series B","NA","NA","OM | Incubation","NA","NA","OM | Pre-Hacking Committee","NA","NA","OM | Hacking Committee","NA","NA","OM | Acceleration","NA","NA","OM | Pre-Impact Committee ","NA","NA","OM | Impact Committee","NA","NA","OM | Impact","NA","Ecosystem | Incubation","NA","NA","Ecosystem | Pre-Hacking Committee","NA","NA","Ecosystem | Hacking Committee","NA","NA","Ecosystem | Acceleration","NA","NA","Ecosystem | Pre-Impact Committee ","NA","NA","Ecosystem | Impact Committee","NA","NA","Ecosystem | Impact","NA","NA"
"497","ArgilTech","L'idée de notre situation est de créer une unité spécialisée dans le traitement et la valorisation des argiles stériles minières afin de les transformer en produits commercialisables dans l'industrie de la poterie et de la céramique.","06/07/2024","13/06/2025","002","Development","active","Rock Solutions","0","SBU Mining Khouribga","Soumission","06/07/2024","15/10/2024","Business (situation visant à générer des revenus)","Categorization","NA","NA","Ideation","15/10/2024","20/10/2024","Ideation | Demo Day ","25/10/2024","25/10/2024","Development","11/11/2024","NA","Business | Incubation","NA","NA","Business | Pre-Hacking Committee ","NA","NA","Business | Hacking Committee","NA","NA","Business | Acceleration","NA","NA","Business | Pre-Impact Committee","NA","NA","Business | Impact Committee","NA","NA","Business | Impact","NA","NA","Business | Series B","NA","NA","OM | Incubation","NA","NA","OM | Pre-Hacking Committee","NA","NA","OM | Hacking Committee","NA","NA","OM | Acceleration","NA","NA","OM | Pre-Impact Committee ","NA","NA","OM | Impact Committee","NA","NA","OM | Impact","NA","Ecosystem | Incubation","NA","NA","Ecosystem | Pre-Hacking Committee","NA","NA","Ecosystem | Hacking Committee","NA","NA","Ecosystem | Acceleration","NA","NA","Ecosystem | Pre-Impact Committee ","NA","NA","Ecosystem | Impact Committee","NA","NA","Ecosystem | Impact","NA","NA"
"498","Process consulting","Fournir un service de conseil et d'expertise dans le domaine de la mise en place et l'optimisation des processus.  La situation aura pour objectif aussi d'effectuer des essais / audits / inspections de performance des procédés,  et d'accompagner les clien","06/07/2024","13/06/2025","003","Ideation","active","Knowledge Management","0","SBU Manufacturig Safi","Soumission","06/07/2024","23/08/2024","Business (situation visant à générer des revenus)","Categorization","NA","NA","Ideation","23/08/2024","NA","Ideation | Demo Day ","NA","NA","Development","NA","NA","Business | Incubation","NA","NA","Business | Pre-Hacking Committee ","NA","NA","Business | Hacking Committee","NA","NA","Business | Acceleration","NA","NA","Business | Pre-Impact Committee","NA","NA","Business | Impact Committee","NA","NA","Business | Impact","NA","NA","Business | Series B","NA","NA","OM | Incubation","NA","NA","OM | Pre-Hacking Committee","NA","NA","OM | Hacking Committee","NA","NA","OM | Acceleration","NA","NA","OM | Pre-Impact Committee ","NA","NA","OM | Impact Committee","NA","NA","OM | Impact","NA","Ecosystem | Incubation","NA","NA","Ecosystem | Pre-Hacking Committee","NA","NA","Ecosystem | Hacking Committee","NA","NA","Ecosystem | Acceleration","NA","NA","Ecosystem | Pre-Impact Committee ","NA","NA","Ecosystem | Impact Committee","NA","NA","Ecosystem | Impact","NA","NA"
"502","OCPcropscience","Développement de solutions phytosanitaires.  En phase 01 exploiter l'écosystème OCP et les solutions quick Win (ex :  Soufre, cuivre, Ions phosphites,...) pour passer rapidement à la commercialisation.  En phase suivante développement de la gamme","06/07/2024","21/06/2025","002","Ideation","active","Sustainability","0","SBU Manufacturing Jorf","Soumission","06/07/2024","19/05/2025","Business (situation visant à générer des revenus)","Categorization","NA","NA","Ideation","29/04/2025","17/06/2025","Ideation | Demo Day ","NA","NA","Development","NA","NA","Business | Incubation","NA","NA","Business | Pre-Hacking Committee ","NA","NA","Business | Hacking Committee","NA","NA","Business | Acceleration","NA","NA","Business | Pre-Impact Committee","NA","NA","Business | Impact Committee","NA","NA","Business | Impact","NA","NA","Business | Series B","NA","NA","OM | Incubation","NA","NA","OM | Pre-Hacking Committee","NA","NA","OM | Hacking Committee","NA","NA","OM | Acceleration","NA","NA","OM | Pre-Impact Committee ","NA","NA","OM | Impact Committee","NA","NA","OM | Impact","NA","Ecosystem | Incubation","NA","NA","Ecosystem | Pre-Hacking Committee","NA","NA","Ecosystem | Hacking Committee","NA","NA","Ecosystem | Acceleration","NA","NA","Ecosystem | Pre-Impact Committee ","NA","NA","Ecosystem | Impact Committee","NA","NA","Ecosystem | Impact","NA","NA"
"505","BoueEco Solutions","La situation vise à adresser les problématiques suivantes : 1. La surconsommation des surfaces nécessaires pour stocker ces boues 2. L'impact environnemental négatif du stockage actuel sur les nappes phréatiques et les riverain  . 3. Le faible taux de réc","06/07/2024","21/06/2025","001","Ideation","active","Recycling & Waste Management","0","SBU Mining Khouribga","Soumission","06/07/2024","NA","Operating Model (situation visant à améliorer, optimiser ou changer des process, pratiques ou organisations de travail)","Categorization","NA","NA","Ideation","30/05/2025","NA","Ideation | Demo Day ","NA","NA","Development","NA","NA","Business | Incubation","NA","NA","Business | Pre-Hacking Committee ","NA","NA","Business | Hacking Committee","NA","NA","Business | Acceleration","NA","NA","Business | Pre-Impact Committee","NA","NA","Business | Impact Committee","NA","NA","Business | Impact","NA","NA","Business | Series B","NA","NA","OM | Incubation","NA","NA","OM | Pre-Hacking Committee","NA","NA","OM | Hacking Committee","NA","NA","OM | Acceleration","NA","NA","OM | Pre-Impact Committee ","NA","NA","OM | Impact Committee","NA","NA","OM | Impact","NA","Ecosystem | Incubation","NA","NA","Ecosystem | Pre-Hacking Committee","NA","NA","Ecosystem | Hacking Committee","NA","NA","Ecosystem | Acceleration","NA","NA","Ecosystem | Pre-Impact Committee ","NA","NA","Ecosystem | Impact Committee","NA","NA","Ecosystem | Impact","NA","NA"
"506","Paste Thickener","Mise en place d'une solution plus durable et efficace pour gérer les boues générer par les laverie du phosphate, également appelées ""boues de lavage"".","06/07/2024","21/06/2025","001","Ideation","active","Optimisation industrielle","0","SBU Mining Khouribga","Soumission","06/07/2024","NA","Ecosystème (situation visant à créer de la valeur avec l’écosystème du groupe)","Categorization","NA","NA","Ideation","12/12/2024","NA","Ideation | Demo Day ","NA","NA","Development","NA","NA","Business | Incubation","NA","NA","Business | Pre-Hacking Committee ","NA","NA","Business | Hacking Committee","NA","NA","Business | Acceleration","NA","NA","Business | Pre-Impact Committee","NA","NA","Business | Impact Committee","NA","NA","Business | Impact","NA","NA","Business | Series B","NA","NA","OM | Incubation","NA","NA","OM | Pre-Hacking Committee","NA","NA","OM | Hacking Committee","NA","NA","OM | Acceleration","NA","NA","OM | Pre-Impact Committee ","NA","NA","OM | Impact Committee","NA","NA","OM | Impact","NA","Ecosystem | Incubation","NA","NA","Ecosystem | Pre-Hacking Committee","NA","NA","Ecosystem | Hacking Committee","NA","NA","Ecosystem | Acceleration","NA","NA","Ecosystem | Pre-Impact Committee ","NA","NA","Ecosystem | Impact Committee","NA","NA","Ecosystem | Impact","NA","NA"
"508","mobile truc","Développement d'un système d'optimisation de la production basé sur l'IA pour tout les salles de contrôle des installations de production. ","06/07/2024","13/06/2025","002","Ideation","active","Digital","0","SBU Manufacturing Jorf","Soumission","06/07/2024","15/07/2024","Operating Model (situation visant à améliorer, optimiser ou changer des process, pratiques ou organisations de travail)","Categorization","NA","NA","Ideation","15/07/2024","NA","Ideation | Demo Day ","NA","NA","Development","NA","NA","Business | Incubation","NA","NA","Business | Pre-Hacking Committee ","NA","NA","Business | Hacking Committee","NA","NA","Business | Acceleration","NA","NA","Business | Pre-Impact Committee","NA","NA","Business | Impact Committee","NA","NA","Business | Impact","NA","NA","Business | Series B","NA","NA","OM | Incubation","NA","NA","OM | Pre-Hacking Committee","NA","NA","OM | Hacking Committee","NA","NA","OM | Acceleration","NA","NA","OM | Pre-Impact Committee ","NA","NA","OM | Impact Committee","NA","NA","OM | Impact","NA","Ecosystem | Incubation","NA","NA","Ecosystem | Pre-Hacking Committee","NA","NA","Ecosystem | Hacking Committee","NA","NA","Ecosystem | Acceleration","NA","NA","Ecosystem | Pre-Impact Committee ","NA","NA","Ecosystem | Impact Committee","NA","NA","Ecosystem | Impact","NA","NA"
"509","OCP WELLNESS CENTERS","La situation OCP Wellness Centers vise à créer des centres de bien-être intégrés sur chacun des sites OCP, qui offriront une gamme complète de services et d'infrastructures dédiés au bien-être physique, mental et émotionnel des collaborateurs._x000D_
","06/07/2024","13/06/2025","001","Ideation","active","Well-being","0","SBU Mining Gantour","Soumission","06/07/2024","11/07/2024","Operating Model (situation visant à améliorer, optimiser ou changer des process, pratiques ou organisations de travail)","Categorization","NA","NA","Ideation","11/07/2024","NA","Ideation | Demo Day ","NA","NA","Development","NA","NA","Business | Incubation","NA","NA","Business | Pre-Hacking Committee ","NA","NA","Business | Hacking Committee","NA","NA","Business | Acceleration","NA","NA","Business | Pre-Impact Committee","NA","NA","Business | Impact Committee","NA","NA","Business | Impact","NA","NA","Business | Series B","NA","NA","OM | Incubation","NA","NA","OM | Pre-Hacking Committee","NA","NA","OM | Hacking Committee","NA","NA","OM | Acceleration","NA","NA","OM | Pre-Impact Committee ","NA","NA","OM | Impact Committee","NA","NA","OM | Impact","NA","Ecosystem | Incubation","NA","NA","Ecosystem | Pre-Hacking Committee","NA","NA","Ecosystem | Hacking Committee","NA","NA","Ecosystem | Acceleration","NA","NA","Ecosystem | Pre-Impact Committee ","NA","NA","Ecosystem | Impact Committee","NA","NA","Ecosystem | Impact","NA","NA"
"510","SafeManage","Développement d'une application permettant d'améliorer la gestion de la sécurité incendie en adoptant une approche centrée sur la simplicité et l'efficacité. Cette application offre une gamme de fonctionnalités novatrices pour simplifier la gestion intégr","06/07/2024","13/06/2025","001","Ideation","active","Health & Safety","0","SBU Mining Khouribga","Soumission","06/07/2024","11/07/2024","Operating Model (situation visant à améliorer, optimiser ou changer des process, pratiques ou organisations de travail)","Categorization","NA","NA","Ideation","11/07/2024","12/02/2025","Ideation | Demo Day ","NA","NA","Development","NA","NA","Business | Incubation","NA","NA","Business | Pre-Hacking Committee ","NA","NA","Business | Hacking Committee","NA","NA","Business | Acceleration","NA","NA","Business | Pre-Impact Committee","NA","NA","Business | Impact Committee","NA","NA","Business | Impact","NA","NA","Business | Series B","NA","NA","OM | Incubation","NA","NA","OM | Pre-Hacking Committee","NA","NA","OM | Hacking Committee","NA","NA","OM | Acceleration","NA","NA","OM | Pre-Impact Committee ","NA","NA","OM | Impact Committee","NA","NA","OM | Impact","NA","Ecosystem | Incubation","NA","NA","Ecosystem | Pre-Hacking Committee","NA","NA","Ecosystem | Hacking Committee","NA","NA","Ecosystem | Acceleration","NA","NA","Ecosystem | Pre-Impact Committee ","NA","NA","Ecosystem | Impact Committee","NA","NA","Ecosystem | Impact","NA","NA"
"511","Gree operations","Explication du contexte industriel et de l'importance de l'entretien des échangeurs de chaleur pour maximiser leur performance, surtout en milieux corrosifs comme l'eau de mer.","06/07/2024","13/06/2025","001","Ideation","active","Sustainability","0","SBU Manufacturing Jorf","Soumission","06/07/2024","06/08/2024","Operating Model (situation visant à améliorer, optimiser ou changer des process, pratiques ou organisations de travail)","Categorization","NA","NA","Ideation","06/08/2024","NA","Ideation | Demo Day ","16/05/2025","16/05/2025","Development","NA","NA","Business | Incubation","NA","NA","Business | Pre-Hacking Committee ","NA","NA","Business | Hacking Committee","NA","NA","Business | Acceleration","NA","NA","Business | Pre-Impact Committee","NA","NA","Business | Impact Committee","NA","NA","Business | Impact","NA","NA","Business | Series B","NA","NA","OM | Incubation","NA","NA","OM | Pre-Hacking Committee","NA","NA","OM | Hacking Committee","NA","NA","OM | Acceleration","NA","NA","OM | Pre-Impact Committee ","NA","NA","OM | Impact Committee","NA","NA","OM | Impact","NA","Ecosystem | Incubation","NA","NA","Ecosystem | Pre-Hacking Committee","NA","NA","Ecosystem | Hacking Committee","NA","NA","Ecosystem | Acceleration","NA","NA","Ecosystem | Pre-Impact Committee ","NA","NA","Ecosystem | Impact Committee","NA","NA","Ecosystem | Impact","NA","NA"
"512","CoolWater Recovery System","Mettre en place un système innovant de récupération et de réutilisation de l'eau pour refroidir les pompes HRS 601A AP04 et BP04. En installant un réservoir d'eau avec deux ppes et un refroidisseur pour utiliser l'eau récupérée de deux ppes(circuit fermé)","06/07/2024","13/06/2025","002","Ideation","active","Ecosystem","0","SBU Manufacturing Jorf","Soumission","06/07/2024","11/07/2024","Operating Model (situation visant à améliorer, optimiser ou changer des process, pratiques ou organisations de travail)","Categorization","NA","NA","Ideation","11/07/2024","NA","Ideation | Demo Day ","16/05/2025","16/05/2025","Development","NA","NA","Business | Incubation","NA","NA","Business | Pre-Hacking Committee ","NA","NA","Business | Hacking Committee","NA","NA","Business | Acceleration","NA","NA","Business | Pre-Impact Committee","NA","NA","Business | Impact Committee","NA","NA","Business | Impact","NA","NA","Business | Series B","NA","NA","OM | Incubation","NA","NA","OM | Pre-Hacking Committee","NA","NA","OM | Hacking Committee","NA","NA","OM | Acceleration","NA","NA","OM | Pre-Impact Committee ","NA","NA","OM | Impact Committee","NA","NA","OM | Impact","NA","Ecosystem | Incubation","NA","NA","Ecosystem | Pre-Hacking Committee","NA","NA","Ecosystem | Hacking Committee","NA","NA","Ecosystem | Acceleration","NA","NA","Ecosystem | Pre-Impact Committee ","NA","NA","Ecosystem | Impact Committee","NA","NA","Ecosystem | Impact","NA","NA"
"514","CleanTech Solutions","Les cheminées de production émettent un important panache de vapeur saturée, contenant des gaz à effet de serre (GES). L’intégration du biodiesel dans les procédés industriels d'OCP, permet de réduire efficacement ces émissions de GES.","06/07/2024","21/06/2025","002","Ideation","active","Sustainability","0","SBU Manufacturing","Soumission","06/07/2024","15/07/2024","Business (situation visant à générer des revenus)","Categorization","NA","NA","Ideation","15/07/2024","12/06/2025","Ideation | Demo Day ","20/07/2024","20/07/2024","Development","NA","NA","Business | Incubation","NA","NA","Business | Pre-Hacking Committee ","NA","NA","Business | Hacking Committee","NA","NA","Business | Acceleration","NA","NA","Business | Pre-Impact Committee","NA","NA","Business | Impact Committee","NA","NA","Business | Impact","NA","NA","Business | Series B","NA","NA","OM | Incubation","NA","NA","OM | Pre-Hacking Committee","NA","NA","OM | Hacking Committee","NA","NA","OM | Acceleration","NA","NA","OM | Pre-Impact Committee ","NA","NA","OM | Impact Committee","NA","NA","OM | Impact","NA","Ecosystem | Incubation","NA","NA","Ecosystem | Pre-Hacking Committee","NA","NA","Ecosystem | Hacking Committee","NA","NA","Ecosystem | Acceleration","NA","NA","Ecosystem | Pre-Impact Committee ","NA","NA","Ecosystem | Impact Committee","NA","NA","Ecosystem | Impact","NA","NA"
"515","Algues","Le projet d'enrobage à base de polysaccharides d'algues, achevé en 2022, vise à ériger une unité pilote de valorisation 2500 tonnes d'algues pour produire 160 tonnes de bioenrobant, prolongeant la libération lente des engrais dans le sol.","06/07/2024","25/06/2025","002","Development","active","Sustainability","0","SBU Manufacturing","Soumission","06/07/2024","16/07/2024","Business (situation visant à générer des revenus)","Categorization","NA","NA","Ideation","16/07/2024","NA","Ideation | Demo Day ","16/05/2025","16/05/2025","Development","26/05/2025","NA","Business | Incubation","NA","NA","Business | Pre-Hacking Committee ","NA","NA","Business | Hacking Committee","NA","NA","Business | Acceleration","NA","NA","Business | Pre-Impact Committee","NA","NA","Business | Impact Committee","NA","NA","Business | Impact","NA","NA","Business | Series B","NA","NA","OM | Incubation","NA","NA","OM | Pre-Hacking Committee","NA","NA","OM | Hacking Committee","NA","NA","OM | Acceleration","NA","NA","OM | Pre-Impact Committee ","NA","NA","OM | Impact Committee","NA","NA","OM | Impact","NA","Ecosystem | Incubation","NA","NA","Ecosystem | Pre-Hacking Committee","NA","NA","Ecosystem | Hacking Committee","NA","NA","Ecosystem | Acceleration","NA","NA","Ecosystem | Pre-Impact Committee ","NA","NA","Ecosystem | Impact Committee","NA","NA","Ecosystem | Impact","NA","NA"
"517","CleanMobile Initiative","Lavage Villageois : Initiative Mobile de Blanchisserie pour les Communes Rurales","06/07/2024","13/06/2025","001","Ideation","active","Ecosystem","0","SBU Mining Khouribga","Soumission","06/07/2024","11/07/2024","Ecosystème (situation visant à créer de la valeur avec l’écosystème du groupe)","Categorization","NA","NA","Ideation","11/07/2024","NA","Ideation | Demo Day ","NA","NA","Development","NA","NA","Business | Incubation","NA","NA","Business | Pre-Hacking Committee ","NA","NA","Business | Hacking Committee","NA","NA","Business | Acceleration","NA","NA","Business | Pre-Impact Committee","NA","NA","Business | Impact Committee","NA","NA","Business | Impact","NA","NA","Business | Series B","NA","NA","OM | Incubation","NA","NA","OM | Pre-Hacking Committee","NA","NA","OM | Hacking Committee","NA","NA","OM | Acceleration","NA","NA","OM | Pre-Impact Committee ","NA","NA","OM | Impact Committee","NA","NA","OM | Impact","NA","Ecosystem | Incubation","NA","NA","Ecosystem | Pre-Hacking Committee","NA","NA","Ecosystem | Hacking Committee","NA","NA","Ecosystem | Acceleration","NA","NA","Ecosystem | Pre-Impact Committee ","NA","NA","Ecosystem | Impact Committee","NA","NA","Ecosystem | Impact","NA","NA"
"518","3D Learning Plateform ( 3DLP )","Mise en place d'une plateforme de formation 3D capable de donner aux apprenants une expérience très proche du réel surtout pour les spécialités qui nécessitent une expérimentation du savoir acquis, tout en donnant aux apprenants le droit de commettre des ","06/07/2024","13/06/2025","001","Ideation","active","Digital","0","SBU Manufacturing","Soumission","06/07/2024","07/08/2024","Business (situation visant à générer des revenus)","Categorization","NA","NA","Ideation","07/08/2024","NA","Ideation | Demo Day ","NA","NA","Development","NA","NA","Business | Incubation","NA","NA","Business | Pre-Hacking Committee ","NA","NA","Business | Hacking Committee","NA","NA","Business | Acceleration","NA","NA","Business | Pre-Impact Committee","NA","NA","Business | Impact Committee","NA","NA","Business | Impact","NA","NA","Business | Series B","NA","NA","OM | Incubation","NA","NA","OM | Pre-Hacking Committee","NA","NA","OM | Hacking Committee","NA","NA","OM | Acceleration","NA","NA","OM | Pre-Impact Committee ","NA","NA","OM | Impact Committee","NA","NA","OM | Impact","NA","Ecosystem | Incubation","NA","NA","Ecosystem | Pre-Hacking Committee","NA","NA","Ecosystem | Hacking Committee","NA","NA","Ecosystem | Acceleration","NA","NA","Ecosystem | Pre-Impact Committee ","NA","NA","Ecosystem | Impact Committee","NA","NA","Ecosystem | Impact","NA","NA"
"520","OCP Recycle","Les déchets de OCP (déchets ménagers, déchets industriels)  ne sont pas considérés comme des ordures , mais comme des déchets d'activité économique et ne sont pas toujours collectés et  recyclés et valorisés, cette situation consiste à : - lancer une vagu","06/07/2024","13/06/2025","002","*Soumission*","active","Recycling & Waste Management","0","SBU Manufacturing Jorf","Soumission","06/07/2024","NA","Business (situation visant à générer des revenus)","Categorization","NA","NA","Ideation","NA","NA","Ideation | Demo Day ","NA","NA","Development","NA","NA","Business | Incubation","NA","NA","Business | Pre-Hacking Committee ","NA","NA","Business | Hacking Committee","NA","NA","Business | Acceleration","NA","NA","Business | Pre-Impact Committee","NA","NA","Business | Impact Committee","NA","NA","Business | Impact","NA","NA","Business | Series B","NA","NA","OM | Incubation","NA","NA","OM | Pre-Hacking Committee","NA","NA","OM | Hacking Committee","NA","NA","OM | Acceleration","NA","NA","OM | Pre-Impact Committee ","NA","NA","OM | Impact Committee","NA","NA","OM | Impact","NA","Ecosystem | Incubation","NA","NA","Ecosystem | Pre-Hacking Committee","NA","NA","Ecosystem | Hacking Committee","NA","NA","Ecosystem | Acceleration","NA","NA","Ecosystem | Pre-Impact Committee ","NA","NA","Ecosystem | Impact Committee","NA","NA","Ecosystem | Impact","NA","NA"
"521","SMART-Safety","Le projet consiste à mettre en place un système SMART pour l'évaluation des risques professionnels et industriels en intégrant une solution qui utilise des instruments intelligents et exploite les capacités de l'intelligence artificielle, pour analyser le","06/07/2024","21/06/2025","002","Ideation","active","Health & Safety","0","SBU Manufacturig Safi","Soumission","06/07/2024","NA","Operating Model (situation visant à améliorer, optimiser ou changer des process, pratiques ou organisations de travail)","Categorization","NA","NA","Ideation","30/05/2025","NA","Ideation | Demo Day ","NA","NA","Development","NA","NA","Business | Incubation","NA","NA","Business | Pre-Hacking Committee ","NA","NA","Business | Hacking Committee","NA","NA","Business | Acceleration","NA","NA","Business | Pre-Impact Committee","NA","NA","Business | Impact Committee","NA","NA","Business | Impact","NA","NA","Business | Series B","NA","NA","OM | Incubation","NA","NA","OM | Pre-Hacking Committee","NA","NA","OM | Hacking Committee","NA","NA","OM | Acceleration","NA","NA","OM | Pre-Impact Committee ","NA","NA","OM | Impact Committee","NA","NA","OM | Impact","NA","Ecosystem | Incubation","NA","NA","Ecosystem | Pre-Hacking Committee","NA","NA","Ecosystem | Hacking Committee","NA","NA","Ecosystem | Acceleration","NA","NA","Ecosystem | Pre-Impact Committee ","NA","NA","Ecosystem | Impact Committee","NA","NA","Ecosystem | Impact","NA","NA"
"522","Climate Drive","Climate Drive, an innovative force dedicated to shape sustainable strategies in Morocco and Africa; we aspire to become a leading provider of comprehensive solutions across ESG landscape throughout the African Continent. ","06/07/2024","13/06/2025","001","Ideation","active","Sustainability","0","SBU Manufacturing ","Soumission","06/07/2024","17/09/2024","Business (situation visant à générer des revenus)","Categorization","NA","NA","Ideation","16/12/2024","NA","Ideation | Demo Day ","NA","NA","Development","NA","NA","Business | Incubation","NA","NA","Business | Pre-Hacking Committee ","NA","NA","Business | Hacking Committee","NA","NA","Business | Acceleration","NA","NA","Business | Pre-Impact Committee","NA","NA","Business | Impact Committee","NA","NA","Business | Impact","NA","NA","Business | Series B","NA","NA","OM | Incubation","NA","NA","OM | Pre-Hacking Committee","NA","NA","OM | Hacking Committee","NA","NA","OM | Acceleration","NA","NA","OM | Pre-Impact Committee ","NA","NA","OM | Impact Committee","NA","NA","OM | Impact","NA","Ecosystem | Incubation","NA","NA","Ecosystem | Pre-Hacking Committee","NA","NA","Ecosystem | Hacking Committee","NA","NA","Ecosystem | Acceleration","NA","NA","Ecosystem | Pre-Impact Committee ","NA","NA","Ecosystem | Impact Committee","NA","NA","Ecosystem | Impact","NA","NA"
"523","Production de l'hydrogène vert","Proposition de production de l'hydrogène vert à partir d’énergies renouvelables telles que l’énergie solaire, l’énergie éolienne existe dans la région sud. L'objectif de cette situation est de présenter le H2 vert  comme une alternative aux hydrocarbures ","06/07/2024","21/06/2025","001","Ideation","active","Energy Solutions","0","SBU Mining Phosboucraa","Soumission","06/07/2024","NA","Business (situation visant à générer des revenus)","Categorization","NA","NA","Ideation","30/05/2025","NA","Ideation | Demo Day ","NA","NA","Development","NA","NA","Business | Incubation","NA","NA","Business | Pre-Hacking Committee ","NA","NA","Business | Hacking Committee","NA","NA","Business | Acceleration","NA","NA","Business | Pre-Impact Committee","NA","NA","Business | Impact Committee","NA","NA","Business | Impact","NA","NA","Business | Series B","NA","NA","OM | Incubation","NA","NA","OM | Pre-Hacking Committee","NA","NA","OM | Hacking Committee","NA","NA","OM | Acceleration","NA","NA","OM | Pre-Impact Committee ","NA","NA","OM | Impact Committee","NA","NA","OM | Impact","NA","Ecosystem | Incubation","NA","NA","Ecosystem | Pre-Hacking Committee","NA","NA","Ecosystem | Hacking Committee","NA","NA","Ecosystem | Acceleration","NA","NA","Ecosystem | Pre-Impact Committee ","NA","NA","Ecosystem | Impact Committee","NA","NA","Ecosystem | Impact","NA","NA"
"524","MYEPI","MYEPI est une situation dédiée à la création d'une interface digitale innovante pour la gestion des Équipements de Protection Individuelle (EPI). Notre solution comprendra une plateforme accessible via smartphone et/ou PC, offrant des fonctionnalités tell","06/07/2024","21/06/2025","001","Ideation","active","Health & Safety","0","SBU Mining Khouribga","Soumission","06/07/2024","NA","Business (situation visant à générer des revenus)","Categorization","NA","NA","Ideation","30/05/2025","NA","Ideation | Demo Day ","NA","NA","Development","NA","NA","Business | Incubation","NA","NA","Business | Pre-Hacking Committee ","NA","NA","Business | Hacking Committee","NA","NA","Business | Acceleration","NA","NA","Business | Pre-Impact Committee","NA","NA","Business | Impact Committee","NA","NA","Business | Impact","NA","NA","Business | Series B","NA","NA","OM | Incubation","NA","NA","OM | Pre-Hacking Committee","NA","NA","OM | Hacking Committee","NA","NA","OM | Acceleration","NA","NA","OM | Pre-Impact Committee ","NA","NA","OM | Impact Committee","NA","NA","OM | Impact","NA","Ecosystem | Incubation","NA","NA","Ecosystem | Pre-Hacking Committee","NA","NA","Ecosystem | Hacking Committee","NA","NA","Ecosystem | Acceleration","NA","NA","Ecosystem | Pre-Impact Committee ","NA","NA","Ecosystem | Impact Committee","NA","NA","Ecosystem | Impact","NA","NA"
"526","Biomasse energie (ECOPELLET)","fabrication des pellets et bûches  par le recyclage des déchets de bois de palmier dattier de la taille de fermiers d'oliviers, et arbres de réhabilitation des mines pour le séchages des Engrais phosphate et chauffage des maisons et foyers zone montagneux","11/07/2024","21/06/2025","002","Ideation","active","Energy Solutions","0","SBU Manufacturing Jorf","Soumission","11/07/2024","11/07/2024","Operating Model (situation visant à améliorer, optimiser ou changer des process, pratiques ou organisations de travail)","Categorization","NA","NA","Ideation","11/07/2024","21/06/2025","Ideation | Demo Day ","NA","NA","Development","NA","NA","Business | Incubation","NA","NA","Business | Pre-Hacking Committee ","NA","NA","Business | Hacking Committee","NA","NA","Business | Acceleration","NA","NA","Business | Pre-Impact Committee","NA","NA","Business | Impact Committee","NA","NA","Business | Impact","NA","NA","Business | Series B","NA","NA","OM | Incubation","NA","NA","OM | Pre-Hacking Committee","NA","NA","OM | Hacking Committee","NA","NA","OM | Acceleration","NA","NA","OM | Pre-Impact Committee ","NA","NA","OM | Impact Committee","NA","NA","OM | Impact","NA","Ecosystem | Incubation","NA","NA","Ecosystem | Pre-Hacking Committee","NA","NA","Ecosystem | Hacking Committee","NA","NA","Ecosystem | Acceleration","NA","NA","Ecosystem | Pre-Impact Committee ","NA","NA","Ecosystem | Impact Committee","NA","NA","Ecosystem | Impact","NA","NA"
"528","Couverture par Toile en PVC","Fabrication des toiles en PVC d’une matière résistante et de qualité pour changer le bardage des halls et caches convoyeurs qui ce dégradent rapidement et couverture des zone de stockage du produit de recyclage par toile en pvc _x000D_
Problème de contamination ","11/07/2024","13/06/2025","002","Ideation","active","Cost leadership","0","SBU Manufacturing Jorf","Soumission","11/07/2024","11/07/2024","Operating Model (situation visant à améliorer, optimiser ou changer des process, pratiques ou organisations de travail)","Categorization","NA","NA","Ideation","11/07/2024","09/02/2025","Ideation | Demo Day ","NA","NA","Development","NA","NA","Business | Incubation","NA","NA","Business | Pre-Hacking Committee ","NA","NA","Business | Hacking Committee","NA","NA","Business | Acceleration","NA","NA","Business | Pre-Impact Committee","NA","NA","Business | Impact Committee","NA","NA","Business | Impact","NA","NA","Business | Series B","NA","NA","OM | Incubation","NA","NA","OM | Pre-Hacking Committee","NA","NA","OM | Hacking Committee","NA","NA","OM | Acceleration","NA","NA","OM | Pre-Impact Committee ","NA","NA","OM | Impact Committee","NA","NA","OM | Impact","NA","Ecosystem | Incubation","NA","NA","Ecosystem | Pre-Hacking Committee","NA","NA","Ecosystem | Hacking Committee","NA","NA","Ecosystem | Acceleration","NA","NA","Ecosystem | Pre-Impact Committee ","NA","NA","Ecosystem | Impact Committee","NA","NA","Ecosystem | Impact","NA","NA"
"531","Green Park","la situation a pour vocation de proposer des solutions de réhabilitation minière afin de restaurer les terrains exploités, favorisant la biodiversité et la reconstitution des écosystèmes ainsi de fournir une infrastructure pour des futures  investisseurs ","13/07/2024","13/06/2025","002","Ideation","active","Mining Solutions","0","SBU Mining","Soumission","13/07/2024","27/07/2024","Ecosystème (situation visant à créer de la valeur avec l’écosystème du groupe)","Categorization","NA","NA","Ideation","27/07/2024","NA","Ideation | Demo Day ","NA","NA","Development","NA","NA","Business | Incubation","NA","NA","Business | Pre-Hacking Committee ","NA","NA","Business | Hacking Committee","NA","NA","Business | Acceleration","NA","NA","Business | Pre-Impact Committee","NA","NA","Business | Impact Committee","NA","NA","Business | Impact","NA","NA","Business | Series B","NA","NA","OM | Incubation","NA","NA","OM | Pre-Hacking Committee","NA","NA","OM | Hacking Committee","NA","NA","OM | Acceleration","NA","NA","OM | Pre-Impact Committee ","NA","NA","OM | Impact Committee","NA","NA","OM | Impact","NA","Ecosystem | Incubation","NA","NA","Ecosystem | Pre-Hacking Committee","NA","NA","Ecosystem | Hacking Committee","NA","NA","Ecosystem | Acceleration","NA","NA","Ecosystem | Pre-Impact Committee ","NA","NA","Ecosystem | Impact Committee","NA","NA","Ecosystem | Impact","NA","NA"
"536","MatFlow solution","MatFlow, une startup spécialisée dans les solutions de contrôle des matériaux englobant les offres SaaS, la géolocalisation, la numérisation des processus et la génération automatisée de rapports, s'inscrit parfaitement dans l'orientation stratégique du M","16/07/2024","13/06/2025","009","Ideation","active","Digital","0","SBU Manufacturing Jorf","Soumission","16/07/2024","16/07/2024","Operating Model (situation visant à améliorer, optimiser ou changer des process, pratiques ou organisations de travail)","Categorization","NA","NA","Ideation","16/07/2024","15/01/2025","Ideation | Demo Day ","NA","NA","Development","NA","NA","Business | Incubation","NA","NA","Business | Pre-Hacking Committee ","NA","NA","Business | Hacking Committee","NA","NA","Business | Acceleration","NA","NA","Business | Pre-Impact Committee","NA","NA","Business | Impact Committee","NA","NA","Business | Impact","NA","NA","Business | Series B","NA","NA","OM | Incubation","NA","NA","OM | Pre-Hacking Committee","NA","NA","OM | Hacking Committee","NA","NA","OM | Acceleration","NA","NA","OM | Pre-Impact Committee ","NA","NA","OM | Impact Committee","NA","NA","OM | Impact","NA","Ecosystem | Incubation","NA","NA","Ecosystem | Pre-Hacking Committee","NA","NA","Ecosystem | Hacking Committee","NA","NA","Ecosystem | Acceleration","NA","NA","Ecosystem | Pre-Impact Committee ","NA","NA","Ecosystem | Impact Committee","NA","NA","Ecosystem | Impact","NA","NA"
"540","Color control","Detection et analyse du coleur du produit fini engrais par caméra et afficher instantanément la conformité des Engrais à la salle de contrôle_x000D_
 les opérateurs puissent réagir rapidement et élimination réclamations de non conformités_x000D_
Reduction d'enrobage ","16/07/2024","13/06/2025","001","Ideation","active","Digital","0","SBU Manufacturing Jorf","Soumission","16/07/2024","16/07/2024","Operating Model (situation visant à améliorer, optimiser ou changer des process, pratiques ou organisations de travail)","Categorization","NA","NA","Ideation","16/07/2024","NA","Ideation | Demo Day ","NA","NA","Development","NA","NA","Business | Incubation","NA","NA","Business | Pre-Hacking Committee ","NA","NA","Business | Hacking Committee","NA","NA","Business | Acceleration","NA","NA","Business | Pre-Impact Committee","NA","NA","Business | Impact Committee","NA","NA","Business | Impact","NA","NA","Business | Series B","NA","NA","OM | Incubation","NA","NA","OM | Pre-Hacking Committee","NA","NA","OM | Hacking Committee","NA","NA","OM | Acceleration","NA","NA","OM | Pre-Impact Committee ","NA","NA","OM | Impact Committee","NA","NA","OM | Impact","NA","Ecosystem | Incubation","NA","NA","Ecosystem | Pre-Hacking Committee","NA","NA","Ecosystem | Hacking Committee","NA","NA","Ecosystem | Acceleration","NA","NA","Ecosystem | Pre-Impact Committee ","NA","NA","Ecosystem | Impact Committee","NA","NA","Ecosystem | Impact","NA","NA"
"542","MATJARI","Distribution de proximité (produits alimentaires et autres...) + coffee shop.","17/07/2024","13/06/2025","001","Ideation","active","Finance","0","SBU Manufacturing Jorf","Soumission","17/07/2024","17/10/2024","Business (situation visant à générer des revenus)","Categorization","NA","NA","Ideation","17/12/2024","NA","Ideation | Demo Day ","NA","NA","Development","NA","NA","Business | Incubation","NA","NA","Business | Pre-Hacking Committee ","NA","NA","Business | Hacking Committee","NA","NA","Business | Acceleration","NA","NA","Business | Pre-Impact Committee","NA","NA","Business | Impact Committee","NA","NA","Business | Impact","NA","NA","Business | Series B","NA","NA","OM | Incubation","NA","NA","OM | Pre-Hacking Committee","NA","NA","OM | Hacking Committee","NA","NA","OM | Acceleration","NA","NA","OM | Pre-Impact Committee ","NA","NA","OM | Impact Committee","NA","NA","OM | Impact","NA","Ecosystem | Incubation","NA","NA","Ecosystem | Pre-Hacking Committee","NA","NA","Ecosystem | Hacking Committee","NA","NA","Ecosystem | Acceleration","NA","NA","Ecosystem | Pre-Impact Committee ","NA","NA","Ecosystem | Impact Committee","NA","NA","Ecosystem | Impact","NA","NA"
"546","Situation test 1","C'est une Situation démo pour vous aider à comprendre et tester l'approche de vote participatif","18/07/2024","16/05/2025","001","Ideation","active","NA","0","NA","Soumission","18/07/2024","21/07/2024","Operating Model (situation visant à améliorer, optimiser ou changer des process, pratiques ou organisations de travail)","Categorization","NA","NA","Ideation","18/07/2024","21/07/2024","Ideation | Demo Day ","19/07/2024","19/07/2024","Development","03/12/2024","NA","Business | Incubation","NA","NA","Business | Pre-Hacking Committee ","NA","NA","Business | Hacking Committee","NA","NA","Business | Acceleration","NA","NA","Business | Pre-Impact Committee","NA","NA","Business | Impact Committee","NA","NA","Business | Impact","NA","NA","Business | Series B","NA","NA","OM | Incubation","NA","NA","OM | Pre-Hacking Committee","NA","NA","OM | Hacking Committee","NA","NA","OM | Acceleration","NA","NA","OM | Pre-Impact Committee ","NA","NA","OM | Impact Committee","NA","NA","OM | Impact","NA","Ecosystem | Incubation","NA","NA","Ecosystem | Pre-Hacking Committee","NA","NA","Ecosystem | Hacking Committee","NA","NA","Ecosystem | Acceleration","NA","NA","Ecosystem | Pre-Impact Committee ","NA","NA","Ecosystem | Impact Committee","NA","NA","Ecosystem | Impact","NA","NA"
"547","Phosphogypsum","Le recyclage des déchets phosphatiers à travers la production de ciment, et dans les techniques routières peuvent être des alternative efficaces à la croissance continue et de mettre un terme à la consommation des matières premières naturelles","18/07/2024","13/06/2025","001","Ideation","active","Ecosystem","0","SBU Mining Khouribga","Soumission","18/07/2024","18/07/2024","Business (situation visant à générer des revenus)","Categorization","NA","NA","Ideation","18/07/2024","NA","Ideation | Demo Day ","NA","NA","Development","NA","NA","Business | Incubation","NA","NA","Business | Pre-Hacking Committee ","NA","NA","Business | Hacking Committee","NA","NA","Business | Acceleration","NA","NA","Business | Pre-Impact Committee","NA","NA","Business | Impact Committee","NA","NA","Business | Impact","NA","NA","Business | Series B","NA","NA","OM | Incubation","NA","NA","OM | Pre-Hacking Committee","NA","NA","OM | Hacking Committee","NA","NA","OM | Acceleration","NA","NA","OM | Pre-Impact Committee ","NA","NA","OM | Impact Committee","NA","NA","OM | Impact","NA","Ecosystem | Incubation","NA","NA","Ecosystem | Pre-Hacking Committee","NA","NA","Ecosystem | Hacking Committee","NA","NA","Ecosystem | Acceleration","NA","NA","Ecosystem | Pre-Impact Committee ","NA","NA","Ecosystem | Impact Committee","NA","NA","Ecosystem | Impact","NA","NA"
"548","Safetybus-- formation HSE","Safetybus .Unité Mobile de Formation en sécurité incendie. Ce camion regroupe une salle de formation avec grand écran et une salle de travaux pratiques dans un véhicule qui sait se faire tout petit une fois installé chez le client.","18/07/2024","13/06/2025","001","Ideation","active","Energy Solutions","0","SBU Mining Khouribga","Soumission","18/07/2024","18/07/2024","Business (situation visant à générer des revenus)","Categorization","NA","NA","Ideation","18/07/2024","NA","Ideation | Demo Day ","NA","NA","Development","NA","NA","Business | Incubation","NA","NA","Business | Pre-Hacking Committee ","NA","NA","Business | Hacking Committee","NA","NA","Business | Acceleration","NA","NA","Business | Pre-Impact Committee","NA","NA","Business | Impact Committee","NA","NA","Business | Impact","NA","NA","Business | Series B","NA","NA","OM | Incubation","NA","NA","OM | Pre-Hacking Committee","NA","NA","OM | Hacking Committee","NA","NA","OM | Acceleration","NA","NA","OM | Pre-Impact Committee ","NA","NA","OM | Impact Committee","NA","NA","OM | Impact","NA","Ecosystem | Incubation","NA","NA","Ecosystem | Pre-Hacking Committee","NA","NA","Ecosystem | Hacking Committee","NA","NA","Ecosystem | Acceleration","NA","NA","Ecosystem | Pre-Impact Committee ","NA","NA","Ecosystem | Impact Committee","NA","NA","Ecosystem | Impact","NA","NA"
"549","Digital Révolution Team","","19/07/2024","21/06/2025","001","Ideation","active","Digital","0","SBU Mining Khouribga","Soumission","19/07/2024","NA","Operating Model (situation visant à améliorer, optimiser ou changer des process, pratiques ou organisations de travail)","Categorization","NA","NA","Ideation","30/05/2025","NA","Ideation | Demo Day ","NA","NA","Development","NA","NA","Business | Incubation","NA","NA","Business | Pre-Hacking Committee ","NA","NA","Business | Hacking Committee","NA","NA","Business | Acceleration","NA","NA","Business | Pre-Impact Committee","NA","NA","Business | Impact Committee","NA","NA","Business | Impact","NA","NA","Business | Series B","NA","NA","OM | Incubation","NA","NA","OM | Pre-Hacking Committee","NA","NA","OM | Hacking Committee","NA","NA","OM | Acceleration","NA","NA","OM | Pre-Impact Committee ","NA","NA","OM | Impact Committee","NA","NA","OM | Impact","NA","Ecosystem | Incubation","NA","NA","Ecosystem | Pre-Hacking Committee","NA","NA","Ecosystem | Hacking Committee","NA","NA","Ecosystem | Acceleration","NA","NA","Ecosystem | Pre-Impact Committee ","NA","NA","Ecosystem | Impact Committee","NA","NA","Ecosystem | Impact","NA","NA"
"550","Situation test 2","C'est une Situation démo pour vous aider à comprendre et tester l'approche de vote participatif","19/07/2024","16/05/2025","001","Ideation","active","NA","0","NA","Soumission","19/07/2024","21/07/2024","Operating Model (situation visant à améliorer, optimiser ou changer des process, pratiques ou organisations de travail)","Categorization","NA","NA","Ideation","19/07/2024","21/07/2024","Ideation | Demo Day ","19/07/2024","19/07/2024","Development","NA","NA","Business | Incubation","NA","NA","Business | Pre-Hacking Committee ","NA","NA","Business | Hacking Committee","NA","NA","Business | Acceleration","NA","NA","Business | Pre-Impact Committee","NA","NA","Business | Impact Committee","NA","NA","Business | Impact","NA","NA","Business | Series B","NA","NA","OM | Incubation","NA","NA","OM | Pre-Hacking Committee","NA","NA","OM | Hacking Committee","NA","NA","OM | Acceleration","NA","NA","OM | Pre-Impact Committee ","NA","NA","OM | Impact Committee","NA","NA","OM | Impact","NA","Ecosystem | Incubation","NA","NA","Ecosystem | Pre-Hacking Committee","NA","NA","Ecosystem | Hacking Committee","NA","NA","Ecosystem | Acceleration","NA","NA","Ecosystem | Pre-Impact Committee ","NA","NA","Ecosystem | Impact Committee","NA","NA","Ecosystem | Impact","NA","NA"
"552","SOS OCP","Notre société pourrait perdre le contrôle sr la qualité et processus si elle ne supervise pas correctement les activités de ses sous-traitants, ce qui pourrait affecter négativement sur notre chaine logistique globale SOS OCP c'est la solution digitale ","20/07/2024","13/06/2025","001","Ideation","active","Digital","0","SBU Manufacturig Safi","Soumission","20/07/2024","23/07/2024","Ecosystème (situation visant à créer de la valeur avec l’écosystème du groupe)","Categorization","NA","NA","Ideation","23/07/2024","NA","Ideation | Demo Day ","NA","NA","Development","NA","NA","Business | Incubation","NA","NA","Business | Pre-Hacking Committee ","NA","NA","Business | Hacking Committee","NA","NA","Business | Acceleration","NA","NA","Business | Pre-Impact Committee","NA","NA","Business | Impact Committee","NA","NA","Business | Impact","NA","NA","Business | Series B","NA","NA","OM | Incubation","NA","NA","OM | Pre-Hacking Committee","NA","NA","OM | Hacking Committee","NA","NA","OM | Acceleration","NA","NA","OM | Pre-Impact Committee ","NA","NA","OM | Impact Committee","NA","NA","OM | Impact","NA","Ecosystem | Incubation","NA","NA","Ecosystem | Pre-Hacking Committee","NA","NA","Ecosystem | Hacking Committee","NA","NA","Ecosystem | Acceleration","NA","NA","Ecosystem | Pre-Impact Committee ","NA","NA","Ecosystem | Impact Committee","NA","NA","Ecosystem | Impact","NA","NA"
"560","Géolocalisation GEOTRACKER"," Chaque équipement doit avoir un code unique pour l’identification L’étiquetage facilite le suivi des outils collectifs  en secannant les codes barres_x000D_
Utilisez des technologies : GPS ou les balise Cela permet d’optimiser l'inventaire et les achats inutile","25/07/2024","13/06/2025","006","Ideation","active","Facility Management","0","SBU Mining Phosboucraa","Soumission","25/07/2024","02/08/2024","Operating Model (situation visant à améliorer, optimiser ou changer des process, pratiques ou organisations de travail)","Categorization","NA","NA","Ideation","02/08/2024","27/11/2024","Ideation | Demo Day ","NA","NA","Development","NA","NA","Business | Incubation","NA","NA","Business | Pre-Hacking Committee ","NA","NA","Business | Hacking Committee","NA","NA","Business | Acceleration","NA","NA","Business | Pre-Impact Committee","NA","NA","Business | Impact Committee","NA","NA","Business | Impact","NA","NA","Business | Series B","NA","NA","OM | Incubation","NA","NA","OM | Pre-Hacking Committee","NA","NA","OM | Hacking Committee","NA","NA","OM | Acceleration","NA","NA","OM | Pre-Impact Committee ","NA","NA","OM | Impact Committee","NA","NA","OM | Impact","NA","Ecosystem | Incubation","NA","NA","Ecosystem | Pre-Hacking Committee","NA","NA","Ecosystem | Hacking Committee","NA","NA","Ecosystem | Acceleration","NA","NA","Ecosystem | Pre-Impact Committee ","NA","NA","Ecosystem | Impact Committee","NA","NA","Ecosystem | Impact","NA","NA"
"563","Source & Procure","Cette situation analyse notre procédure des achats de PDR/concommables/Interchangeables et propose de solutions intelligentes de platformisation basées sur l'évolution qu'a connu le domaine du supplyChain et approvisionnement ","30/07/2024","13/06/2025","003","Development","active","Procurement","0","SBU Mining  ","Soumission","30/07/2024","30/07/2024","Business (situation visant à générer des revenus)","Categorization","NA","NA","Ideation","30/07/2024","18/09/2024","Ideation | Demo Day ","24/09/2024","24/09/2024","Development","25/09/2024","NA","Business | Incubation","NA","NA","Business | Pre-Hacking Committee ","NA","NA","Business | Hacking Committee","NA","NA","Business | Acceleration","NA","NA","Business | Pre-Impact Committee","NA","NA","Business | Impact Committee","NA","NA","Business | Impact","NA","NA","Business | Series B","NA","NA","OM | Incubation","NA","NA","OM | Pre-Hacking Committee","NA","NA","OM | Hacking Committee","NA","NA","OM | Acceleration","NA","NA","OM | Pre-Impact Committee ","NA","NA","OM | Impact Committee","NA","NA","OM | Impact","NA","Ecosystem | Incubation","NA","NA","Ecosystem | Pre-Hacking Committee","NA","NA","Ecosystem | Hacking Committee","NA","NA","Ecosystem | Acceleration","NA","NA","Ecosystem | Pre-Impact Committee ","NA","NA","Ecosystem | Impact Committee","NA","NA","Ecosystem | Impact","NA","NA"
"564","Jorf Spaces Company","Entreprise de recyclage des vannes, Accouplements et Paliers de roulements ","31/07/2024","13/06/2025","001","Ideation","active","New Ways of working","0","SBU Manufacturing Jorf","Soumission","31/07/2024","31/07/2024","Business (situation visant à générer des revenus)","Categorization","NA","NA","Ideation","31/07/2024","31/07/2024","Ideation | Demo Day ","NA","NA","Development","NA","NA","Business | Incubation","NA","NA","Business | Pre-Hacking Committee ","NA","NA","Business | Hacking Committee","NA","NA","Business | Acceleration","NA","NA","Business | Pre-Impact Committee","NA","NA","Business | Impact Committee","NA","NA","Business | Impact","NA","NA","Business | Series B","NA","NA","OM | Incubation","NA","NA","OM | Pre-Hacking Committee","NA","NA","OM | Hacking Committee","NA","NA","OM | Acceleration","NA","NA","OM | Pre-Impact Committee ","NA","NA","OM | Impact Committee","NA","NA","OM | Impact","NA","Ecosystem | Incubation","NA","NA","Ecosystem | Pre-Hacking Committee","NA","NA","Ecosystem | Hacking Committee","NA","NA","Ecosystem | Acceleration","NA","NA","Ecosystem | Pre-Impact Committee ","NA","NA","Ecosystem | Impact Committee","NA","NA","Ecosystem | Impact","NA","NA"
"566","Valorisation de Phosphogypse","Le phosphogypse, sous-produit de la production d'ACP considéré comme un déchet industriel. Cependant, il offre un potentiel de valorisation significatif, notamment transforme le phosphogypse en un matériau utilisable pour la production de plâtre.","07/08/2024","13/06/2025","001","Ideation","active","Sustainability","0","SBU Manufacturig Safi","Soumission","07/08/2024","07/08/2024","Business (situation visant à générer des revenus)","Categorization","NA","NA","Ideation","07/08/2024","NA","Ideation | Demo Day ","NA","NA","Development","NA","NA","Business | Incubation","NA","NA","Business | Pre-Hacking Committee ","NA","NA","Business | Hacking Committee","NA","NA","Business | Acceleration","NA","NA","Business | Pre-Impact Committee","NA","NA","Business | Impact Committee","NA","NA","Business | Impact","NA","NA","Business | Series B","NA","NA","OM | Incubation","NA","NA","OM | Pre-Hacking Committee","NA","NA","OM | Hacking Committee","NA","NA","OM | Acceleration","NA","NA","OM | Pre-Impact Committee ","NA","NA","OM | Impact Committee","NA","NA","OM | Impact","NA","Ecosystem | Incubation","NA","NA","Ecosystem | Pre-Hacking Committee","NA","NA","Ecosystem | Hacking Committee","NA","NA","Ecosystem | Acceleration","NA","NA","Ecosystem | Pre-Impact Committee ","NA","NA","Ecosystem | Impact Committee","NA","NA","Ecosystem | Impact","NA","NA"
"568","TechHelp","« TechHelp » est une application qui fournit une assistance technique en combinant expertise humaine et intelligence artificielle.","09/08/2024","13/06/2025","008","Ideation","active","Digital","0","SBU Mining Phosboucraa","Soumission","09/08/2024","09/08/2024","Operating Model (situation visant à améliorer, optimiser ou changer des process, pratiques ou organisations de travail)","Categorization","NA","NA","Ideation","09/08/2024","23/06/2025","Ideation | Demo Day ","NA","NA","Development","NA","NA","Business | Incubation","NA","NA","Business | Pre-Hacking Committee ","NA","NA","Business | Hacking Committee","NA","NA","Business | Acceleration","NA","NA","Business | Pre-Impact Committee","NA","NA","Business | Impact Committee","NA","NA","Business | Impact","NA","NA","Business | Series B","NA","NA","OM | Incubation","NA","NA","OM | Pre-Hacking Committee","NA","NA","OM | Hacking Committee","NA","NA","OM | Acceleration","NA","NA","OM | Pre-Impact Committee ","NA","NA","OM | Impact Committee","NA","NA","OM | Impact","NA","Ecosystem | Incubation","NA","NA","Ecosystem | Pre-Hacking Committee","NA","NA","Ecosystem | Hacking Committee","NA","NA","Ecosystem | Acceleration","NA","NA","Ecosystem | Pre-Impact Committee ","NA","NA","Ecosystem | Impact Committee","NA","NA","Ecosystem | Impact","NA","NA"
"569","Gestion temps hors tâches","gestion temps hors tâches _x000D_
""extratime"" ","11/08/2024","13/06/2025","001","Ideation","active","Cost leadership","0","SBU Manufacturing Jorf","Soumission","11/08/2024","11/08/2024","Business (situation visant à générer des revenus)","Categorization","NA","NA","Ideation","11/08/2024","NA","Ideation | Demo Day ","NA","NA","Development","NA","NA","Business | Incubation","NA","NA","Business | Pre-Hacking Committee ","NA","NA","Business | Hacking Committee","NA","NA","Business | Acceleration","NA","NA","Business | Pre-Impact Committee","NA","NA","Business | Impact Committee","NA","NA","Business | Impact","NA","NA","Business | Series B","NA","NA","OM | Incubation","NA","NA","OM | Pre-Hacking Committee","NA","NA","OM | Hacking Committee","NA","NA","OM | Acceleration","NA","NA","OM | Pre-Impact Committee ","NA","NA","OM | Impact Committee","NA","NA","OM | Impact","NA","Ecosystem | Incubation","NA","NA","Ecosystem | Pre-Hacking Committee","NA","NA","Ecosystem | Hacking Committee","NA","NA","Ecosystem | Acceleration","NA","NA","Ecosystem | Pre-Impact Committee ","NA","NA","Ecosystem | Impact Committee","NA","NA","Ecosystem | Impact","NA","NA"
"570","Recyclage","Les déchets sur nos sites industriels sont une source de pollution et de gaspillage, souvent jetées après une seule utilisation. Ce problème contribue à l'accumulation de déchets non biodégradables. Le défi consiste à réduire cet impact ","12/08/2024","21/06/2025","002","Ideation","active","Recycling & Waste Management","0","SBU Manufacturig Safi","Soumission","12/08/2024","NA","Business (situation visant à générer des revenus)","Categorization","NA","NA","Ideation","30/05/2025","NA","Ideation | Demo Day ","NA","NA","Development","NA","NA","Business | Incubation","NA","NA","Business | Pre-Hacking Committee ","NA","NA","Business | Hacking Committee","NA","NA","Business | Acceleration","NA","NA","Business | Pre-Impact Committee","NA","NA","Business | Impact Committee","NA","NA","Business | Impact","NA","NA","Business | Series B","NA","NA","OM | Incubation","NA","NA","OM | Pre-Hacking Committee","NA","NA","OM | Hacking Committee","NA","NA","OM | Acceleration","NA","NA","OM | Pre-Impact Committee ","NA","NA","OM | Impact Committee","NA","NA","OM | Impact","NA","Ecosystem | Incubation","NA","NA","Ecosystem | Pre-Hacking Committee","NA","NA","Ecosystem | Hacking Committee","NA","NA","Ecosystem | Acceleration","NA","NA","Ecosystem | Pre-Impact Committee ","NA","NA","Ecosystem | Impact Committee","NA","NA","Ecosystem | Impact","NA","NA"
"580","ExpertEase","Mettre à disposition les compétences et le savoir-faire des personnes en poste disponibles, pour diverses raisons, pour des missions ponctuelles, portée et pilotée par une entité dédiée","26/08/2024","13/06/2025","002","Development","active","Operating Model","0","Corporate","Soumission","26/08/2024","26/08/2024","Business (situation visant à générer des revenus)","Categorization","NA","NA","Ideation","26/08/2024","24/09/2024","Ideation | Demo Day ","24/09/2024","24/09/2024","Development","25/09/2024","NA","Business | Incubation","NA","NA","Business | Pre-Hacking Committee ","NA","NA","Business | Hacking Committee","NA","NA","Business | Acceleration","NA","NA","Business | Pre-Impact Committee","NA","NA","Business | Impact Committee","NA","NA","Business | Impact","NA","NA","Business | Series B","NA","NA","OM | Incubation","NA","NA","OM | Pre-Hacking Committee","NA","NA","OM | Hacking Committee","NA","NA","OM | Acceleration","NA","NA","OM | Pre-Impact Committee ","NA","NA","OM | Impact Committee","NA","NA","OM | Impact","NA","Ecosystem | Incubation","NA","NA","Ecosystem | Pre-Hacking Committee","NA","NA","Ecosystem | Hacking Committee","NA","NA","Ecosystem | Acceleration","NA","NA","Ecosystem | Pre-Impact Committee ","NA","NA","Ecosystem | Impact Committee","NA","NA","Ecosystem | Impact","NA","NA"
"581","ConformiTech","Le Système de Suivi Réglementaire Intelligent (SSRI) à JFC 5 transforme la conformité via une plateforme digitale. ConformiTech, centrée sur la conformité réglementaire, automatise le suivi des normes ISO 14001 et 45001, optimisant processus et réduisant ","04/09/2024","13/06/2025","001","Ideation","active","Operating Model","0","SBU Manufacturing Jorf","Soumission","04/09/2024","04/09/2024","Operating Model (situation visant à améliorer, optimiser ou changer des process, pratiques ou organisations de travail)","Categorization","NA","NA","Ideation","16/12/2024","NA","Ideation | Demo Day ","NA","NA","Development","NA","NA","Business | Incubation","NA","NA","Business | Pre-Hacking Committee ","NA","NA","Business | Hacking Committee","NA","NA","Business | Acceleration","NA","NA","Business | Pre-Impact Committee","NA","NA","Business | Impact Committee","NA","NA","Business | Impact","NA","NA","Business | Series B","NA","NA","OM | Incubation","NA","NA","OM | Pre-Hacking Committee","NA","NA","OM | Hacking Committee","NA","NA","OM | Acceleration","NA","NA","OM | Pre-Impact Committee ","NA","NA","OM | Impact Committee","NA","NA","OM | Impact","NA","Ecosystem | Incubation","NA","NA","Ecosystem | Pre-Hacking Committee","NA","NA","Ecosystem | Hacking Committee","NA","NA","Ecosystem | Acceleration","NA","NA","Ecosystem | Pre-Impact Committee ","NA","NA","Ecosystem | Impact Committee","NA","NA","Ecosystem | Impact","NA","NA"
"582","INJAAZ","une plateforme SaaS par abonnement pour le soutien scolaire, du primaire au lycée. En s'appuyant sur UM6P, Lydex, OCP et 1337, et utilisant l'IA, elle personnalise les cours en fonction des besoins spécifiques des étudiants.","05/09/2024","21/06/2025","001","Ideation","active","Talent Development","0","Corporate","Soumission","05/09/2024","NA","Ecosystème (situation visant à créer de la valeur avec l’écosystème du groupe)","Categorization","NA","NA","Ideation","30/05/2025","NA","Ideation | Demo Day ","NA","NA","Development","NA","NA","Business | Incubation","NA","NA","Business | Pre-Hacking Committee ","NA","NA","Business | Hacking Committee","NA","NA","Business | Acceleration","NA","NA","Business | Pre-Impact Committee","NA","NA","Business | Impact Committee","NA","NA","Business | Impact","NA","NA","Business | Series B","NA","NA","OM | Incubation","NA","NA","OM | Pre-Hacking Committee","NA","NA","OM | Hacking Committee","NA","NA","OM | Acceleration","NA","NA","OM | Pre-Impact Committee ","NA","NA","OM | Impact Committee","NA","NA","OM | Impact","NA","Ecosystem | Incubation","NA","NA","Ecosystem | Pre-Hacking Committee","NA","NA","Ecosystem | Hacking Committee","NA","NA","Ecosystem | Acceleration","NA","NA","Ecosystem | Pre-Impact Committee ","NA","NA","Ecosystem | Impact Committee","NA","NA","Ecosystem | Impact","NA","NA"
"584","Énergie plus","Profitez du flux de la pulpe de phosphate pour créer de l'énergie électrique.","06/09/2024","21/06/2025","001","Ideation","active","Energy Solutions","0","SBU Manufacturing Jorf","Soumission","06/09/2024","19/12/2024","Operating Model (situation visant à améliorer, optimiser ou changer des process, pratiques ou organisations de travail)","Categorization","NA","NA","Ideation","16/05/2025","NA","Ideation | Demo Day ","NA","NA","Development","NA","NA","Business | Incubation","NA","NA","Business | Pre-Hacking Committee ","NA","NA","Business | Hacking Committee","NA","NA","Business | Acceleration","NA","NA","Business | Pre-Impact Committee","NA","NA","Business | Impact Committee","NA","NA","Business | Impact","NA","NA","Business | Series B","NA","NA","OM | Incubation","NA","NA","OM | Pre-Hacking Committee","NA","NA","OM | Hacking Committee","NA","NA","OM | Acceleration","NA","NA","OM | Pre-Impact Committee ","NA","NA","OM | Impact Committee","NA","NA","OM | Impact","NA","Ecosystem | Incubation","NA","NA","Ecosystem | Pre-Hacking Committee","NA","NA","Ecosystem | Hacking Committee","NA","NA","Ecosystem | Acceleration","NA","NA","Ecosystem | Pre-Impact Committee ","NA","NA","Ecosystem | Impact Committee","NA","NA","Ecosystem | Impact","NA","NA"
"586","BLOCKCHAIN STOCK OPTIONS","Cette situation permettrait au groupe de réduire ses charges de personnel tout en motivant les employés à atteindre ses objectifs stratégiques. Les actions sur une blockchain seraient ajustées selon la performance du groupe et offriraient une plus-value.","11/09/2024","21/06/2025","001","Ideation","active","Blockchain","0","Corporate","Soumission","11/09/2024","11/09/2024","Operating Model (situation visant à améliorer, optimiser ou changer des process, pratiques ou organisations de travail)","Categorization","NA","NA","Ideation","16/12/2024","NA","Ideation | Demo Day ","NA","NA","Development","NA","NA","Business | Incubation","NA","NA","Business | Pre-Hacking Committee ","NA","NA","Business | Hacking Committee","NA","NA","Business | Acceleration","NA","NA","Business | Pre-Impact Committee","NA","NA","Business | Impact Committee","NA","NA","Business | Impact","NA","NA","Business | Series B","NA","NA","OM | Incubation","NA","NA","OM | Pre-Hacking Committee","NA","NA","OM | Hacking Committee","NA","NA","OM | Acceleration","NA","NA","OM | Pre-Impact Committee ","NA","NA","OM | Impact Committee","NA","NA","OM | Impact","NA","Ecosystem | Incubation","NA","NA","Ecosystem | Pre-Hacking Committee","NA","NA","Ecosystem | Hacking Committee","NA","NA","Ecosystem | Acceleration","NA","NA","Ecosystem | Pre-Impact Committee ","NA","NA","Ecosystem | Impact Committee","NA","NA","Ecosystem | Impact","NA","NA"
"588","Sabiil - Refuge Animaux Sites","Sabiil un Refuge pour les chats & une initiative pour le bien être et la sécurité des sites industriels et les établissements et filiales OCP.","13/09/2024","13/06/2025","001","*Soumission*","active","NA","0","SBU Manufacturing","Soumission","13/09/2024","11/05/2025","Ecosystème (situation visant à créer de la valeur avec l’écosystème du groupe)","Categorization","NA","NA","Ideation","16/05/2025","NA","Ideation | Demo Day ","NA","NA","Development","NA","NA","Business | Incubation","NA","NA","Business | Pre-Hacking Committee ","NA","NA","Business | Hacking Committee","NA","NA","Business | Acceleration","NA","NA","Business | Pre-Impact Committee","NA","NA","Business | Impact Committee","NA","NA","Business | Impact","NA","NA","Business | Series B","NA","NA","OM | Incubation","NA","NA","OM | Pre-Hacking Committee","NA","NA","OM | Hacking Committee","NA","NA","OM | Acceleration","NA","NA","OM | Pre-Impact Committee ","NA","NA","OM | Impact Committee","NA","NA","OM | Impact","NA","Ecosystem | Incubation","NA","NA","Ecosystem | Pre-Hacking Committee","NA","NA","Ecosystem | Hacking Committee","NA","NA","Ecosystem | Acceleration","NA","NA","Ecosystem | Pre-Impact Committee ","NA","NA","Ecosystem | Impact Committee","NA","NA","Ecosystem | Impact","NA","NA"
"589","Dataviz 3D","Création d'une plateforme interactive 3D pour explorer en détail une installation de production. Elle offre une vue globale, simule le processus de production, affiche les paramètres en temps réel et intègre des données techniques, sécurité, et SAP .","15/09/2024","13/06/2025","006","Ideation","active","Digital","0","SBU Manufacturing Jorf","Soumission","15/09/2024","06/11/2024","Operating Model (situation visant à améliorer, optimiser ou changer des process, pratiques ou organisations de travail)","Categorization","NA","NA","Ideation","16/12/2024","NA","Ideation | Demo Day ","NA","NA","Development","NA","NA","Business | Incubation","NA","NA","Business | Pre-Hacking Committee ","NA","NA","Business | Hacking Committee","NA","NA","Business | Acceleration","NA","NA","Business | Pre-Impact Committee","NA","NA","Business | Impact Committee","NA","NA","Business | Impact","NA","NA","Business | Series B","NA","NA","OM | Incubation","NA","NA","OM | Pre-Hacking Committee","NA","NA","OM | Hacking Committee","NA","NA","OM | Acceleration","NA","NA","OM | Pre-Impact Committee ","NA","NA","OM | Impact Committee","NA","NA","OM | Impact","NA","Ecosystem | Incubation","NA","NA","Ecosystem | Pre-Hacking Committee","NA","NA","Ecosystem | Hacking Committee","NA","NA","Ecosystem | Acceleration","NA","NA","Ecosystem | Pre-Impact Committee ","NA","NA","Ecosystem | Impact Committee","NA","NA","Ecosystem | Impact","NA","NA"
"590","Navire d'exposition engrais","NAVIRE D'EXPOSITION ENGRAIXS NATIONAL ET INTERNATIONAL  SOLUTION PRÉVENTIVE CONTRE LES CONQUÉRANTES EXTÉRIEURES: NAVIRES D’EXPOSITION POUR LES MÉDIAS COMMERCIAUX AUX ENGRAIS ET LE PROGRÈS AGRICOLE._x000D_
","16/09/2024","13/06/2025","005","Ideation","active","Fertilizers & Farmers Solutions","0","SBU Manufacturing Jorf","Soumission","16/09/2024","16/09/2024","Business (situation visant à générer des revenus)","Categorization","NA","NA","Ideation","17/12/2024","08/02/2025","Ideation | Demo Day ","NA","NA","Development","NA","NA","Business | Incubation","NA","NA","Business | Pre-Hacking Committee ","NA","NA","Business | Hacking Committee","NA","NA","Business | Acceleration","NA","NA","Business | Pre-Impact Committee","NA","NA","Business | Impact Committee","NA","NA","Business | Impact","NA","NA","Business | Series B","NA","NA","OM | Incubation","NA","NA","OM | Pre-Hacking Committee","NA","NA","OM | Hacking Committee","NA","NA","OM | Acceleration","NA","NA","OM | Pre-Impact Committee ","NA","NA","OM | Impact Committee","NA","NA","OM | Impact","NA","Ecosystem | Incubation","NA","NA","Ecosystem | Pre-Hacking Committee","NA","NA","Ecosystem | Hacking Committee","NA","NA","Ecosystem | Acceleration","NA","NA","Ecosystem | Pre-Impact Committee ","NA","NA","Ecosystem | Impact Committee","NA","NA","Ecosystem | Impact","NA","NA"
"598","Advanced Mechanical Technology","■ Développement technologique des moyens équipements mécaniques professionnels.","19/09/2024","25/06/2025","002","Ideation","active","Facility Management","0","SBU Mining Phosboucraa","Soumission","19/09/2024","02/10/2024","Operating Model (situation visant à améliorer, optimiser ou changer des process, pratiques ou organisations de travail)","Categorization","NA","NA","Ideation","10/10/2024","24/04/2025","Ideation | Demo Day ","NA","NA","Development","NA","NA","Business | Incubation","NA","NA","Business | Pre-Hacking Committee ","NA","NA","Business | Hacking Committee","NA","NA","Business | Acceleration","NA","NA","Business | Pre-Impact Committee","NA","NA","Business | Impact Committee","NA","NA","Business | Impact","NA","NA","Business | Series B","NA","NA","OM | Incubation","NA","NA","OM | Pre-Hacking Committee","NA","NA","OM | Hacking Committee","NA","NA","OM | Acceleration","NA","NA","OM | Pre-Impact Committee ","NA","NA","OM | Impact Committee","NA","NA","OM | Impact","NA","Ecosystem | Incubation","NA","NA","Ecosystem | Pre-Hacking Committee","NA","NA","Ecosystem | Hacking Committee","NA","NA","Ecosystem | Acceleration","NA","NA","Ecosystem | Pre-Impact Committee ","NA","NA","Ecosystem | Impact Committee","NA","NA","Ecosystem | Impact","NA","NA"
"601","MIM","Notre engagement consiste à revaloriser l'artisanat marocain, ce qui contribue directement à la préservation de notre patrimoine culturel. Nous plaçons l'artisan au cœur de notre démarche, en mettant l'accent sur l'humain et son savoir-faire","20/09/2024","13/06/2025","005","Development","active","Ecosystem","0","SBU Manufacturing Jorf","Soumission","20/09/2024","NA","Operating Model (situation visant à améliorer, optimiser ou changer des process, pratiques ou organisations de travail)","Categorization","NA","NA","Ideation","15/10/2024","02/12/2024","Ideation | Demo Day ","06/12/2024","06/12/2024","Development","18/12/2024","NA","Business | Incubation","NA","NA","Business | Pre-Hacking Committee ","NA","NA","Business | Hacking Committee","NA","NA","Business | Acceleration","NA","NA","Business | Pre-Impact Committee","NA","NA","Business | Impact Committee","NA","NA","Business | Impact","NA","NA","Business | Series B","NA","NA","OM | Incubation","NA","NA","OM | Pre-Hacking Committee","NA","NA","OM | Hacking Committee","NA","NA","OM | Acceleration","NA","NA","OM | Pre-Impact Committee ","NA","NA","OM | Impact Committee","NA","NA","OM | Impact","NA","Ecosystem | Incubation","NA","NA","Ecosystem | Pre-Hacking Committee","NA","NA","Ecosystem | Hacking Committee","NA","NA","Ecosystem | Acceleration","NA","NA","Ecosystem | Pre-Impact Committee ","NA","NA","Ecosystem | Impact Committee","NA","NA","Ecosystem | Impact","NA","NA"
"610","GDI_SOLUTION","G.D.I. est une approche révolutionnaire et complète pour la surveillance, l'inspection et la maintenance des draglines. intègre des technologies avancées : capteurs IoT, des drones, des lecteurs RFID,  contrôle de l'usure des câbles et reducteurs.","03/10/2024","13/06/2025","007","Ideation","active","Mining Solutions","0","SBU Mining Khouribga","Soumission","03/10/2024","16/12/2024","Operating Model (situation visant à améliorer, optimiser ou changer des process, pratiques ou organisations de travail)","Categorization","NA","NA","Ideation","16/12/2024","NA","Ideation | Demo Day ","NA","NA","Development","NA","NA","Business | Incubation","NA","NA","Business | Pre-Hacking Committee ","NA","NA","Business | Hacking Committee","NA","NA","Business | Acceleration","NA","NA","Business | Pre-Impact Committee","NA","NA","Business | Impact Committee","NA","NA","Business | Impact","NA","NA","Business | Series B","NA","NA","OM | Incubation","NA","NA","OM | Pre-Hacking Committee","NA","NA","OM | Hacking Committee","NA","NA","OM | Acceleration","NA","NA","OM | Pre-Impact Committee ","NA","NA","OM | Impact Committee","NA","NA","OM | Impact","NA","Ecosystem | Incubation","NA","NA","Ecosystem | Pre-Hacking Committee","NA","NA","Ecosystem | Hacking Committee","NA","NA","Ecosystem | Acceleration","NA","NA","Ecosystem | Pre-Impact Committee ","NA","NA","Ecosystem | Impact Committee","NA","NA","Ecosystem | Impact","NA","NA"
"612","MYCAREER_LEARNING","Il s'agit d'une plateforme éducative au profit de nos collaborateurs, pour le développement personnel et professionnel de leurs carrières.","03/10/2024","13/06/2025","003","Ideation","active","Talent Development","0","SBU Mining Phosboucraa","Soumission","03/10/2024","22/10/2024","Operating Model (situation visant à améliorer, optimiser ou changer des process, pratiques ou organisations de travail)","Categorization","NA","NA","Ideation","12/12/2024","24/04/2025","Ideation | Demo Day ","NA","NA","Development","NA","NA","Business | Incubation","NA","NA","Business | Pre-Hacking Committee ","NA","NA","Business | Hacking Committee","NA","NA","Business | Acceleration","NA","NA","Business | Pre-Impact Committee","NA","NA","Business | Impact Committee","NA","NA","Business | Impact","NA","NA","Business | Series B","NA","NA","OM | Incubation","NA","NA","OM | Pre-Hacking Committee","NA","NA","OM | Hacking Committee","NA","NA","OM | Acceleration","NA","NA","OM | Pre-Impact Committee ","NA","NA","OM | Impact Committee","NA","NA","OM | Impact","NA","Ecosystem | Incubation","NA","NA","Ecosystem | Pre-Hacking Committee","NA","NA","Ecosystem | Hacking Committee","NA","NA","Ecosystem | Acceleration","NA","NA","Ecosystem | Pre-Impact Committee ","NA","NA","Ecosystem | Impact Committee","NA","NA","Ecosystem | Impact","NA","NA"
"614","OCP Digi Soulation","Ma situation est de créer une startup pour accompagner  les Mouvement Xplorers ayants des idees digitals.notre objectif est de realiser leurs projet.ainsi les projets digital des differents entités et filiaires OCP.","05/10/2024","13/06/2025","001","Ideation","active","Digital","0","SBU Mining Gantour","Soumission","05/10/2024","06/10/2024","Business (situation visant à générer des revenus)","Categorization","NA","NA","Ideation","17/12/2024","NA","Ideation | Demo Day ","NA","NA","Development","NA","NA","Business | Incubation","NA","NA","Business | Pre-Hacking Committee ","NA","NA","Business | Hacking Committee","NA","NA","Business | Acceleration","NA","NA","Business | Pre-Impact Committee","NA","NA","Business | Impact Committee","NA","NA","Business | Impact","NA","NA","Business | Series B","NA","NA","OM | Incubation","NA","NA","OM | Pre-Hacking Committee","NA","NA","OM | Hacking Committee","NA","NA","OM | Acceleration","NA","NA","OM | Pre-Impact Committee ","NA","NA","OM | Impact Committee","NA","NA","OM | Impact","NA","Ecosystem | Incubation","NA","NA","Ecosystem | Pre-Hacking Committee","NA","NA","Ecosystem | Hacking Committee","NA","NA","Ecosystem | Acceleration","NA","NA","Ecosystem | Pre-Impact Committee ","NA","NA","Ecosystem | Impact Committee","NA","NA","Ecosystem | Impact","NA","NA"
"615","مركز الأبحاث والدراسات الإج"," مركز الأبحاث والدراسات الاجتماعية مؤسسة بحثية توظف العلوم الاجتماعية والإنسانية في جوانبها النظرية والتطبيقية، لفهم ""المجتمع _x000D_
 الفوسفاطي"" فهماً صحيحاً. وذلك من خلال دراسة القضايا والمشكلات الاجتماعية التي تواجه المجمع الشريف للفوسفاط، لتحقيق انتاجية أفضل","07/10/2024","13/06/2025","006","Ideation","active","Communication","0","SBU Manufacturing Jorf","Soumission","07/10/2024","19/10/2024","Operating Model (situation visant à améliorer, optimiser ou changer des process, pratiques ou organisations de travail)","Categorization","NA","NA","Ideation","16/12/2024","NA","Ideation | Demo Day ","NA","NA","Development","NA","NA","Business | Incubation","NA","NA","Business | Pre-Hacking Committee ","NA","NA","Business | Hacking Committee","NA","NA","Business | Acceleration","NA","NA","Business | Pre-Impact Committee","NA","NA","Business | Impact Committee","NA","NA","Business | Impact","NA","NA","Business | Series B","NA","NA","OM | Incubation","NA","NA","OM | Pre-Hacking Committee","NA","NA","OM | Hacking Committee","NA","NA","OM | Acceleration","NA","NA","OM | Pre-Impact Committee ","NA","NA","OM | Impact Committee","NA","NA","OM | Impact","NA","Ecosystem | Incubation","NA","NA","Ecosystem | Pre-Hacking Committee","NA","NA","Ecosystem | Hacking Committee","NA","NA","Ecosystem | Acceleration","NA","NA","Ecosystem | Pre-Impact Committee ","NA","NA","Ecosystem | Impact Committee","NA","NA","Ecosystem | Impact","NA","NA"
"616","qc","Notre objectif est d'améliorer l'échantillonnage et l'analyse en intégrant des techniques innovantes in situ pour accroître l'efficacité et garantir la qualité des produits. Cela renforce l'engagement  d'OCP envers la durabilité, qualité et la sécurité.","08/10/2024","21/06/2025","001","Ideation","active","Operating Model","0","SBU Manufacturig Safi","Soumission","08/10/2024","12/05/2025","Operating Model (situation visant à améliorer, optimiser ou changer des process, pratiques ou organisations de travail)","Categorization","NA","NA","Ideation","16/05/2025","NA","Ideation | Demo Day ","NA","NA","Development","NA","NA","Business | Incubation","NA","NA","Business | Pre-Hacking Committee ","NA","NA","Business | Hacking Committee","NA","NA","Business | Acceleration","NA","NA","Business | Pre-Impact Committee","NA","NA","Business | Impact Committee","NA","NA","Business | Impact","NA","NA","Business | Series B","NA","NA","OM | Incubation","NA","NA","OM | Pre-Hacking Committee","NA","NA","OM | Hacking Committee","NA","NA","OM | Acceleration","NA","NA","OM | Pre-Impact Committee ","NA","NA","OM | Impact Committee","NA","NA","OM | Impact","NA","Ecosystem | Incubation","NA","NA","Ecosystem | Pre-Hacking Committee","NA","NA","Ecosystem | Hacking Committee","NA","NA","Ecosystem | Acceleration","NA","NA","Ecosystem | Pre-Impact Committee ","NA","NA","Ecosystem | Impact Committee","NA","NA","Ecosystem | Impact","NA","NA"
"618","GREEN FERTILIZER","GREEN FERTILIZER est un projet innovant visant à développer des engrais  spécialement conçus pour le jardinage et les petits cultivateurs","11/10/2024","26/06/2025","002","Categorization","active","Fertilizers & Farmers Solutions","0","SBU Mining Phosboucraa","Soumission","11/10/2024","NA","Business (situation visant à générer des revenus)","Categorization","26/06/2025","26/06/2025","Ideation","NA","NA","Ideation | Demo Day ","NA","NA","Development","NA","NA","Business | Incubation","NA","NA","Business | Pre-Hacking Committee ","NA","NA","Business | Hacking Committee","NA","NA","Business | Acceleration","NA","NA","Business | Pre-Impact Committee","NA","NA","Business | Impact Committee","NA","NA","Business | Impact","NA","NA","Business | Series B","NA","NA","OM | Incubation","NA","NA","OM | Pre-Hacking Committee","NA","NA","OM | Hacking Committee","NA","NA","OM | Acceleration","NA","NA","OM | Pre-Impact Committee ","NA","NA","OM | Impact Committee","NA","NA","OM | Impact","NA","Ecosystem | Incubation","NA","NA","Ecosystem | Pre-Hacking Committee","NA","NA","Ecosystem | Hacking Committee","NA","NA","Ecosystem | Acceleration","NA","NA","Ecosystem | Pre-Impact Committee ","NA","NA","Ecosystem | Impact Committee","NA","NA","Ecosystem | Impact","NA","NA"
"619","Economiseurs d'eau","Economiseurs d'eau par récupération de l'eau du rinçage des machines à laver , douches ,les stockées dans des réservoirs , réutiliser dans les toilettes .récupération des eaux rejet d osmos inverse maison ,les utiliser dans les machines à laver.","11/10/2024","21/06/2025","001","Ideation","active","Water & Desalination","0","SBU Mining Phosboucraa","Soumission","11/10/2024","28/12/2024","Ecosystème (situation visant à créer de la valeur avec l’écosystème du groupe)","Categorization","NA","NA","Ideation","16/05/2025","NA","Ideation | Demo Day ","NA","NA","Development","NA","NA","Business | Incubation","NA","NA","Business | Pre-Hacking Committee ","NA","NA","Business | Hacking Committee","NA","NA","Business | Acceleration","NA","NA","Business | Pre-Impact Committee","NA","NA","Business | Impact Committee","NA","NA","Business | Impact","NA","NA","Business | Series B","NA","NA","OM | Incubation","NA","NA","OM | Pre-Hacking Committee","NA","NA","OM | Hacking Committee","NA","NA","OM | Acceleration","NA","NA","OM | Pre-Impact Committee ","NA","NA","OM | Impact Committee","NA","NA","OM | Impact","NA","Ecosystem | Incubation","NA","NA","Ecosystem | Pre-Hacking Committee","NA","NA","Ecosystem | Hacking Committee","NA","NA","Ecosystem | Acceleration","NA","NA","Ecosystem | Pre-Impact Committee ","NA","NA","Ecosystem | Impact Committee","NA","NA","Ecosystem | Impact","NA","NA"
"620","Laveur traversées HT","Fabrication et mise en place d un système mécanique fixe et permanent motorisé pouvant se déployer à tous moment. permettant le lavage des traversées haute tension en moins de  30 min au lieu d un long arrêt.","11/10/2024","13/06/2025","003","Ideation","active","Optimisation industrielle","0","SBU Mining Phosboucraa","Soumission","11/10/2024","15/12/2024","Operating Model (situation visant à améliorer, optimiser ou changer des process, pratiques ou organisations de travail)","Categorization","NA","NA","Ideation","16/12/2024","NA","Ideation | Demo Day ","NA","NA","Development","NA","NA","Business | Incubation","NA","NA","Business | Pre-Hacking Committee ","NA","NA","Business | Hacking Committee","NA","NA","Business | Acceleration","NA","NA","Business | Pre-Impact Committee","NA","NA","Business | Impact Committee","NA","NA","Business | Impact","NA","NA","Business | Series B","NA","NA","OM | Incubation","NA","NA","OM | Pre-Hacking Committee","NA","NA","OM | Hacking Committee","NA","NA","OM | Acceleration","NA","NA","OM | Pre-Impact Committee ","NA","NA","OM | Impact Committee","NA","NA","OM | Impact","NA","Ecosystem | Incubation","NA","NA","Ecosystem | Pre-Hacking Committee","NA","NA","Ecosystem | Hacking Committee","NA","NA","Ecosystem | Acceleration","NA","NA","Ecosystem | Pre-Impact Committee ","NA","NA","Ecosystem | Impact Committee","NA","NA","Ecosystem | Impact","NA","NA"
"623","DIGITWin","DIGITWin est une modélisation virtuelle du site, y compris ses bâtiments, l'itinéraire entre eux, ses équipements, ses véhicules et ses employés. En utilisant des données de suivi en temps réel, telles que des balises RFID, des capteurs et des caméras.","15/10/2024","13/06/2025","004","Ideation","active","Digital","0","SBU Mining Gantour","Soumission","15/10/2024","20/10/2024","Operating Model (situation visant à améliorer, optimiser ou changer des process, pratiques ou organisations de travail)","Categorization","NA","NA","Ideation","16/12/2024","NA","Ideation | Demo Day ","NA","NA","Development","NA","NA","Business | Incubation","NA","NA","Business | Pre-Hacking Committee ","NA","NA","Business | Hacking Committee","NA","NA","Business | Acceleration","NA","NA","Business | Pre-Impact Committee","NA","NA","Business | Impact Committee","NA","NA","Business | Impact","NA","NA","Business | Series B","NA","NA","OM | Incubation","NA","NA","OM | Pre-Hacking Committee","NA","NA","OM | Hacking Committee","NA","NA","OM | Acceleration","NA","NA","OM | Pre-Impact Committee ","NA","NA","OM | Impact Committee","NA","NA","OM | Impact","NA","Ecosystem | Incubation","NA","NA","Ecosystem | Pre-Hacking Committee","NA","NA","Ecosystem | Hacking Committee","NA","NA","Ecosystem | Acceleration","NA","NA","Ecosystem | Pre-Impact Committee ","NA","NA","Ecosystem | Impact Committee","NA","NA","Ecosystem | Impact","NA","NA"
"624","ReValo Group","Le projet vise à instaurer une usine de recyclage ultramoderne dédiée à la transformation des déchets plastiques, papiers, et métaux en nouveaux matériaux viables, contribuant ainsi à la réduction des déchets et à la préservation des ressources naturelle","15/10/2024","13/06/2025","004","Ideation","active","Recycling & Waste Management","0","SBU Manufacturig Safi","Soumission","15/10/2024","18/10/2024","Business (situation visant à générer des revenus)","Categorization","NA","NA","Ideation","16/12/2024","NA","Ideation | Demo Day ","NA","NA","Development","NA","NA","Business | Incubation","NA","NA","Business | Pre-Hacking Committee ","NA","NA","Business | Hacking Committee","NA","NA","Business | Acceleration","NA","NA","Business | Pre-Impact Committee","NA","NA","Business | Impact Committee","NA","NA","Business | Impact","NA","NA","Business | Series B","NA","NA","OM | Incubation","NA","NA","OM | Pre-Hacking Committee","NA","NA","OM | Hacking Committee","NA","NA","OM | Acceleration","NA","NA","OM | Pre-Impact Committee ","NA","NA","OM | Impact Committee","NA","NA","OM | Impact","NA","Ecosystem | Incubation","NA","NA","Ecosystem | Pre-Hacking Committee","NA","NA","Ecosystem | Hacking Committee","NA","NA","Ecosystem | Acceleration","NA","NA","Ecosystem | Pre-Impact Committee ","NA","NA","Ecosystem | Impact Committee","NA","NA","Ecosystem | Impact","NA","NA"
"626","les pionniers du rêve","vers une ville durables ,plus justes et plus agréables a vivre ._x000D_
","16/10/2024","21/06/2025","003","Ideation","active","Ecosystem","0","SBU Mining Khouribga","Soumission","16/10/2024","25/10/2024","Ecosystème (situation visant à créer de la valeur avec l’écosystème du groupe)","Categorization","NA","NA","Ideation","16/05/2025","NA","Ideation | Demo Day ","NA","NA","Development","NA","NA","Business | Incubation","NA","NA","Business | Pre-Hacking Committee ","NA","NA","Business | Hacking Committee","NA","NA","Business | Acceleration","NA","NA","Business | Pre-Impact Committee","NA","NA","Business | Impact Committee","NA","NA","Business | Impact","NA","NA","Business | Series B","NA","NA","OM | Incubation","NA","NA","OM | Pre-Hacking Committee","NA","NA","OM | Hacking Committee","NA","NA","OM | Acceleration","NA","NA","OM | Pre-Impact Committee ","NA","NA","OM | Impact Committee","NA","NA","OM | Impact","NA","Ecosystem | Incubation","NA","NA","Ecosystem | Pre-Hacking Committee","NA","NA","Ecosystem | Hacking Committee","NA","NA","Ecosystem | Acceleration","NA","NA","Ecosystem | Pre-Impact Committee ","NA","NA","Ecosystem | Impact Committee","NA","NA","Ecosystem | Impact","NA","NA"
"627","LINE X","utiliser un nouveau produit pour la protection des charpentes métalliques qui se dégrade très très vite sur nos sites ainsi que tester ce produit sur les différents produits chimiques pour voir la possibilité de l'utiliser sur les caniveaux et fosses","16/10/2024","21/06/2025","002","Ideation","active","Cost leadership","0","SBU Manufacturing Jorf","Soumission","16/10/2024","NA","Business (situation visant à générer des revenus)","Categorization","NA","NA","Ideation","11/06/2025","NA","Ideation | Demo Day ","NA","NA","Development","NA","NA","Business | Incubation","NA","NA","Business | Pre-Hacking Committee ","NA","NA","Business | Hacking Committee","NA","NA","Business | Acceleration","NA","NA","Business | Pre-Impact Committee","NA","NA","Business | Impact Committee","NA","NA","Business | Impact","NA","NA","Business | Series B","NA","NA","OM | Incubation","NA","NA","OM | Pre-Hacking Committee","NA","NA","OM | Hacking Committee","NA","NA","OM | Acceleration","NA","NA","OM | Pre-Impact Committee ","NA","NA","OM | Impact Committee","NA","NA","OM | Impact","NA","Ecosystem | Incubation","NA","NA","Ecosystem | Pre-Hacking Committee","NA","NA","Ecosystem | Hacking Committee","NA","NA","Ecosystem | Acceleration","NA","NA","Ecosystem | Pre-Impact Committee ","NA","NA","Ecosystem | Impact Committee","NA","NA","Ecosystem | Impact","NA","NA"
"630","Station connectée ""e-LOCKOUT""","Cette initiative fera la rupture avec les anciennes stations de consignation et créera un produit innovant, en suivant la transformation digitale du groupe dans son volet HSE. ","17/10/2024","13/06/2025","003","Ideation","active","Operating Model","0","SBU Mining Khouribga","Soumission","17/10/2024","11/12/2024","Operating Model (situation visant à améliorer, optimiser ou changer des process, pratiques ou organisations de travail)","Categorization","NA","NA","Ideation","12/12/2024","17/01/2025","Ideation | Demo Day ","NA","NA","Development","NA","NA","Business | Incubation","NA","NA","Business | Pre-Hacking Committee ","NA","NA","Business | Hacking Committee","NA","NA","Business | Acceleration","NA","NA","Business | Pre-Impact Committee","NA","NA","Business | Impact Committee","NA","NA","Business | Impact","NA","NA","Business | Series B","NA","NA","OM | Incubation","NA","NA","OM | Pre-Hacking Committee","NA","NA","OM | Hacking Committee","NA","NA","OM | Acceleration","NA","NA","OM | Pre-Impact Committee ","NA","NA","OM | Impact Committee","NA","NA","OM | Impact","NA","Ecosystem | Incubation","NA","NA","Ecosystem | Pre-Hacking Committee","NA","NA","Ecosystem | Hacking Committee","NA","NA","Ecosystem | Acceleration","NA","NA","Ecosystem | Pre-Impact Committee ","NA","NA","Ecosystem | Impact Committee","NA","NA","Ecosystem | Impact","NA","NA"
"631","OCP MUSIC DEVELOPMENT","OCP MUSIC DEVELOPMENT vise à promouvoir la musique au sein du Groupe OCP et au niveau national. Cela inclut la pratique instrumentale pour les employés, le soutien aux institutions musicales marocaines et l'accompagnement des artistes talentueux.","17/10/2024","13/06/2025","002","Development","active","Well-being","0","Corporate","Soumission","17/10/2024","17/10/2024","Ecosystème (situation visant à créer de la valeur avec l’écosystème du groupe)","Categorization","NA","NA","Ideation","02/02/2025","NA","Ideation | Demo Day ","16/05/2025","16/05/2025","Development","26/05/2025","NA","Business | Incubation","NA","NA","Business | Pre-Hacking Committee ","NA","NA","Business | Hacking Committee","NA","NA","Business | Acceleration","NA","NA","Business | Pre-Impact Committee","NA","NA","Business | Impact Committee","NA","NA","Business | Impact","NA","NA","Business | Series B","NA","NA","OM | Incubation","NA","NA","OM | Pre-Hacking Committee","NA","NA","OM | Hacking Committee","NA","NA","OM | Acceleration","NA","NA","OM | Pre-Impact Committee ","NA","NA","OM | Impact Committee","NA","NA","OM | Impact","NA","Ecosystem | Incubation","NA","NA","Ecosystem | Pre-Hacking Committee","NA","NA","Ecosystem | Hacking Committee","NA","NA","Ecosystem | Acceleration","NA","NA","Ecosystem | Pre-Impact Committee ","NA","NA","Ecosystem | Impact Committee","NA","NA","Ecosystem | Impact","NA","NA"
"632","Genetic Salt Tolerance","Le but de cette situation est d'explorer la recherche sur le développement d'une culture génétiquement modifiée qui peut être irrigué avec de l'eau de mer, préservant ainsi les eaux souterraines.","19/10/2024","13/06/2025","001","Ideation","active","Sustainability","0","SBU Mining Khouribga","Soumission","19/10/2024","11/12/2024","Ecosystème (situation visant à créer de la valeur avec l’écosystème du groupe)","Categorization","NA","NA","Ideation","16/12/2024","21/03/2025","Ideation | Demo Day ","NA","NA","Development","NA","NA","Business | Incubation","NA","NA","Business | Pre-Hacking Committee ","NA","NA","Business | Hacking Committee","NA","NA","Business | Acceleration","NA","NA","Business | Pre-Impact Committee","NA","NA","Business | Impact Committee","NA","NA","Business | Impact","NA","NA","Business | Series B","NA","NA","OM | Incubation","NA","NA","OM | Pre-Hacking Committee","NA","NA","OM | Hacking Committee","NA","NA","OM | Acceleration","NA","NA","OM | Pre-Impact Committee ","NA","NA","OM | Impact Committee","NA","NA","OM | Impact","NA","Ecosystem | Incubation","NA","NA","Ecosystem | Pre-Hacking Committee","NA","NA","Ecosystem | Hacking Committee","NA","NA","Ecosystem | Acceleration","NA","NA","Ecosystem | Pre-Impact Committee ","NA","NA","Ecosystem | Impact Committee","NA","NA","Ecosystem | Impact","NA","NA"
"634","Green rubber","Recyclage, transformation des pneus usagères généré au niveau des sites OCP et par la suite au niveau du territoire marocain en granulats de caoutchouc utilisés de manière polyvalente dans de nombreux domaines","20/10/2024","13/06/2025","005","Ideation","active","Recycling & Waste Management","0","SBU Mining Gantour","Soumission","20/10/2024","29/11/2024","Business (situation visant à générer des revenus)","Categorization","NA","NA","Ideation","16/12/2024","NA","Ideation | Demo Day ","NA","NA","Development","NA","NA","Business | Incubation","NA","NA","Business | Pre-Hacking Committee ","NA","NA","Business | Hacking Committee","NA","NA","Business | Acceleration","NA","NA","Business | Pre-Impact Committee","NA","NA","Business | Impact Committee","NA","NA","Business | Impact","NA","NA","Business | Series B","NA","NA","OM | Incubation","NA","NA","OM | Pre-Hacking Committee","NA","NA","OM | Hacking Committee","NA","NA","OM | Acceleration","NA","NA","OM | Pre-Impact Committee ","NA","NA","OM | Impact Committee","NA","NA","OM | Impact","NA","Ecosystem | Incubation","NA","NA","Ecosystem | Pre-Hacking Committee","NA","NA","Ecosystem | Hacking Committee","NA","NA","Ecosystem | Acceleration","NA","NA","Ecosystem | Pre-Impact Committee ","NA","NA","Ecosystem | Impact Committee","NA","NA","Ecosystem | Impact","NA","NA"
"636","OCP Experts","Création d’un Cabinet d’Expertise et Judiciaire par des Agents OCP Qualifiés au Maroc.","21/10/2024","21/06/2025","002","Ideation","active","Optimisation industrielle","0","SBU Manufacturig Safi","Soumission","21/10/2024","23/04/2025","Business (situation visant à générer des revenus)","Categorization","NA","NA","Ideation","16/05/2025","NA","Ideation | Demo Day ","NA","NA","Development","NA","NA","Business | Incubation","NA","NA","Business | Pre-Hacking Committee ","NA","NA","Business | Hacking Committee","NA","NA","Business | Acceleration","NA","NA","Business | Pre-Impact Committee","NA","NA","Business | Impact Committee","NA","NA","Business | Impact","NA","NA","Business | Series B","NA","NA","OM | Incubation","NA","NA","OM | Pre-Hacking Committee","NA","NA","OM | Hacking Committee","NA","NA","OM | Acceleration","NA","NA","OM | Pre-Impact Committee ","NA","NA","OM | Impact Committee","NA","NA","OM | Impact","NA","Ecosystem | Incubation","NA","NA","Ecosystem | Pre-Hacking Committee","NA","NA","Ecosystem | Hacking Committee","NA","NA","Ecosystem | Acceleration","NA","NA","Ecosystem | Pre-Impact Committee ","NA","NA","Ecosystem | Impact Committee","NA","NA","Ecosystem | Impact","NA","NA"
"637","Green Youth Hostel"," est un auberge verte pour jeunes et étudiants pour pallier le manque de ce type de projets à Khouribga","21/10/2024","13/06/2025","003","Ideation","active","Ecosystem","0","SBU Mining Khouribga","Soumission","21/10/2024","04/12/2024","Business (situation visant à générer des revenus)","Categorization","NA","NA","Ideation","05/12/2024","05/02/2025","Ideation | Demo Day ","NA","NA","Development","NA","NA","Business | Incubation","NA","NA","Business | Pre-Hacking Committee ","NA","NA","Business | Hacking Committee","NA","NA","Business | Acceleration","NA","NA","Business | Pre-Impact Committee","NA","NA","Business | Impact Committee","NA","NA","Business | Impact","NA","NA","Business | Series B","NA","NA","OM | Incubation","NA","NA","OM | Pre-Hacking Committee","NA","NA","OM | Hacking Committee","NA","NA","OM | Acceleration","NA","NA","OM | Pre-Impact Committee ","NA","NA","OM | Impact Committee","NA","NA","OM | Impact","NA","Ecosystem | Incubation","NA","NA","Ecosystem | Pre-Hacking Committee","NA","NA","Ecosystem | Hacking Committee","NA","NA","Ecosystem | Acceleration","NA","NA","Ecosystem | Pre-Impact Committee ","NA","NA","Ecosystem | Impact Committee","NA","NA","Ecosystem | Impact","NA","NA"
"638","OCP SPORT ACADEMY","Création de la Filiale OCP Sports Academy pour la Formation des Athlètes _x000D_
et le Développement de Compétences","22/10/2024","21/06/2025","004","Ideation","active","Health & Safety","0","SBU Manufacturig Safi","Soumission","22/10/2024","NA","Business (situation visant à générer des revenus)","Categorization","NA","NA","Ideation","17/12/2024","NA","Ideation | Demo Day ","NA","NA","Development","NA","NA","Business | Incubation","NA","NA","Business | Pre-Hacking Committee ","NA","NA","Business | Hacking Committee","NA","NA","Business | Acceleration","NA","NA","Business | Pre-Impact Committee","NA","NA","Business | Impact Committee","NA","NA","Business | Impact","NA","NA","Business | Series B","NA","NA","OM | Incubation","NA","NA","OM | Pre-Hacking Committee","NA","NA","OM | Hacking Committee","NA","NA","OM | Acceleration","NA","NA","OM | Pre-Impact Committee ","NA","NA","OM | Impact Committee","NA","NA","OM | Impact","NA","Ecosystem | Incubation","NA","NA","Ecosystem | Pre-Hacking Committee","NA","NA","Ecosystem | Hacking Committee","NA","NA","Ecosystem | Acceleration","NA","NA","Ecosystem | Pre-Impact Committee ","NA","NA","Ecosystem | Impact Committee","NA","NA","Ecosystem | Impact","NA","NA"
"640","Sustainability park","Création d’un lieu de vie pour la communauté Khouribgui en s’appuyant sur les différents projets sustainability entrepris par la SBU Mining","25/10/2024","02/06/2025","003","Development","active","NA","0","NA","Soumission","25/10/2024","13/02/2025","Ecosystème (situation visant à créer de la valeur avec l’écosystème du groupe)","Categorization","NA","NA","Ideation","14/02/2025","14/02/2025","Ideation | Demo Day ","14/02/2025","14/02/2025","Development","25/02/2025","02/06/2025","Business | Incubation","NA","NA","Business | Pre-Hacking Committee ","NA","NA","Business | Hacking Committee","NA","NA","Business | Acceleration","NA","NA","Business | Pre-Impact Committee","NA","NA","Business | Impact Committee","NA","NA","Business | Impact","NA","NA","Business | Series B","NA","NA","OM | Incubation","NA","NA","OM | Pre-Hacking Committee","NA","NA","OM | Hacking Committee","NA","NA","OM | Acceleration","NA","NA","OM | Pre-Impact Committee ","NA","NA","OM | Impact Committee","NA","NA","OM | Impact","NA","Ecosystem | Incubation","NA","NA","Ecosystem | Pre-Hacking Committee","NA","NA","Ecosystem | Hacking Committee","NA","NA","Ecosystem | Acceleration","NA","NA","Ecosystem | Pre-Impact Committee ","NA","NA","Ecosystem | Impact Committee","NA","NA","Ecosystem | Impact","NA","NA"
"642","OCP EPI Center 2.0","Notre engagement consiste à mettre en valeur la force de OCP, ce qui contribue directement à la Création d'une marque OCP.","28/10/2024","13/06/2025","001","*Soumission*","active","Health & Safety","0","SBU Mining Gantour","Soumission","28/10/2024","NA","Business (situation visant à générer des revenus)","Categorization","NA","NA","Ideation","NA","NA","Ideation | Demo Day ","NA","NA","Development","NA","NA","Business | Incubation","NA","NA","Business | Pre-Hacking Committee ","NA","NA","Business | Hacking Committee","NA","NA","Business | Acceleration","NA","NA","Business | Pre-Impact Committee","NA","NA","Business | Impact Committee","NA","NA","Business | Impact","NA","NA","Business | Series B","NA","NA","OM | Incubation","NA","NA","OM | Pre-Hacking Committee","NA","NA","OM | Hacking Committee","NA","NA","OM | Acceleration","NA","NA","OM | Pre-Impact Committee ","NA","NA","OM | Impact Committee","NA","NA","OM | Impact","NA","Ecosystem | Incubation","NA","NA","Ecosystem | Pre-Hacking Committee","NA","NA","Ecosystem | Hacking Committee","NA","NA","Ecosystem | Acceleration","NA","NA","Ecosystem | Pre-Impact Committee ","NA","NA","Ecosystem | Impact Committee","NA","NA","Ecosystem | Impact","NA","NA"
"643","Smart Water Management System","Le projet de gestion digitale de l’eau au Maroc vise à optimiser l’efficacité des réseaux de distribution de l'eau en intégrant des capteurs IoT pour surveiller en temps réel les fuites, la pression et le débit. Grâce à une plateforme d’analyse avancée.","31/10/2024","13/06/2025","004","Ideation","active","Water & Desalination","0","SBU Mining Khouribga","Soumission","31/10/2024","11/12/2024","Operating Model (situation visant à améliorer, optimiser ou changer des process, pratiques ou organisations de travail)","Categorization","NA","NA","Ideation","16/12/2024","21/03/2025","Ideation | Demo Day ","NA","NA","Development","NA","NA","Business | Incubation","NA","NA","Business | Pre-Hacking Committee ","NA","NA","Business | Hacking Committee","NA","NA","Business | Acceleration","NA","NA","Business | Pre-Impact Committee","NA","NA","Business | Impact Committee","NA","NA","Business | Impact","NA","NA","Business | Series B","NA","NA","OM | Incubation","NA","NA","OM | Pre-Hacking Committee","NA","NA","OM | Hacking Committee","NA","NA","OM | Acceleration","NA","NA","OM | Pre-Impact Committee ","NA","NA","OM | Impact Committee","NA","NA","OM | Impact","NA","Ecosystem | Incubation","NA","NA","Ecosystem | Pre-Hacking Committee","NA","NA","Ecosystem | Hacking Committee","NA","NA","Ecosystem | Acceleration","NA","NA","Ecosystem | Pre-Impact Committee ","NA","NA","Ecosystem | Impact Committee","NA","NA","Ecosystem | Impact","NA","NA"
"644","MY-SHIP","MY SHIP simplifie la gestion maritime avec des procédures informatisées normalisées, réduisant les tâches fastidieuses en saisissant les informations une seule fois. Il offre des rapports, statistiques et activités commerciales.","31/10/2024","13/06/2025","002","Ideation","active","Digital","0","SBU Manufacturig Safi","Soumission","31/10/2024","03/11/2024","Business (situation visant à générer des revenus)","Categorization","NA","NA","Ideation","16/12/2024","NA","Ideation | Demo Day ","NA","NA","Development","NA","NA","Business | Incubation","NA","NA","Business | Pre-Hacking Committee ","NA","NA","Business | Hacking Committee","NA","NA","Business | Acceleration","NA","NA","Business | Pre-Impact Committee","NA","NA","Business | Impact Committee","NA","NA","Business | Impact","NA","NA","Business | Series B","NA","NA","OM | Incubation","NA","NA","OM | Pre-Hacking Committee","NA","NA","OM | Hacking Committee","NA","NA","OM | Acceleration","NA","NA","OM | Pre-Impact Committee ","NA","NA","OM | Impact Committee","NA","NA","OM | Impact","NA","Ecosystem | Incubation","NA","NA","Ecosystem | Pre-Hacking Committee","NA","NA","Ecosystem | Hacking Committee","NA","NA","Ecosystem | Acceleration","NA","NA","Ecosystem | Pre-Impact Committee ","NA","NA","Ecosystem | Impact Committee","NA","NA","Ecosystem | Impact","NA","NA"
"645","E-sensibilisation","au niveau de Khouribga, site pilote en matière de promotion à la santé, notre équipe de médecins a déjà réalisé plusieurs campagnes de sensibilisation sur des sujets de santé, nous souhaitons via e-sensibilisation atteindre le maximum de la population.","31/10/2024","13/06/2025","004","Ideation","active","Health & Safety","0","SBU Mining Khouribga","Soumission","31/10/2024","03/11/2024","Operating Model (situation visant à améliorer, optimiser ou changer des process, pratiques ou organisations de travail)","Categorization","NA","NA","Ideation","17/12/2024","NA","Ideation | Demo Day ","NA","NA","Development","NA","NA","Business | Incubation","NA","NA","Business | Pre-Hacking Committee ","NA","NA","Business | Hacking Committee","NA","NA","Business | Acceleration","NA","NA","Business | Pre-Impact Committee","NA","NA","Business | Impact Committee","NA","NA","Business | Impact","NA","NA","Business | Series B","NA","NA","OM | Incubation","NA","NA","OM | Pre-Hacking Committee","NA","NA","OM | Hacking Committee","NA","NA","OM | Acceleration","NA","NA","OM | Pre-Impact Committee ","NA","NA","OM | Impact Committee","NA","NA","OM | Impact","NA","Ecosystem | Incubation","NA","NA","Ecosystem | Pre-Hacking Committee","NA","NA","Ecosystem | Hacking Committee","NA","NA","Ecosystem | Acceleration","NA","NA","Ecosystem | Pre-Impact Committee ","NA","NA","Ecosystem | Impact Committee","NA","NA","Ecosystem | Impact","NA","NA"
"646","Mémoire du Futur","L'Académie ""Mémoire du Futur"" sous forme d'une éco ferme pédagogique & thérapeutique alliant formation, agriculture durable, recherche et innovation. Elle promeut la sécurité alimentaire, le bien-être, la biodiversité et l'énergie renouvelable, et loisirs","31/10/2024","21/06/2025","002","Ideation","active","Sustainability","0","SBU Mining Khouribga","Soumission","31/10/2024","18/12/2024","Ecosystème (situation visant à créer de la valeur avec l’écosystème du groupe)","Categorization","NA","NA","Ideation","16/05/2025","NA","Ideation | Demo Day ","NA","NA","Development","NA","NA","Business | Incubation","NA","NA","Business | Pre-Hacking Committee ","NA","NA","Business | Hacking Committee","NA","NA","Business | Acceleration","NA","NA","Business | Pre-Impact Committee","NA","NA","Business | Impact Committee","NA","NA","Business | Impact","NA","NA","Business | Series B","NA","NA","OM | Incubation","NA","NA","OM | Pre-Hacking Committee","NA","NA","OM | Hacking Committee","NA","NA","OM | Acceleration","NA","NA","OM | Pre-Impact Committee ","NA","NA","OM | Impact Committee","NA","NA","OM | Impact","NA","Ecosystem | Incubation","NA","NA","Ecosystem | Pre-Hacking Committee","NA","NA","Ecosystem | Hacking Committee","NA","NA","Ecosystem | Acceleration","NA","NA","Ecosystem | Pre-Impact Committee ","NA","NA","Ecosystem | Impact Committee","NA","NA","Ecosystem | Impact","NA","NA"
"648","InService","L’idée est de créer une application qui rapproche les personnes à la recherche de services spécifiques et les professionnels qualifiés dans différents métiers. L’application faciliterait la connexion entre les utilisateurs et les prestataires de service","01/11/2024","13/06/2025","001","Ideation","active","Digital","0","SBU Mining Phosboucraa","Soumission","01/11/2024","18/12/2024","Business (situation visant à générer des revenus)","Categorization","NA","NA","Ideation","18/12/2024","28/01/2025","Ideation | Demo Day ","NA","NA","Development","NA","NA","Business | Incubation","NA","NA","Business | Pre-Hacking Committee ","NA","NA","Business | Hacking Committee","NA","NA","Business | Acceleration","NA","NA","Business | Pre-Impact Committee","NA","NA","Business | Impact Committee","NA","NA","Business | Impact","NA","NA","Business | Series B","NA","NA","OM | Incubation","NA","NA","OM | Pre-Hacking Committee","NA","NA","OM | Hacking Committee","NA","NA","OM | Acceleration","NA","NA","OM | Pre-Impact Committee ","NA","NA","OM | Impact Committee","NA","NA","OM | Impact","NA","Ecosystem | Incubation","NA","NA","Ecosystem | Pre-Hacking Committee","NA","NA","Ecosystem | Hacking Committee","NA","NA","Ecosystem | Acceleration","NA","NA","Ecosystem | Pre-Impact Committee ","NA","NA","Ecosystem | Impact Committee","NA","NA","Ecosystem | Impact","NA","NA"
"649","""ach t3raf dir""","pour la prise d'initiative et libération des idées créatifs et de valeurs ajoutées, mettre en place une plate-forme digitale avec un titre ""ach t3raf dir"" et/ou la ""ach baghi dir"", ""what do you want to do""  ""what you know how to do""_x000D_
","03/11/2024","25/06/2025","001","Ideation","active","Talent Development","0","SBU Mining Khouribga","Soumission","03/11/2024","03/11/2024","Business (situation visant à générer des revenus)","Categorization","NA","NA","Ideation","16/12/2024","NA","Ideation | Demo Day ","NA","NA","Development","NA","NA","Business | Incubation","NA","NA","Business | Pre-Hacking Committee ","NA","NA","Business | Hacking Committee","NA","NA","Business | Acceleration","NA","NA","Business | Pre-Impact Committee","NA","NA","Business | Impact Committee","NA","NA","Business | Impact","NA","NA","Business | Series B","NA","NA","OM | Incubation","NA","NA","OM | Pre-Hacking Committee","NA","NA","OM | Hacking Committee","NA","NA","OM | Acceleration","NA","NA","OM | Pre-Impact Committee ","NA","NA","OM | Impact Committee","NA","NA","OM | Impact","NA","Ecosystem | Incubation","NA","NA","Ecosystem | Pre-Hacking Committee","NA","NA","Ecosystem | Hacking Committee","NA","NA","Ecosystem | Acceleration","NA","NA","Ecosystem | Pre-Impact Committee ","NA","NA","Ecosystem | Impact Committee","NA","NA","Ecosystem | Impact","NA","NA"
"651","Injazz","Une plateforme SaaS par abonnement pour le soutien scolaire, du primaire au lycée. En s'appuyant sur UM6P, Lydex, OCP et 1337, et utilisant l'IA, elle personnalise les cours en fonction des besoins spécifiques des étudiants.","04/11/2024","13/06/2025","002","Ideation","active","Ecosystem","0","Corporate","Soumission","04/11/2024","04/11/2024","Ecosystème (situation visant à créer de la valeur avec l’écosystème du groupe)","Categorization","NA","NA","Ideation","16/12/2024","NA","Ideation | Demo Day ","NA","NA","Development","NA","NA","Business | Incubation","NA","NA","Business | Pre-Hacking Committee ","NA","NA","Business | Hacking Committee","NA","NA","Business | Acceleration","NA","NA","Business | Pre-Impact Committee","NA","NA","Business | Impact Committee","NA","NA","Business | Impact","NA","NA","Business | Series B","NA","NA","OM | Incubation","NA","NA","OM | Pre-Hacking Committee","NA","NA","OM | Hacking Committee","NA","NA","OM | Acceleration","NA","NA","OM | Pre-Impact Committee ","NA","NA","OM | Impact Committee","NA","NA","OM | Impact","NA","Ecosystem | Incubation","NA","NA","Ecosystem | Pre-Hacking Committee","NA","NA","Ecosystem | Hacking Committee","NA","NA","Ecosystem | Acceleration","NA","NA","Ecosystem | Pre-Impact Committee ","NA","NA","Ecosystem | Impact Committee","NA","NA","Ecosystem | Impact","NA","NA"
"652","Évacuation express=survivre","les toboggans de sauvetage au port de sont des équipements de sécurité vitaux pour permettre une évacuation rapide et sûre en cas d'urgence. Ils sont conçus pour être facilement  et _x000D_
accessibles  et utilisés par les membre d'équipage menus par des radeaux","05/11/2024","19/06/2025","007","Ideation","active","Health & Safety","0","SBU Mining Phosboucraa","Soumission","05/11/2024","10/12/2024","Operating Model (situation visant à améliorer, optimiser ou changer des process, pratiques ou organisations de travail)","Categorization","NA","NA","Ideation","12/12/2024","19/06/2025","Ideation | Demo Day ","NA","NA","Development","NA","NA","Business | Incubation","NA","NA","Business | Pre-Hacking Committee ","NA","NA","Business | Hacking Committee","NA","NA","Business | Acceleration","NA","NA","Business | Pre-Impact Committee","NA","NA","Business | Impact Committee","NA","NA","Business | Impact","NA","NA","Business | Series B","NA","NA","OM | Incubation","NA","NA","OM | Pre-Hacking Committee","NA","NA","OM | Hacking Committee","NA","NA","OM | Acceleration","NA","NA","OM | Pre-Impact Committee ","NA","NA","OM | Impact Committee","NA","NA","OM | Impact","NA","Ecosystem | Incubation","NA","NA","Ecosystem | Pre-Hacking Committee","NA","NA","Ecosystem | Hacking Committee","NA","NA","Ecosystem | Acceleration","NA","NA","Ecosystem | Pre-Impact Committee ","NA","NA","Ecosystem | Impact Committee","NA","NA","Ecosystem | Impact","NA","NA"
"653","échanges des expériences","création d une plate forme digitale pour le partage des expériences entre les collaborateur OCP","06/11/2024","13/06/2025","001","Ideation","active","Knowledge Management","0","SBU Manufacturing Jorf","Soumission","06/11/2024","06/11/2024","Operating Model (situation visant à améliorer, optimiser ou changer des process, pratiques ou organisations de travail)","Categorization","NA","NA","Ideation","16/12/2024","NA","Ideation | Demo Day ","NA","NA","Development","NA","NA","Business | Incubation","NA","NA","Business | Pre-Hacking Committee ","NA","NA","Business | Hacking Committee","NA","NA","Business | Acceleration","NA","NA","Business | Pre-Impact Committee","NA","NA","Business | Impact Committee","NA","NA","Business | Impact","NA","NA","Business | Series B","NA","NA","OM | Incubation","NA","NA","OM | Pre-Hacking Committee","NA","NA","OM | Hacking Committee","NA","NA","OM | Acceleration","NA","NA","OM | Pre-Impact Committee ","NA","NA","OM | Impact Committee","NA","NA","OM | Impact","NA","Ecosystem | Incubation","NA","NA","Ecosystem | Pre-Hacking Committee","NA","NA","Ecosystem | Hacking Committee","NA","NA","Ecosystem | Acceleration","NA","NA","Ecosystem | Pre-Impact Committee ","NA","NA","Ecosystem | Impact Committee","NA","NA","Ecosystem | Impact","NA","NA"
"654","Greenbooster","Notre projet vise a optimiser la production et la securité via l’automatisation et l’IA tout en fiabilisant les processus nous créons un environnement de travail plus sain avec de la verdure combinant ainsi performance, sécurité et wellbeing ","06/11/2024","21/06/2025","001","Ideation","active","Optimisation industrielle","0","SBU Manufacturing Jorf","Soumission","06/11/2024","06/11/2024","Operating Model (situation visant à améliorer, optimiser ou changer des process, pratiques ou organisations de travail)","Categorization","NA","NA","Ideation","16/05/2025","NA","Ideation | Demo Day ","NA","NA","Development","NA","NA","Business | Incubation","NA","NA","Business | Pre-Hacking Committee ","NA","NA","Business | Hacking Committee","NA","NA","Business | Acceleration","NA","NA","Business | Pre-Impact Committee","NA","NA","Business | Impact Committee","NA","NA","Business | Impact","NA","NA","Business | Series B","NA","NA","OM | Incubation","NA","NA","OM | Pre-Hacking Committee","NA","NA","OM | Hacking Committee","NA","NA","OM | Acceleration","NA","NA","OM | Pre-Impact Committee ","NA","NA","OM | Impact Committee","NA","NA","OM | Impact","NA","Ecosystem | Incubation","NA","NA","Ecosystem | Pre-Hacking Committee","NA","NA","Ecosystem | Hacking Committee","NA","NA","Ecosystem | Acceleration","NA","NA","Ecosystem | Pre-Impact Committee ","NA","NA","Ecosystem | Impact Committee","NA","NA","Ecosystem | Impact","NA","NA"
"659","Fan Village","Afin de loger les supporters attendus pour les deux évènements sportifs coupe d'Afrique des nations en 2025 et la coupe du monde 2030, et pour améliorer l'offre touristique au Maroc. _x000D_
Il s'agit d'un projet d'installation des villages de fans ._x000D_
","12/11/2024","13/06/2025","004","Ideation","active","Ecosystem","0","SBU Mining Phosboucraa","Soumission","12/11/2024","14/11/2024","Ecosystème (situation visant à créer de la valeur avec l’écosystème du groupe)","Categorization","NA","NA","Ideation","12/12/2024","NA","Ideation | Demo Day ","NA","NA","Development","NA","NA","Business | Incubation","NA","NA","Business | Pre-Hacking Committee ","NA","NA","Business | Hacking Committee","NA","NA","Business | Acceleration","NA","NA","Business | Pre-Impact Committee","NA","NA","Business | Impact Committee","NA","NA","Business | Impact","NA","NA","Business | Series B","NA","NA","OM | Incubation","NA","NA","OM | Pre-Hacking Committee","NA","NA","OM | Hacking Committee","NA","NA","OM | Acceleration","NA","NA","OM | Pre-Impact Committee ","NA","NA","OM | Impact Committee","NA","NA","OM | Impact","NA","Ecosystem | Incubation","NA","NA","Ecosystem | Pre-Hacking Committee","NA","NA","Ecosystem | Hacking Committee","NA","NA","Ecosystem | Acceleration","NA","NA","Ecosystem | Pre-Impact Committee ","NA","NA","Ecosystem | Impact Committee","NA","NA","Ecosystem | Impact","NA","NA"
"660","EcoCollect Solutions","EcoCollect Solutions accompagne les ateliers, garages et autres générateurs de déchets dangereux urbains dans leur gestion sécurisée via sensibilisation, collecte et stockage temporaire pour une élimination responsable, réduisant l'impact environnemental.","12/11/2024","13/06/2025","004","Ideation","active","Sustainability","0","SBU Mining Phosboucraa","Soumission","12/11/2024","20/11/2024","Ecosystème (situation visant à créer de la valeur avec l’écosystème du groupe)","Categorization","NA","NA","Ideation","16/12/2024","NA","Ideation | Demo Day ","NA","NA","Development","NA","NA","Business | Incubation","NA","NA","Business | Pre-Hacking Committee ","NA","NA","Business | Hacking Committee","NA","NA","Business | Acceleration","NA","NA","Business | Pre-Impact Committee","NA","NA","Business | Impact Committee","NA","NA","Business | Impact","NA","NA","Business | Series B","NA","NA","OM | Incubation","NA","NA","OM | Pre-Hacking Committee","NA","NA","OM | Hacking Committee","NA","NA","OM | Acceleration","NA","NA","OM | Pre-Impact Committee ","NA","NA","OM | Impact Committee","NA","NA","OM | Impact","NA","Ecosystem | Incubation","NA","NA","Ecosystem | Pre-Hacking Committee","NA","NA","Ecosystem | Hacking Committee","NA","NA","Ecosystem | Acceleration","NA","NA","Ecosystem | Pre-Impact Committee ","NA","NA","Ecosystem | Impact Committee","NA","NA","Ecosystem | Impact","NA","NA"
"663","intervention humanitaire","Notre situation se propose de monter un parcours de formation dédié aux métiers de l’humanitaire qui aura pour objectif de former les collaborateurs sur des thématiques aussi variées que les achats, la logistique, la finance ou encore le montage de projet","19/11/2024","13/06/2025","004","*Soumission*","active","Operating Model","0","Corporate","Soumission","19/11/2024","NA","Operating Model (situation visant à améliorer, optimiser ou changer des process, pratiques ou organisations de travail)","Categorization","NA","NA","Ideation","28/04/2025","NA","Ideation | Demo Day ","NA","NA","Development","NA","NA","Business | Incubation","NA","NA","Business | Pre-Hacking Committee ","NA","NA","Business | Hacking Committee","NA","NA","Business | Acceleration","NA","NA","Business | Pre-Impact Committee","NA","NA","Business | Impact Committee","NA","NA","Business | Impact","NA","NA","Business | Series B","NA","NA","OM | Incubation","NA","NA","OM | Pre-Hacking Committee","NA","NA","OM | Hacking Committee","NA","NA","OM | Acceleration","NA","NA","OM | Pre-Impact Committee ","NA","NA","OM | Impact Committee","NA","NA","OM | Impact","NA","Ecosystem | Incubation","NA","NA","Ecosystem | Pre-Hacking Committee","NA","NA","Ecosystem | Hacking Committee","NA","NA","Ecosystem | Acceleration","NA","NA","Ecosystem | Pre-Impact Committee ","NA","NA","Ecosystem | Impact Committee","NA","NA","Ecosystem | Impact","NA","NA"
"666","ahamri mohammed","Robot magnétique crawler pour l’opération de la lecture des tirants d’eau","21/11/2024","21/06/2025","001","Ideation","active","New Ways of working","0","SBU Manufacturing Jorf","Soumission","21/11/2024","21/11/2024","Operating Model (situation visant à améliorer, optimiser ou changer des process, pratiques ou organisations de travail)","Categorization","NA","NA","Ideation","16/05/2025","NA","Ideation | Demo Day ","NA","NA","Development","NA","NA","Business | Incubation","NA","NA","Business | Pre-Hacking Committee ","NA","NA","Business | Hacking Committee","NA","NA","Business | Acceleration","NA","NA","Business | Pre-Impact Committee","NA","NA","Business | Impact Committee","NA","NA","Business | Impact","NA","NA","Business | Series B","NA","NA","OM | Incubation","NA","NA","OM | Pre-Hacking Committee","NA","NA","OM | Hacking Committee","NA","NA","OM | Acceleration","NA","NA","OM | Pre-Impact Committee ","NA","NA","OM | Impact Committee","NA","NA","OM | Impact","NA","Ecosystem | Incubation","NA","NA","Ecosystem | Pre-Hacking Committee","NA","NA","Ecosystem | Hacking Committee","NA","NA","Ecosystem | Acceleration","NA","NA","Ecosystem | Pre-Impact Committee ","NA","NA","Ecosystem | Impact Committee","NA","NA","Ecosystem | Impact","NA","NA"
"669","ferme significatif des engrais","Création d'une ferme significatif pour présenter l'effet des engrais sur les plantes, cette ferme ca va être une ferme pour les visiteurs.  ","25/11/2024","26/06/2025","001","Categorization","active","Cost leadership","0","SBU Mining Khouribga","Soumission","25/11/2024","05/12/2024","Business (situation visant à générer des revenus)","Categorization","26/06/2025","26/06/2025","Ideation","16/05/2025","NA","Ideation | Demo Day ","NA","NA","Development","NA","NA","Business | Incubation","NA","NA","Business | Pre-Hacking Committee ","NA","NA","Business | Hacking Committee","NA","NA","Business | Acceleration","NA","NA","Business | Pre-Impact Committee","NA","NA","Business | Impact Committee","NA","NA","Business | Impact","NA","NA","Business | Series B","NA","NA","OM | Incubation","NA","NA","OM | Pre-Hacking Committee","NA","NA","OM | Hacking Committee","NA","NA","OM | Acceleration","NA","NA","OM | Pre-Impact Committee ","NA","NA","OM | Impact Committee","NA","NA","OM | Impact","NA","Ecosystem | Incubation","NA","NA","Ecosystem | Pre-Hacking Committee","NA","NA","Ecosystem | Hacking Committee","NA","NA","Ecosystem | Acceleration","NA","NA","Ecosystem | Pre-Impact Committee ","NA","NA","Ecosystem | Impact Committee","NA","NA","Ecosystem | Impact","NA","NA"
"671","DIGITAL  THR","système digitalisé pour traiter les donnes de travaux haut risque , et informer  les  service concerné pour réagir immédiatement    _x000D_
","25/11/2024","21/06/2025","002","Ideation","active","Digital","0","SBU Mining Khouribga","Soumission","25/11/2024","01/04/2025","Operating Model (situation visant à améliorer, optimiser ou changer des process, pratiques ou organisations de travail)","Categorization","NA","NA","Ideation","16/05/2025","NA","Ideation | Demo Day ","NA","NA","Development","NA","NA","Business | Incubation","NA","NA","Business | Pre-Hacking Committee ","NA","NA","Business | Hacking Committee","NA","NA","Business | Acceleration","NA","NA","Business | Pre-Impact Committee","NA","NA","Business | Impact Committee","NA","NA","Business | Impact","NA","NA","Business | Series B","NA","NA","OM | Incubation","NA","NA","OM | Pre-Hacking Committee","NA","NA","OM | Hacking Committee","NA","NA","OM | Acceleration","NA","NA","OM | Pre-Impact Committee ","NA","NA","OM | Impact Committee","NA","NA","OM | Impact","NA","Ecosystem | Incubation","NA","NA","Ecosystem | Pre-Hacking Committee","NA","NA","Ecosystem | Hacking Committee","NA","NA","Ecosystem | Acceleration","NA","NA","Ecosystem | Pre-Impact Committee ","NA","NA","Ecosystem | Impact Committee","NA","NA","Ecosystem | Impact","NA","NA"
"676","OCP Gears","       La situation « OCP Gear » a pour objectif de créer une structure capable de concevoir, de fabriquer et d’entretenir des réducteurs de vitesse pour les installations d’OCP d’une part et pour d’autres entreprises industrielles d’autre part.","29/11/2024","21/06/2025","001","Ideation","active","NA","0","NA","Soumission","29/11/2024","NA","Business (situation visant à générer des revenus)","Categorization","NA","NA","Ideation","11/06/2025","NA","Ideation | Demo Day ","NA","NA","Development","NA","NA","Business | Incubation","NA","NA","Business | Pre-Hacking Committee ","NA","NA","Business | Hacking Committee","NA","NA","Business | Acceleration","NA","NA","Business | Pre-Impact Committee","NA","NA","Business | Impact Committee","NA","NA","Business | Impact","NA","NA","Business | Series B","NA","NA","OM | Incubation","NA","NA","OM | Pre-Hacking Committee","NA","NA","OM | Hacking Committee","NA","NA","OM | Acceleration","NA","NA","OM | Pre-Impact Committee ","NA","NA","OM | Impact Committee","NA","NA","OM | Impact","NA","Ecosystem | Incubation","NA","NA","Ecosystem | Pre-Hacking Committee","NA","NA","Ecosystem | Hacking Committee","NA","NA","Ecosystem | Acceleration","NA","NA","Ecosystem | Pre-Impact Committee ","NA","NA","Ecosystem | Impact Committee","NA","NA","Ecosystem | Impact","NA","NA"
"677","InstruVeritas","Mettre en place un laboratoire de calibration et d'étalonnage est une initiative à forte valeur. Cela renforce la fiabilité des opérations, améliore la qualité des produits, et positionne l'entreprise comme un acteur de confiance des activités industriel","30/11/2024","13/06/2025","001","Ideation","active","Operating Model","0","SBU Manufacturing Jorf","Soumission","30/11/2024","13/12/2024","Operating Model (situation visant à améliorer, optimiser ou changer des process, pratiques ou organisations de travail)","Categorization","NA","NA","Ideation","16/05/2025","NA","Ideation | Demo Day ","NA","NA","Development","NA","NA","Business | Incubation","NA","NA","Business | Pre-Hacking Committee ","NA","NA","Business | Hacking Committee","NA","NA","Business | Acceleration","NA","NA","Business | Pre-Impact Committee","NA","NA","Business | Impact Committee","NA","NA","Business | Impact","NA","NA","Business | Series B","NA","NA","OM | Incubation","NA","NA","OM | Pre-Hacking Committee","NA","NA","OM | Hacking Committee","NA","NA","OM | Acceleration","NA","NA","OM | Pre-Impact Committee ","NA","NA","OM | Impact Committee","NA","NA","OM | Impact","NA","Ecosystem | Incubation","NA","NA","Ecosystem | Pre-Hacking Committee","NA","NA","Ecosystem | Hacking Committee","NA","NA","Ecosystem | Acceleration","NA","NA","Ecosystem | Pre-Impact Committee ","NA","NA","Ecosystem | Impact Committee","NA","NA","Ecosystem | Impact","NA","NA"
"680","EcoProspect","EcoProspect est une entreprise dédiée à la prospection et à l'exploitation de sources d'énergie renouvelable. Notre mission est de découvrir et de développer des projets innovants dans le domaine des énergies propres, telles que l'énergie solaire...","01/12/2024","13/06/2025","002","Ideation","active","Energy Solutions","0","SBU Mining Khouribga","Soumission","01/12/2024","06/12/2024","Business (situation visant à générer des revenus)","Categorization","NA","NA","Ideation","07/12/2024","13/01/2025","Ideation | Demo Day ","NA","NA","Development","NA","NA","Business | Incubation","NA","NA","Business | Pre-Hacking Committee ","NA","NA","Business | Hacking Committee","NA","NA","Business | Acceleration","NA","NA","Business | Pre-Impact Committee","NA","NA","Business | Impact Committee","NA","NA","Business | Impact","NA","NA","Business | Series B","NA","NA","OM | Incubation","NA","NA","OM | Pre-Hacking Committee","NA","NA","OM | Hacking Committee","NA","NA","OM | Acceleration","NA","NA","OM | Pre-Impact Committee ","NA","NA","OM | Impact Committee","NA","NA","OM | Impact","NA","Ecosystem | Incubation","NA","NA","Ecosystem | Pre-Hacking Committee","NA","NA","Ecosystem | Hacking Committee","NA","NA","Ecosystem | Acceleration","NA","NA","Ecosystem | Pre-Impact Committee ","NA","NA","Ecosystem | Impact Committee","NA","NA","Ecosystem | Impact","NA","NA"
"684","Solar Maintenance Solution"," Création d'une équipe spécialisée dans l’inspection et la maintenance des installations photovoltaïques (PV)._x000D_
Valoriser les compétences en maintenance des collaborateurs d'OCP afin de se diversifier et de se développer dans d'autres secteurs, notamment l","03/12/2024","26/06/2025","001","Ideation","active","Energy Solutions","0","SBU Manufacturig Safi","Soumission","03/12/2024","06/12/2024","Operating Model (situation visant à améliorer, optimiser ou changer des process, pratiques ou organisations de travail)","Categorization","NA","NA","Ideation","16/12/2024","26/06/2025","Ideation | Demo Day ","NA","NA","Development","NA","NA","Business | Incubation","NA","NA","Business | Pre-Hacking Committee ","NA","NA","Business | Hacking Committee","NA","NA","Business | Acceleration","NA","NA","Business | Pre-Impact Committee","NA","NA","Business | Impact Committee","NA","NA","Business | Impact","NA","NA","Business | Series B","NA","NA","OM | Incubation","NA","NA","OM | Pre-Hacking Committee","NA","NA","OM | Hacking Committee","NA","NA","OM | Acceleration","NA","NA","OM | Pre-Impact Committee ","NA","NA","OM | Impact Committee","NA","NA","OM | Impact","NA","Ecosystem | Incubation","NA","NA","Ecosystem | Pre-Hacking Committee","NA","NA","Ecosystem | Hacking Committee","NA","NA","Ecosystem | Acceleration","NA","NA","Ecosystem | Pre-Impact Committee ","NA","NA","Ecosystem | Impact Committee","NA","NA","Ecosystem | Impact","NA","NA"
"685","Digital mine","Création d'un espace vértiuelle d'une unité de production","03/12/2024","13/06/2025","003","*Soumission*","active","Digital","0","SBU Mining Phosboucraa","Soumission","03/12/2024","18/02/2025","Operating Model (situation visant à améliorer, optimiser ou changer des process, pratiques ou organisations de travail)","Categorization","NA","NA","Ideation","16/05/2025","NA","Ideation | Demo Day ","NA","NA","Development","NA","NA","Business | Incubation","NA","NA","Business | Pre-Hacking Committee ","NA","NA","Business | Hacking Committee","NA","NA","Business | Acceleration","NA","NA","Business | Pre-Impact Committee","NA","NA","Business | Impact Committee","NA","NA","Business | Impact","NA","NA","Business | Series B","NA","NA","OM | Incubation","NA","NA","OM | Pre-Hacking Committee","NA","NA","OM | Hacking Committee","NA","NA","OM | Acceleration","NA","NA","OM | Pre-Impact Committee ","NA","NA","OM | Impact Committee","NA","NA","OM | Impact","NA","Ecosystem | Incubation","NA","NA","Ecosystem | Pre-Hacking Committee","NA","NA","Ecosystem | Hacking Committee","NA","NA","Ecosystem | Acceleration","NA","NA","Ecosystem | Pre-Impact Committee ","NA","NA","Ecosystem | Impact Committee","NA","NA","Ecosystem | Impact","NA","NA"
"688","Dig MP1","Digitalisation des panneaux de consignation au niveau des lignes phosphorique MP1","03/12/2024","21/06/2025","004","Ideation","active","Digital","0","SBU Manufacturig Safi","Soumission","03/12/2024","19/05/2025","Operating Model (situation visant à améliorer, optimiser ou changer des process, pratiques ou organisations de travail)","Categorization","NA","NA","Ideation","16/05/2025","NA","Ideation | Demo Day ","NA","NA","Development","NA","NA","Business | Incubation","NA","NA","Business | Pre-Hacking Committee ","NA","NA","Business | Hacking Committee","NA","NA","Business | Acceleration","NA","NA","Business | Pre-Impact Committee","NA","NA","Business | Impact Committee","NA","NA","Business | Impact","NA","NA","Business | Series B","NA","NA","OM | Incubation","NA","NA","OM | Pre-Hacking Committee","NA","NA","OM | Hacking Committee","NA","NA","OM | Acceleration","NA","NA","OM | Pre-Impact Committee ","NA","NA","OM | Impact Committee","NA","NA","OM | Impact","NA","Ecosystem | Incubation","NA","NA","Ecosystem | Pre-Hacking Committee","NA","NA","Ecosystem | Hacking Committee","NA","NA","Ecosystem | Acceleration","NA","NA","Ecosystem | Pre-Impact Committee ","NA","NA","Ecosystem | Impact Committee","NA","NA","Ecosystem | Impact","NA","NA"
"689","Pêcheurs PRO","La pêche sportive est bien plus qu’un simple passe-temps : c’est une passion qui unit les amoureux de la nature et de la mer, dans un esprit de respect et de responsabilité.","03/12/2024","24/06/2025","002","*Soumission*","active","Ecosystem","0","SBU Mining Gantour","Soumission","03/12/2024","NA","Ecosystème (situation visant à créer de la valeur avec l’écosystème du groupe)","Categorization","NA","NA","Ideation","NA","NA","Ideation | Demo Day ","NA","NA","Development","NA","NA","Business | Incubation","NA","NA","Business | Pre-Hacking Committee ","NA","NA","Business | Hacking Committee","NA","NA","Business | Acceleration","NA","NA","Business | Pre-Impact Committee","NA","NA","Business | Impact Committee","NA","NA","Business | Impact","NA","NA","Business | Series B","NA","NA","OM | Incubation","NA","NA","OM | Pre-Hacking Committee","NA","NA","OM | Hacking Committee","NA","NA","OM | Acceleration","NA","NA","OM | Pre-Impact Committee ","NA","NA","OM | Impact Committee","NA","NA","OM | Impact","NA","Ecosystem | Incubation","NA","NA","Ecosystem | Pre-Hacking Committee","NA","NA","Ecosystem | Hacking Committee","NA","NA","Ecosystem | Acceleration","NA","NA","Ecosystem | Pre-Impact Committee ","NA","NA","Ecosystem | Impact Committee","NA","NA","Ecosystem | Impact","NA","NA"
"690","CAMEL MILK","Valorisation du lait et la viande de chamelle dans la province de LAAYOUNE","03/12/2024","21/06/2025","001","Ideation","active","Ecosystem","0","SBU Mining Phosboucraa","Soumission","03/12/2024","NA","Ecosystème (situation visant à créer de la valeur avec l’écosystème du groupe)","Categorization","NA","NA","Ideation","30/05/2025","NA","Ideation | Demo Day ","NA","NA","Development","NA","NA","Business | Incubation","NA","NA","Business | Pre-Hacking Committee ","NA","NA","Business | Hacking Committee","NA","NA","Business | Acceleration","NA","NA","Business | Pre-Impact Committee","NA","NA","Business | Impact Committee","NA","NA","Business | Impact","NA","NA","Business | Series B","NA","NA","OM | Incubation","NA","NA","OM | Pre-Hacking Committee","NA","NA","OM | Hacking Committee","NA","NA","OM | Acceleration","NA","NA","OM | Pre-Impact Committee ","NA","NA","OM | Impact Committee","NA","NA","OM | Impact","NA","Ecosystem | Incubation","NA","NA","Ecosystem | Pre-Hacking Committee","NA","NA","Ecosystem | Hacking Committee","NA","NA","Ecosystem | Acceleration","NA","NA","Ecosystem | Pre-Impact Committee ","NA","NA","Ecosystem | Impact Committee","NA","NA","Ecosystem | Impact","NA","NA"
"691","PrevenPsy","Le Centre de Psychologie  est dédié à la prévention et à la promotion de la santé mentale. Notre mission est de travailler en amont sur les facteurs de risque identifiés par les scientifiques dans le but de prévenir les problèmes de santé mentale","04/12/2024","17/06/2025","003","Ideation","active","Health & Safety","0","SBU Mining Gantour","Soumission","04/12/2024","04/12/2024","Ecosystème (situation visant à créer de la valeur avec l’écosystème du groupe)","Categorization","NA","NA","Ideation","16/12/2024","NA","Ideation | Demo Day ","NA","NA","Development","NA","NA","Business | Incubation","NA","NA","Business | Pre-Hacking Committee ","NA","NA","Business | Hacking Committee","NA","NA","Business | Acceleration","NA","NA","Business | Pre-Impact Committee","NA","NA","Business | Impact Committee","NA","NA","Business | Impact","NA","NA","Business | Series B","NA","NA","OM | Incubation","NA","NA","OM | Pre-Hacking Committee","NA","NA","OM | Hacking Committee","NA","NA","OM | Acceleration","NA","NA","OM | Pre-Impact Committee ","NA","NA","OM | Impact Committee","NA","NA","OM | Impact","NA","Ecosystem | Incubation","NA","NA","Ecosystem | Pre-Hacking Committee","NA","NA","Ecosystem | Hacking Committee","NA","NA","Ecosystem | Acceleration","NA","NA","Ecosystem | Pre-Impact Committee ","NA","NA","Ecosystem | Impact Committee","NA","NA","Ecosystem | Impact","NA","NA"
"692","MyHealth MyDMP","La création d'un DMP dossier médical persinnalisé et partageable entre le patient et le staff médical et paramédical de soins (médecins, établissement de soins, services médicales, kinésitherapeute, infirmiers ...), après accord du patient.","04/12/2024","13/06/2025","001","Ideation","active","Health & Safety","0","SBU Mining Phosboucraa","Soumission","04/12/2024","05/12/2024","Operating Model (situation visant à améliorer, optimiser ou changer des process, pratiques ou organisations de travail)","Categorization","NA","NA","Ideation","12/12/2024","15/05/2025","Ideation | Demo Day ","NA","NA","Development","NA","NA","Business | Incubation","NA","NA","Business | Pre-Hacking Committee ","NA","NA","Business | Hacking Committee","NA","NA","Business | Acceleration","NA","NA","Business | Pre-Impact Committee","NA","NA","Business | Impact Committee","NA","NA","Business | Impact","NA","NA","Business | Series B","NA","NA","OM | Incubation","NA","NA","OM | Pre-Hacking Committee","NA","NA","OM | Hacking Committee","NA","NA","OM | Acceleration","NA","NA","OM | Pre-Impact Committee ","NA","NA","OM | Impact Committee","NA","NA","OM | Impact","NA","Ecosystem | Incubation","NA","NA","Ecosystem | Pre-Hacking Committee","NA","NA","Ecosystem | Hacking Committee","NA","NA","Ecosystem | Acceleration","NA","NA","Ecosystem | Pre-Impact Committee ","NA","NA","Ecosystem | Impact Committee","NA","NA","Ecosystem | Impact","NA","NA"
"694","DS Torche","DS torche is a company that Makes big data under the microscope of the data science to telling the hiden story in data","05/12/2024","13/06/2025","001","Ideation","active","New Ways of working","0","Corporate","Soumission","05/12/2024","06/12/2024","Operating Model (situation visant à améliorer, optimiser ou changer des process, pratiques ou organisations de travail)","Categorization","NA","NA","Ideation","17/12/2024","NA","Ideation | Demo Day ","NA","NA","Development","NA","NA","Business | Incubation","NA","NA","Business | Pre-Hacking Committee ","NA","NA","Business | Hacking Committee","NA","NA","Business | Acceleration","NA","NA","Business | Pre-Impact Committee","NA","NA","Business | Impact Committee","NA","NA","Business | Impact","NA","NA","Business | Series B","NA","NA","OM | Incubation","NA","NA","OM | Pre-Hacking Committee","NA","NA","OM | Hacking Committee","NA","NA","OM | Acceleration","NA","NA","OM | Pre-Impact Committee ","NA","NA","OM | Impact Committee","NA","NA","OM | Impact","NA","Ecosystem | Incubation","NA","NA","Ecosystem | Pre-Hacking Committee","NA","NA","Ecosystem | Hacking Committee","NA","NA","Ecosystem | Acceleration","NA","NA","Ecosystem | Pre-Impact Committee ","NA","NA","Ecosystem | Impact Committee","NA","NA","Ecosystem | Impact","NA","NA"
"699","Green Ledger","OCP Coin : Une monnaie digitale innovante qui valorise les initiatives durables et renforce la transparence grâce à la blockchain. Ce projet transforme les opérations d’OCP, connectant actions écologiques, engagement communautaire et digitalisation","06/12/2024","21/06/2025","004","Ideation","active","Blockchain","0","SBU Mining Phosboucraa","Soumission","06/12/2024","NA","Ecosystème (situation visant à créer de la valeur avec l’écosystème du groupe)","Categorization","NA","NA","Ideation","16/12/2024","NA","Ideation | Demo Day ","NA","NA","Development","NA","NA","Business | Incubation","NA","NA","Business | Pre-Hacking Committee ","NA","NA","Business | Hacking Committee","NA","NA","Business | Acceleration","NA","NA","Business | Pre-Impact Committee","NA","NA","Business | Impact Committee","NA","NA","Business | Impact","NA","NA","Business | Series B","NA","NA","OM | Incubation","NA","NA","OM | Pre-Hacking Committee","NA","NA","OM | Hacking Committee","NA","NA","OM | Acceleration","NA","NA","OM | Pre-Impact Committee ","NA","NA","OM | Impact Committee","NA","NA","OM | Impact","NA","Ecosystem | Incubation","NA","NA","Ecosystem | Pre-Hacking Committee","NA","NA","Ecosystem | Hacking Committee","NA","NA","Ecosystem | Acceleration","NA","NA","Ecosystem | Pre-Impact Committee ","NA","NA","Ecosystem | Impact Committee","NA","NA","Ecosystem | Impact","NA","NA"
"700","GC DÉCHETS","La gestion et la commercialisation des déchets industriels sont des aspects clés de la stratégie de durabilité et de responsabilité environnementale, une gestion efficace permet de minimiser les coûts grâce à la revente et à la réutilisation des déchets ","06/12/2024","21/06/2025","001","Ideation","active","Recycling & Waste Management","0","SBU Mining Phosboucraa","Soumission","06/12/2024","NA","Business (situation visant à générer des revenus)","Categorization","NA","NA","Ideation","16/12/2024","NA","Ideation | Demo Day ","NA","NA","Development","NA","NA","Business | Incubation","NA","NA","Business | Pre-Hacking Committee ","NA","NA","Business | Hacking Committee","NA","NA","Business | Acceleration","NA","NA","Business | Pre-Impact Committee","NA","NA","Business | Impact Committee","NA","NA","Business | Impact","NA","NA","Business | Series B","NA","NA","OM | Incubation","NA","NA","OM | Pre-Hacking Committee","NA","NA","OM | Hacking Committee","NA","NA","OM | Acceleration","NA","NA","OM | Pre-Impact Committee ","NA","NA","OM | Impact Committee","NA","NA","OM | Impact","NA","Ecosystem | Incubation","NA","NA","Ecosystem | Pre-Hacking Committee","NA","NA","Ecosystem | Hacking Committee","NA","NA","Ecosystem | Acceleration","NA","NA","Ecosystem | Pre-Impact Committee ","NA","NA","Ecosystem | Impact Committee","NA","NA","Ecosystem | Impact","NA","NA"
"701","SECURELINK","""Le projet de Terminal de sûreté, facilite le signalement des incidents et accidents dans les zones industrielles, permettant une réaction rapide et une meilleure analyse des données. Il vise à renforcer la culture de la sécurité et à réduire les risques","06/12/2024","13/06/2025","002","Ideation","active","Operating Model","0","SBU Mining Phosboucraa","Soumission","06/12/2024","09/12/2024","Operating Model (situation visant à améliorer, optimiser ou changer des process, pratiques ou organisations de travail)","Categorization","NA","NA","Ideation","16/12/2024","28/12/2024","Ideation | Demo Day ","NA","NA","Development","NA","NA","Business | Incubation","NA","NA","Business | Pre-Hacking Committee ","NA","NA","Business | Hacking Committee","NA","NA","Business | Acceleration","NA","NA","Business | Pre-Impact Committee","NA","NA","Business | Impact Committee","NA","NA","Business | Impact","NA","NA","Business | Series B","NA","NA","OM | Incubation","NA","NA","OM | Pre-Hacking Committee","NA","NA","OM | Hacking Committee","NA","NA","OM | Acceleration","NA","NA","OM | Pre-Impact Committee ","NA","NA","OM | Impact Committee","NA","NA","OM | Impact","NA","Ecosystem | Incubation","NA","NA","Ecosystem | Pre-Hacking Committee","NA","NA","Ecosystem | Hacking Committee","NA","NA","Ecosystem | Acceleration","NA","NA","Ecosystem | Pre-Impact Committee ","NA","NA","Ecosystem | Impact Committee","NA","NA","Ecosystem | Impact","NA","NA"
"704","Mouvement Stand Up","TEDX est un événement de prise de parole en public pour améliorer les compétences et les initiatives et les objectifs de chaque équipe du groupe OCP et pour avoir un grand futur dans le développement durable du groupe OCP","09/12/2024","16/05/2025","001","Ideation","active","NA","0","NA","Soumission","09/12/2024","09/12/2024","Operating Model (situation visant à améliorer, optimiser ou changer des process, pratiques ou organisations de travail)","Categorization","NA","NA","Ideation","09/12/2024","31/01/2025","Ideation | Demo Day ","NA","NA","Development","NA","NA","Business | Incubation","NA","NA","Business | Pre-Hacking Committee ","NA","NA","Business | Hacking Committee","NA","NA","Business | Acceleration","NA","NA","Business | Pre-Impact Committee","NA","NA","Business | Impact Committee","NA","NA","Business | Impact","NA","NA","Business | Series B","NA","NA","OM | Incubation","NA","NA","OM | Pre-Hacking Committee","NA","NA","OM | Hacking Committee","NA","NA","OM | Acceleration","NA","NA","OM | Pre-Impact Committee ","NA","NA","OM | Impact Committee","NA","NA","OM | Impact","NA","Ecosystem | Incubation","NA","NA","Ecosystem | Pre-Hacking Committee","NA","NA","Ecosystem | Hacking Committee","NA","NA","Ecosystem | Acceleration","NA","NA","Ecosystem | Pre-Impact Committee ","NA","NA","Ecosystem | Impact Committee","NA","NA","Ecosystem | Impact","NA","NA"
"705","OCP SEMI-MARATHON DE SAFI","Organisons un semi-marathon à Safi, mêlant sport et culture. Cet événement dynamisera l'économie locale, valorisera le patrimoine et encouragera un mode de vie sain. Avec un parcours durable et une course de 10 km, il rassemblera amateurs et pro","10/12/2024","13/06/2025","011","Ideation","active","Evènementiel","0","SBU Manufacturig Safi","Soumission","10/12/2024","10/12/2024","Ecosystème (situation visant à créer de la valeur avec l’écosystème du groupe)","Categorization","NA","NA","Ideation","16/12/2024","20/03/2025","Ideation | Demo Day ","NA","NA","Development","NA","NA","Business | Incubation","NA","NA","Business | Pre-Hacking Committee ","NA","NA","Business | Hacking Committee","NA","NA","Business | Acceleration","NA","NA","Business | Pre-Impact Committee","NA","NA","Business | Impact Committee","NA","NA","Business | Impact","NA","NA","Business | Series B","NA","NA","OM | Incubation","NA","NA","OM | Pre-Hacking Committee","NA","NA","OM | Hacking Committee","NA","NA","OM | Acceleration","NA","NA","OM | Pre-Impact Committee ","NA","NA","OM | Impact Committee","NA","NA","OM | Impact","NA","Ecosystem | Incubation","NA","NA","Ecosystem | Pre-Hacking Committee","NA","NA","Ecosystem | Hacking Committee","NA","NA","Ecosystem | Acceleration","NA","NA","Ecosystem | Pre-Impact Committee ","NA","NA","Ecosystem | Impact Committee","NA","NA","Ecosystem | Impact","NA","NA"
"707","PLAY ARENA","PLAY ARENA est un espace de jeux videos de divertissement favorisant l'apprentissage de compétences techniques, stratégiques, & scientifiques, dans un environnement propice & académique, visant la création de communautés virtuelles solides de tous âges.","11/12/2024","21/06/2025","001","Ideation","active","NA","0","SBU Manufacturing Jorf","Soumission","11/12/2024","30/01/2025","Ecosystème (situation visant à créer de la valeur avec l’écosystème du groupe)","Categorization","NA","NA","Ideation","16/05/2025","NA","Ideation | Demo Day ","NA","NA","Development","NA","NA","Business | Incubation","NA","NA","Business | Pre-Hacking Committee ","NA","NA","Business | Hacking Committee","NA","NA","Business | Acceleration","NA","NA","Business | Pre-Impact Committee","NA","NA","Business | Impact Committee","NA","NA","Business | Impact","NA","NA","Business | Series B","NA","NA","OM | Incubation","NA","NA","OM | Pre-Hacking Committee","NA","NA","OM | Hacking Committee","NA","NA","OM | Acceleration","NA","NA","OM | Pre-Impact Committee ","NA","NA","OM | Impact Committee","NA","NA","OM | Impact","NA","Ecosystem | Incubation","NA","NA","Ecosystem | Pre-Hacking Committee","NA","NA","Ecosystem | Hacking Committee","NA","NA","Ecosystem | Acceleration","NA","NA","Ecosystem | Pre-Impact Committee ","NA","NA","Ecosystem | Impact Committee","NA","NA","Ecosystem | Impact","NA","NA"
"708","Camion Évacu'Action","_x000D_
Le projet Évacu'Action transforme les exercices d'évacuation en moments de joie avec spectacles musicaux ou comédiens, suivis d’un message motivant du directeur ou responsable. Objectif : allier sécurité, convivialité et engagement .","11/12/2024","13/06/2025","003","Ideation","active","Ecosystem","0","SBU Mining Khouribga","Soumission","11/12/2024","12/12/2024","Ecosystème (situation visant à créer de la valeur avec l’écosystème du groupe)","Categorization","NA","NA","Ideation","16/12/2024","NA","Ideation | Demo Day ","NA","NA","Development","NA","NA","Business | Incubation","NA","NA","Business | Pre-Hacking Committee ","NA","NA","Business | Hacking Committee","NA","NA","Business | Acceleration","NA","NA","Business | Pre-Impact Committee","NA","NA","Business | Impact Committee","NA","NA","Business | Impact","NA","NA","Business | Series B","NA","NA","OM | Incubation","NA","NA","OM | Pre-Hacking Committee","NA","NA","OM | Hacking Committee","NA","NA","OM | Acceleration","NA","NA","OM | Pre-Impact Committee ","NA","NA","OM | Impact Committee","NA","NA","OM | Impact","NA","Ecosystem | Incubation","NA","NA","Ecosystem | Pre-Hacking Committee","NA","NA","Ecosystem | Hacking Committee","NA","NA","Ecosystem | Acceleration","NA","NA","Ecosystem | Pre-Impact Committee ","NA","NA","Ecosystem | Impact Committee","NA","NA","Ecosystem | Impact","NA","NA"
"710","Fixed Asset","En tant que responsable de suivi des immobilisations au sein d'OCP SA Safi,  et un ex superviseur des travaux des grands projets, on rencontre souvent des problèmes de gestion des équipements, ma participation et de faire face à ce problème.","12/12/2024","13/06/2025","002","Ideation","active","NA","0","SBU Manufacturig Safi","Soumission","12/12/2024","12/12/2024","Operating Model (situation visant à améliorer, optimiser ou changer des process, pratiques ou organisations de travail)","Categorization","NA","NA","Ideation","12/12/2024","NA","Ideation | Demo Day ","NA","NA","Development","NA","NA","Business | Incubation","NA","NA","Business | Pre-Hacking Committee ","NA","NA","Business | Hacking Committee","NA","NA","Business | Acceleration","NA","NA","Business | Pre-Impact Committee","NA","NA","Business | Impact Committee","NA","NA","Business | Impact","NA","NA","Business | Series B","NA","NA","OM | Incubation","NA","NA","OM | Pre-Hacking Committee","NA","NA","OM | Hacking Committee","NA","NA","OM | Acceleration","NA","NA","OM | Pre-Impact Committee ","NA","NA","OM | Impact Committee","NA","NA","OM | Impact","NA","Ecosystem | Incubation","NA","NA","Ecosystem | Pre-Hacking Committee","NA","NA","Ecosystem | Hacking Committee","NA","NA","Ecosystem | Acceleration","NA","NA","Ecosystem | Pre-Impact Committee ","NA","NA","Ecosystem | Impact Committee","NA","NA","Ecosystem | Impact","NA","NA"
"711","LocaCollabor","Dans le programme ""Mouvement,"" j’ai contribué en apportant mon énergie et mes compétences pour atteindre les objectifs, en soutenant des initiatives de développement et en favorisant un environnement de progression continue._x000D_
","13/12/2024","13/06/2025","001","Ideation","active","Digital","0","SBU Mining Phosboucraa","Soumission","13/12/2024","14/12/2024","Business (situation visant à générer des revenus)","Categorization","NA","NA","Ideation","16/12/2024","NA","Ideation | Demo Day ","NA","NA","Development","NA","NA","Business | Incubation","NA","NA","Business | Pre-Hacking Committee ","NA","NA","Business | Hacking Committee","NA","NA","Business | Acceleration","NA","NA","Business | Pre-Impact Committee","NA","NA","Business | Impact Committee","NA","NA","Business | Impact","NA","NA","Business | Series B","NA","NA","OM | Incubation","NA","NA","OM | Pre-Hacking Committee","NA","NA","OM | Hacking Committee","NA","NA","OM | Acceleration","NA","NA","OM | Pre-Impact Committee ","NA","NA","OM | Impact Committee","NA","NA","OM | Impact","NA","Ecosystem | Incubation","NA","NA","Ecosystem | Pre-Hacking Committee","NA","NA","Ecosystem | Hacking Committee","NA","NA","Ecosystem | Acceleration","NA","NA","Ecosystem | Pre-Impact Committee ","NA","NA","Ecosystem | Impact Committee","NA","NA","Ecosystem | Impact","NA","NA"
"712","MSW: Mobile Sea Water","Ce projet vise à développer des appareils mobiles innovants pour le dessalement de l’eau de mer, répondant au besoin croissant d’eau potable dans des régions à forte pénurie d’eau. ","14/12/2024","13/06/2025","001","Ideation","active","Water & Desalination","0","SBU Mining Khouribga","Soumission","14/12/2024","14/12/2024","Ecosystème (situation visant à créer de la valeur avec l’écosystème du groupe)","Categorization","NA","NA","Ideation","16/12/2024","NA","Ideation | Demo Day ","NA","NA","Development","NA","NA","Business | Incubation","NA","NA","Business | Pre-Hacking Committee ","NA","NA","Business | Hacking Committee","NA","NA","Business | Acceleration","NA","NA","Business | Pre-Impact Committee","NA","NA","Business | Impact Committee","NA","NA","Business | Impact","NA","NA","Business | Series B","NA","NA","OM | Incubation","NA","NA","OM | Pre-Hacking Committee","NA","NA","OM | Hacking Committee","NA","NA","OM | Acceleration","NA","NA","OM | Pre-Impact Committee ","NA","NA","OM | Impact Committee","NA","NA","OM | Impact","NA","Ecosystem | Incubation","NA","NA","Ecosystem | Pre-Hacking Committee","NA","NA","Ecosystem | Hacking Committee","NA","NA","Ecosystem | Acceleration","NA","NA","Ecosystem | Pre-Impact Committee ","NA","NA","Ecosystem | Impact Committee","NA","NA","Ecosystem | Impact","NA","NA"
"713","Carte électronique solution","L’objectif de cette idée est de contribuer activement à la réparation et au maintien des cartes électroniques, en appliquant des compétences techniques avancées et en respectant les standards de qualité de l’entreprise. _x000D_
","15/12/2024","13/06/2025","004","Ideation","active","NA","0","SBU Mining Phosboucraa","Soumission","15/12/2024","18/12/2024","Operating Model (situation visant à améliorer, optimiser ou changer des process, pratiques ou organisations de travail)","Categorization","NA","NA","Ideation","16/05/2025","NA","Ideation | Demo Day ","NA","NA","Development","NA","NA","Business | Incubation","NA","NA","Business | Pre-Hacking Committee ","NA","NA","Business | Hacking Committee","NA","NA","Business | Acceleration","NA","NA","Business | Pre-Impact Committee","NA","NA","Business | Impact Committee","NA","NA","Business | Impact","NA","NA","Business | Series B","NA","NA","OM | Incubation","NA","NA","OM | Pre-Hacking Committee","NA","NA","OM | Hacking Committee","NA","NA","OM | Acceleration","NA","NA","OM | Pre-Impact Committee ","NA","NA","OM | Impact Committee","NA","NA","OM | Impact","NA","Ecosystem | Incubation","NA","NA","Ecosystem | Pre-Hacking Committee","NA","NA","Ecosystem | Hacking Committee","NA","NA","Ecosystem | Acceleration","NA","NA","Ecosystem | Pre-Impact Committee ","NA","NA","Ecosystem | Impact Committee","NA","NA","Ecosystem | Impact","NA","NA"
"714","OCP QualityEdge Solutions","OCP QualityEdge Solutions vise à fournir des chimistes qualifiés, offrir un service d'échantillonnage accrédité et créer un laboratoire accrédité pour l'analyse des phosphates, garantissant la fiabilité, la stabilité et la représentativité des résultats","16/12/2024","19/06/2025","007","Ideation","active","Expertise","0","SBU Mining Phosboucraa","Soumission","16/12/2024","16/12/2024","Business (situation visant à générer des revenus)","Categorization","NA","NA","Ideation","16/12/2024","NA","Ideation | Demo Day ","NA","NA","Development","NA","NA","Business | Incubation","NA","NA","Business | Pre-Hacking Committee ","NA","NA","Business | Hacking Committee","NA","NA","Business | Acceleration","NA","NA","Business | Pre-Impact Committee","NA","NA","Business | Impact Committee","NA","NA","Business | Impact","NA","NA","Business | Series B","NA","NA","OM | Incubation","NA","NA","OM | Pre-Hacking Committee","NA","NA","OM | Hacking Committee","NA","NA","OM | Acceleration","NA","NA","OM | Pre-Impact Committee ","NA","NA","OM | Impact Committee","NA","NA","OM | Impact","NA","Ecosystem | Incubation","NA","NA","Ecosystem | Pre-Hacking Committee","NA","NA","Ecosystem | Hacking Committee","NA","NA","Ecosystem | Acceleration","NA","NA","Ecosystem | Pre-Impact Committee ","NA","NA","Ecosystem | Impact Committee","NA","NA","Ecosystem | Impact","NA","NA"
"715","SEIA","Des solutions innovantes pour lutter contre le décrochage scolaire et la migration clandestine","16/12/2024","13/06/2025","001","Ideation","active","Ecosystem","0","SBU Mining Khouribga","Soumission","16/12/2024","16/12/2024","Ecosystème (situation visant à créer de la valeur avec l’écosystème du groupe)","Categorization","NA","NA","Ideation","16/12/2024","NA","Ideation | Demo Day ","NA","NA","Development","NA","NA","Business | Incubation","NA","NA","Business | Pre-Hacking Committee ","NA","NA","Business | Hacking Committee","NA","NA","Business | Acceleration","NA","NA","Business | Pre-Impact Committee","NA","NA","Business | Impact Committee","NA","NA","Business | Impact","NA","NA","Business | Series B","NA","NA","OM | Incubation","NA","NA","OM | Pre-Hacking Committee","NA","NA","OM | Hacking Committee","NA","NA","OM | Acceleration","NA","NA","OM | Pre-Impact Committee ","NA","NA","OM | Impact Committee","NA","NA","OM | Impact","NA","Ecosystem | Incubation","NA","NA","Ecosystem | Pre-Hacking Committee","NA","NA","Ecosystem | Hacking Committee","NA","NA","Ecosystem | Acceleration","NA","NA","Ecosystem | Pre-Impact Committee ","NA","NA","Ecosystem | Impact Committee","NA","NA","Ecosystem | Impact","NA","NA"
"716","La Solution Cellulaire","Le béton cellulaire possède des caractéristiques propres qui lui confèrent de plus en plus de succès. C’est en effet un matériau léger, isolant, ininflammable, très facile à utiliser en intérieur comme à l’extérieur dans les constructions modernes.","16/12/2024","13/06/2025","001","Ideation","active","Génie civil","0","SBU Manufacturing Jorf","Soumission","16/12/2024","16/12/2024","Business (situation visant à générer des revenus)","Categorization","NA","NA","Ideation","16/12/2024","08/01/2025","Ideation | Demo Day ","NA","NA","Development","NA","NA","Business | Incubation","NA","NA","Business | Pre-Hacking Committee ","NA","NA","Business | Hacking Committee","NA","NA","Business | Acceleration","NA","NA","Business | Pre-Impact Committee","NA","NA","Business | Impact Committee","NA","NA","Business | Impact","NA","NA","Business | Series B","NA","NA","OM | Incubation","NA","NA","OM | Pre-Hacking Committee","NA","NA","OM | Hacking Committee","NA","NA","OM | Acceleration","NA","NA","OM | Pre-Impact Committee ","NA","NA","OM | Impact Committee","NA","NA","OM | Impact","NA","Ecosystem | Incubation","NA","NA","Ecosystem | Pre-Hacking Committee","NA","NA","Ecosystem | Hacking Committee","NA","NA","Ecosystem | Acceleration","NA","NA","Ecosystem | Pre-Impact Committee ","NA","NA","Ecosystem | Impact Committee","NA","NA","Ecosystem | Impact","NA","NA"
"717","Crédit Carbone Gantour","Réduire de manière drastique et rapide les émissions de gaz à effet de serre tout en finançant des projets de préservation et de création de puits de carbone au sein de la zone minière de Gantour.","16/12/2024","13/06/2025","003","Ideation","active","Sustainability","0","SBU Mining Gantour","Soumission","16/12/2024","16/12/2024","Ecosystème (situation visant à créer de la valeur avec l’écosystème du groupe)","Categorization","NA","NA","Ideation","17/12/2024","NA","Ideation | Demo Day ","NA","NA","Development","NA","NA","Business | Incubation","NA","NA","Business | Pre-Hacking Committee ","NA","NA","Business | Hacking Committee","NA","NA","Business | Acceleration","NA","NA","Business | Pre-Impact Committee","NA","NA","Business | Impact Committee","NA","NA","Business | Impact","NA","NA","Business | Series B","NA","NA","OM | Incubation","NA","NA","OM | Pre-Hacking Committee","NA","NA","OM | Hacking Committee","NA","NA","OM | Acceleration","NA","NA","OM | Pre-Impact Committee ","NA","NA","OM | Impact Committee","NA","NA","OM | Impact","NA","Ecosystem | Incubation","NA","NA","Ecosystem | Pre-Hacking Committee","NA","NA","Ecosystem | Hacking Committee","NA","NA","Ecosystem | Acceleration","NA","NA","Ecosystem | Pre-Impact Committee ","NA","NA","Ecosystem | Impact Committee","NA","NA","Ecosystem | Impact","NA","NA"
"718","FertiGrow","Notre situation vise à lancer une brand  ""garden fertlizers'' sur Amazon FBA, marquant une transition  du B2B vers le B2C. Ce modèle nous permet d'accéder directement aux consommateurs , d'optimiser la logistique avec des livraisons rapides .","16/12/2024","13/06/2025","003","Ideation","active","Fertilizers & Farmers Solutions","0","SBU Mining Phosboucraa","Soumission","16/12/2024","17/12/2024","Business (situation visant à générer des revenus)","Categorization","NA","NA","Ideation","17/12/2024","09/02/2025","Ideation | Demo Day ","NA","NA","Development","NA","NA","Business | Incubation","NA","NA","Business | Pre-Hacking Committee ","NA","NA","Business | Hacking Committee","NA","NA","Business | Acceleration","NA","NA","Business | Pre-Impact Committee","NA","NA","Business | Impact Committee","NA","NA","Business | Impact","NA","NA","Business | Series B","NA","NA","OM | Incubation","NA","NA","OM | Pre-Hacking Committee","NA","NA","OM | Hacking Committee","NA","NA","OM | Acceleration","NA","NA","OM | Pre-Impact Committee ","NA","NA","OM | Impact Committee","NA","NA","OM | Impact","NA","Ecosystem | Incubation","NA","NA","Ecosystem | Pre-Hacking Committee","NA","NA","Ecosystem | Hacking Committee","NA","NA","Ecosystem | Acceleration","NA","NA","Ecosystem | Pre-Impact Committee ","NA","NA","Ecosystem | Impact Committee","NA","NA","Ecosystem | Impact","NA","NA"
"719","AQUABIOTIC","Traitement des eaux des digues pour récupération du P et réutilisation de l'eau emprisonné.","17/12/2024","13/06/2025","002","Ideation","active","Water & Desalination","0","SBU Mining Khouribga","Soumission","17/12/2024","17/12/2024","Operating Model (situation visant à améliorer, optimiser ou changer des process, pratiques ou organisations de travail)","Categorization","NA","NA","Ideation","17/12/2024","NA","Ideation | Demo Day ","NA","NA","Development","NA","NA","Business | Incubation","NA","NA","Business | Pre-Hacking Committee ","NA","NA","Business | Hacking Committee","NA","NA","Business | Acceleration","NA","NA","Business | Pre-Impact Committee","NA","NA","Business | Impact Committee","NA","NA","Business | Impact","NA","NA","Business | Series B","NA","NA","OM | Incubation","NA","NA","OM | Pre-Hacking Committee","NA","NA","OM | Hacking Committee","NA","NA","OM | Acceleration","NA","NA","OM | Pre-Impact Committee ","NA","NA","OM | Impact Committee","NA","NA","OM | Impact","NA","Ecosystem | Incubation","NA","NA","Ecosystem | Pre-Hacking Committee","NA","NA","Ecosystem | Hacking Committee","NA","NA","Ecosystem | Acceleration","NA","NA","Ecosystem | Pre-Impact Committee ","NA","NA","Ecosystem | Impact Committee","NA","NA","Ecosystem | Impact","NA","NA"
"720","RootUP","Enrobage destiné aux semences avec des microorganismes fixatrices du N pour pouvoir augmenter la consommation de nos produits P.","17/12/2024","13/06/2025","001","Ideation","active","Fertilizers & Farmers Solutions","0","SBU Mining Khouribga","Soumission","17/12/2024","12/05/2025","Business (situation visant à générer des revenus)","Categorization","NA","NA","Ideation","12/05/2025","NA","Ideation | Demo Day ","NA","NA","Development","NA","NA","Business | Incubation","NA","NA","Business | Pre-Hacking Committee ","NA","NA","Business | Hacking Committee","NA","NA","Business | Acceleration","NA","NA","Business | Pre-Impact Committee","NA","NA","Business | Impact Committee","NA","NA","Business | Impact","NA","NA","Business | Series B","NA","NA","OM | Incubation","NA","NA","OM | Pre-Hacking Committee","NA","NA","OM | Hacking Committee","NA","NA","OM | Acceleration","NA","NA","OM | Pre-Impact Committee ","NA","NA","OM | Impact Committee","NA","NA","OM | Impact","NA","Ecosystem | Incubation","NA","NA","Ecosystem | Pre-Hacking Committee","NA","NA","Ecosystem | Hacking Committee","NA","NA","Ecosystem | Acceleration","NA","NA","Ecosystem | Pre-Impact Committee ","NA","NA","Ecosystem | Impact Committee","NA","NA","Ecosystem | Impact","NA","NA"
"721","UPdown","Commande à distance des treuils d'installation via une application mobile installée sur les smartphones des opérateurs ,avec un système d'identification sécurisée et nécessitant  la validation préalable de tous les intervenants_x000D_
 ","17/12/2024","26/06/2025","002","Categorization","active","Optimisation industrielle","0","SBU Mining Khouribga","Soumission","17/12/2024","18/12/2024","Business (situation visant à générer des revenus)","Categorization","26/06/2025","26/06/2025","Ideation","16/05/2025","NA","Ideation | Demo Day ","NA","NA","Development","NA","NA","Business | Incubation","NA","NA","Business | Pre-Hacking Committee ","NA","NA","Business | Hacking Committee","NA","NA","Business | Acceleration","NA","NA","Business | Pre-Impact Committee","NA","NA","Business | Impact Committee","NA","NA","Business | Impact","NA","NA","Business | Series B","NA","NA","OM | Incubation","NA","NA","OM | Pre-Hacking Committee","NA","NA","OM | Hacking Committee","NA","NA","OM | Acceleration","NA","NA","OM | Pre-Impact Committee ","NA","NA","OM | Impact Committee","NA","NA","OM | Impact","NA","Ecosystem | Incubation","NA","NA","Ecosystem | Pre-Hacking Committee","NA","NA","Ecosystem | Hacking Committee","NA","NA","Ecosystem | Acceleration","NA","NA","Ecosystem | Pre-Impact Committee ","NA","NA","Ecosystem | Impact Committee","NA","NA","Ecosystem | Impact","NA","NA"
"722","Yakoot","Cette application lutte contre le harcèlement des femmes en milieu professionnel en permettant de signaler les cas de manière confidentielle, d'accéder à des ressources fiables et de sensibiliser sur les droits et devoirs pour un environnement de travail","17/12/2024","26/06/2025","001","Categorization","active","NA","0","SBU Manufacturing Jorf","Soumission","17/12/2024","17/12/2024","Ecosystème (situation visant à créer de la valeur avec l’écosystème du groupe)","Categorization","26/06/2025","26/06/2025","Ideation","16/05/2025","NA","Ideation | Demo Day ","NA","NA","Development","NA","NA","Business | Incubation","NA","NA","Business | Pre-Hacking Committee ","NA","NA","Business | Hacking Committee","NA","NA","Business | Acceleration","NA","NA","Business | Pre-Impact Committee","NA","NA","Business | Impact Committee","NA","NA","Business | Impact","NA","NA","Business | Series B","NA","NA","OM | Incubation","NA","NA","OM | Pre-Hacking Committee","NA","NA","OM | Hacking Committee","NA","NA","OM | Acceleration","NA","NA","OM | Pre-Impact Committee ","NA","NA","OM | Impact Committee","NA","NA","OM | Impact","NA","Ecosystem | Incubation","NA","NA","Ecosystem | Pre-Hacking Committee","NA","NA","Ecosystem | Hacking Committee","NA","NA","Ecosystem | Acceleration","NA","NA","Ecosystem | Pre-Impact Committee ","NA","NA","Ecosystem | Impact Committee","NA","NA","Ecosystem | Impact","NA","NA"
"723","Safi-Innovation","SMART SURVEILLANT une solution numérique intelligente capable de :_x000D_
  - Surveiller en temps réel conditions environnementales ( Gaz , température , humidité)._x000D_
  - Suivre l’état des travailleurs dans les zones confines._x000D_
  - Envoyer des alertes automatique ","18/12/2024","26/06/2025","002","Categorization","active","NA","0","SBU Manufacturig Safi","Soumission","18/12/2024","22/04/2025","Operating Model (situation visant à améliorer, optimiser ou changer des process, pratiques ou organisations de travail)","Categorization","26/06/2025","26/06/2025","Ideation","16/05/2025","NA","Ideation | Demo Day ","NA","NA","Development","NA","NA","Business | Incubation","NA","NA","Business | Pre-Hacking Committee ","NA","NA","Business | Hacking Committee","NA","NA","Business | Acceleration","NA","NA","Business | Pre-Impact Committee","NA","NA","Business | Impact Committee","NA","NA","Business | Impact","NA","NA","Business | Series B","NA","NA","OM | Incubation","NA","NA","OM | Pre-Hacking Committee","NA","NA","OM | Hacking Committee","NA","NA","OM | Acceleration","NA","NA","OM | Pre-Impact Committee ","NA","NA","OM | Impact Committee","NA","NA","OM | Impact","NA","Ecosystem | Incubation","NA","NA","Ecosystem | Pre-Hacking Committee","NA","NA","Ecosystem | Hacking Committee","NA","NA","Ecosystem | Acceleration","NA","NA","Ecosystem | Pre-Impact Committee ","NA","NA","Ecosystem | Impact Committee","NA","NA","Ecosystem | Impact","NA","NA"
"724","FixExpress","","18/12/2024","13/06/2025","001","*Soumission*","active","NA","0","SBU Manufacturing Jorf","Soumission","18/12/2024","NA","","Categorization","NA","NA","Ideation","NA","NA","Ideation | Demo Day ","NA","NA","Development","NA","NA","Business | Incubation","NA","NA","Business | Pre-Hacking Committee ","NA","NA","Business | Hacking Committee","NA","NA","Business | Acceleration","NA","NA","Business | Pre-Impact Committee","NA","NA","Business | Impact Committee","NA","NA","Business | Impact","NA","NA","Business | Series B","NA","NA","OM | Incubation","NA","NA","OM | Pre-Hacking Committee","NA","NA","OM | Hacking Committee","NA","NA","OM | Acceleration","NA","NA","OM | Pre-Impact Committee ","NA","NA","OM | Impact Committee","NA","NA","OM | Impact","NA","Ecosystem | Incubation","NA","NA","Ecosystem | Pre-Hacking Committee","NA","NA","Ecosystem | Hacking Committee","NA","NA","Ecosystem | Acceleration","NA","NA","Ecosystem | Pre-Impact Committee ","NA","NA","Ecosystem | Impact Committee","NA","NA","Ecosystem | Impact","NA","NA"
"725","LearnBridge","LearnBridge est une plateforme IA pour enfants (6-12 ans) qui aide parents, enseignants et écoles à améliorer l’éducation grâce à un apprentissage personnalisé, au développement des valeurs morales, de la pensée critique et à l’automatisation des tâches.","18/12/2024","13/06/2025","001","Ideation","active","NA","0","SBU Mining Khouribga","Soumission","18/12/2024","18/12/2024","Business (situation visant à générer des revenus)","Categorization","NA","NA","Ideation","02/01/2025","NA","Ideation | Demo Day ","NA","NA","Development","NA","NA","Business | Incubation","NA","NA","Business | Pre-Hacking Committee ","NA","NA","Business | Hacking Committee","NA","NA","Business | Acceleration","NA","NA","Business | Pre-Impact Committee","NA","NA","Business | Impact Committee","NA","NA","Business | Impact","NA","NA","Business | Series B","NA","NA","OM | Incubation","NA","NA","OM | Pre-Hacking Committee","NA","NA","OM | Hacking Committee","NA","NA","OM | Acceleration","NA","NA","OM | Pre-Impact Committee ","NA","NA","OM | Impact Committee","NA","NA","OM | Impact","NA","Ecosystem | Incubation","NA","NA","Ecosystem | Pre-Hacking Committee","NA","NA","Ecosystem | Hacking Committee","NA","NA","Ecosystem | Acceleration","NA","NA","Ecosystem | Pre-Impact Committee ","NA","NA","Ecosystem | Impact Committee","NA","NA","Ecosystem | Impact","NA","NA"
"008","SMR","Les Petits Réacteurs Modulaires (SMR), dont la puissance varie entre 10 et 500 mégawatts, représentent une solution innovante pour le dessalement de l’eau de mer. Leur utilisation offre une approche efficace et durable pour répondre au","06/07/2024","13/06/2025","005","Development","active","Energy Solutions","LaunchX","SBU Manufacturing","Soumission","06/07/2024","11/07/2024","Business (situation visant à générer des revenus)","Categorization","NA","NA","Ideation","11/07/2024","02/12/2024","Ideation | Demo Day ","06/12/2024","06/12/2024","Development","18/12/2024","NA","Business | Incubation","16/05/2025","NA","Business | Pre-Hacking Committee ","NA","NA","Business | Hacking Committee","NA","NA","Business | Acceleration","NA","NA","Business | Pre-Impact Committee","NA","NA","Business | Impact Committee","NA","NA","Business | Impact","NA","NA","Business | Series B","NA","NA","OM | Incubation","NA","NA","OM | Pre-Hacking Committee","NA","NA","OM | Hacking Committee","NA","NA","OM | Acceleration","NA","NA","OM | Pre-Impact Committee ","NA","NA","OM | Impact Committee","NA","NA","OM | Impact","NA","Ecosystem | Incubation","NA","NA","Ecosystem | Pre-Hacking Committee","NA","NA","Ecosystem | Hacking Committee","NA","NA","Ecosystem | Acceleration","NA","NA","Ecosystem | Pre-Impact Committee ","NA","NA","Ecosystem | Impact Committee","NA","NA","Ecosystem | Impact","NA","NA"
"033","ALGAE VALO","La situation vise à créer une activité génératrice de revenus au profit femmes rurales ramasseuses d'algues à travers la collecte, traitement des déchets et la transformation en ingrédients nutritionnels pour l'alimentation animale et biostimulant au sol.","06/07/2024","13/06/2025","007","Development","active","Agroalimentaire","LaunchX","SBU Manufacturing Jorf","Soumission","06/07/2024","06/12/2024","Ecosystème (situation visant à créer de la valeur avec l’écosystème du groupe)","Categorization","NA","NA","Ideation","11/07/2024","30/10/2024","Ideation | Demo Day ","06/12/2024","06/12/2024","Development","18/12/2024","NA","Business | Incubation","NA","NA","Business | Pre-Hacking Committee ","NA","NA","Business | Hacking Committee","NA","NA","Business | Acceleration","NA","NA","Business | Pre-Impact Committee","NA","NA","Business | Impact Committee","NA","NA","Business | Impact","NA","NA","Business | Series B","NA","NA","OM | Incubation","NA","NA","OM | Pre-Hacking Committee","NA","NA","OM | Hacking Committee","NA","NA","OM | Acceleration","NA","NA","OM | Pre-Impact Committee ","NA","NA","OM | Impact Committee","NA","NA","OM | Impact","NA","Ecosystem | Incubation","NA","NA","Ecosystem | Pre-Hacking Committee","NA","NA","Ecosystem | Hacking Committee","NA","NA","Ecosystem | Acceleration","NA","NA","Ecosystem | Pre-Impact Committee ","NA","NA","Ecosystem | Impact Committee","NA","NA","Ecosystem | Impact","NA","NA"
"057","Traitement boues lavage PP","Le projet proposé  porte sur la problématique de gestion des boues du procédé lavage PP, il s'agit d'un innovant procédé de traitement des boues basé sur trois opérations unitaires:_x000D_
-micro-separation_x000D_
-convoyeur filtrant_x000D_
-filtration par décantation. ","06/07/2024","21/06/2025","006","Ideation","active","Operating Model","LaunchX","SBU Mining Gantour","Soumission","06/07/2024","NA","Operating Model (situation visant à améliorer, optimiser ou changer des process, pratiques ou organisations de travail)","Categorization","NA","NA","Ideation","12/07/2024","NA","Ideation | Demo Day ","NA","NA","Development","NA","NA","Business | Incubation","NA","NA","Business | Pre-Hacking Committee ","NA","NA","Business | Hacking Committee","NA","NA","Business | Acceleration","NA","NA","Business | Pre-Impact Committee","NA","NA","Business | Impact Committee","NA","NA","Business | Impact","NA","NA","Business | Series B","NA","NA","OM | Incubation","NA","NA","OM | Pre-Hacking Committee","NA","NA","OM | Hacking Committee","NA","NA","OM | Acceleration","NA","NA","OM | Pre-Impact Committee ","NA","NA","OM | Impact Committee","NA","NA","OM | Impact","NA","Ecosystem | Incubation","NA","NA","Ecosystem | Pre-Hacking Committee","NA","NA","Ecosystem | Hacking Committee","NA","NA","Ecosystem | Acceleration","NA","NA","Ecosystem | Pre-Impact Committee ","NA","NA","Ecosystem | Impact Committee","NA","NA","Ecosystem | Impact","NA","NA"
"061","Khawarizmi club"," Mise en place d'un Club d'Éducation Innovante pour les Enfants de Ben-Guerir et Khouribga :   L'objectif principal de ce club serait de fournir aux enfants de Ben-Guerir et Khouribga une éducation de qualité dans les domaines suivants: digital,Arduino...","06/07/2024","13/06/2025","007","Development","active","Ecosystem","LaunchX","SBU Mining Gantour","Soumission","06/07/2024","NA","Ecosystème (situation visant à créer de la valeur avec l’écosystème du groupe)","Categorization","NA","NA","Ideation","15/07/2024","14/02/2025","Ideation | Demo Day ","14/02/2025","14/02/2025","Development","25/02/2025","NA","Business | Incubation","NA","NA","Business | Pre-Hacking Committee ","NA","NA","Business | Hacking Committee","NA","NA","Business | Acceleration","NA","NA","Business | Pre-Impact Committee","NA","NA","Business | Impact Committee","NA","NA","Business | Impact","NA","NA","Business | Series B","NA","NA","OM | Incubation","NA","NA","OM | Pre-Hacking Committee","NA","NA","OM | Hacking Committee","NA","NA","OM | Acceleration","NA","NA","OM | Pre-Impact Committee ","NA","NA","OM | Impact Committee","NA","NA","OM | Impact","NA","Ecosystem | Incubation","NA","NA","Ecosystem | Pre-Hacking Committee","NA","NA","Ecosystem | Hacking Committee","NA","NA","Ecosystem | Acceleration","NA","NA","Ecosystem | Pre-Impact Committee ","NA","NA","Ecosystem | Impact Committee","NA","NA","Ecosystem | Impact","NA","NA"
"085","DigiAccess","Digitalisation de la gestion d'acces grace a l'intelligence collective et la digitalisation","06/07/2024","13/06/2025","003","Ideation","active","Digital","LaunchX","SBU Mining Gantour","Soumission","06/07/2024","19/11/2024","Operating Model (situation visant à améliorer, optimiser ou changer des process, pratiques ou organisations de travail)","Categorization","NA","NA","Ideation","26/11/2024","NA","Ideation | Demo Day ","NA","NA","Development","NA","NA","Business | Incubation","NA","NA","Business | Pre-Hacking Committee ","NA","NA","Business | Hacking Committee","NA","NA","Business | Acceleration","NA","NA","Business | Pre-Impact Committee","NA","NA","Business | Impact Committee","NA","NA","Business | Impact","NA","NA","Business | Series B","NA","NA","OM | Incubation","NA","NA","OM | Pre-Hacking Committee","NA","NA","OM | Hacking Committee","NA","NA","OM | Acceleration","NA","NA","OM | Pre-Impact Committee ","NA","NA","OM | Impact Committee","NA","NA","OM | Impact","NA","Ecosystem | Incubation","NA","NA","Ecosystem | Pre-Hacking Committee","NA","NA","Ecosystem | Hacking Committee","NA","NA","Ecosystem | Acceleration","NA","NA","Ecosystem | Pre-Impact Committee ","NA","NA","Ecosystem | Impact Committee","NA","NA","Ecosystem | Impact","NA","NA"
"111","OCM ROBOT","Création d'un robot de pré-évaluation, inspection et monitoring des espaces confines nommé OCM (OCP CONFINED SPACES MONITOR).","06/07/2024","13/06/2025","005","Development","active","Optimisation industrielle","LaunchX","SBU Mining Phosboucraa","Soumission","06/07/2024","11/07/2024","Operating Model (situation visant à améliorer, optimiser ou changer des process, pratiques ou organisations de travail)","Categorization","NA","NA","Ideation","11/07/2024","16/01/2025","Ideation | Demo Day ","22/01/2025","22/01/2025","Development","24/01/2025","NA","Business | Incubation","NA","NA","Business | Pre-Hacking Committee ","NA","NA","Business | Hacking Committee","NA","NA","Business | Acceleration","NA","NA","Business | Pre-Impact Committee","NA","NA","Business | Impact Committee","NA","NA","Business | Impact","NA","NA","Business | Series B","NA","NA","OM | Incubation","NA","NA","OM | Pre-Hacking Committee","NA","NA","OM | Hacking Committee","NA","NA","OM | Acceleration","NA","NA","OM | Pre-Impact Committee ","NA","NA","OM | Impact Committee","NA","NA","OM | Impact","NA","Ecosystem | Incubation","NA","NA","Ecosystem | Pre-Hacking Committee","NA","NA","Ecosystem | Hacking Committee","NA","NA","Ecosystem | Acceleration","NA","NA","Ecosystem | Pre-Impact Committee ","NA","NA","Ecosystem | Impact Committee","NA","NA","Ecosystem | Impact","NA","NA"
"120","Postes de secours connectés","Les postes de secours connectés sont des solutions efficaces qui permettent aux médecins de réaliser des consultations ou des avis a distance  à divers moments, y compris pendant les heures de garde, les week-ends et même la nuit. ","06/07/2024","13/06/2025","003","Ideation","active","Health & Safety","LaunchX","SBU Manufacturing Jorf","Soumission","06/07/2024","05/11/2024","Operating Model (situation visant à améliorer, optimiser ou changer des process, pratiques ou organisations de travail)","Categorization","NA","NA","Ideation","17/12/2024","NA","Ideation | Demo Day ","NA","NA","Development","NA","NA","Business | Incubation","NA","NA","Business | Pre-Hacking Committee ","NA","NA","Business | Hacking Committee","NA","NA","Business | Acceleration","NA","NA","Business | Pre-Impact Committee","NA","NA","Business | Impact Committee","NA","NA","Business | Impact","NA","NA","Business | Series B","NA","NA","OM | Incubation","NA","NA","OM | Pre-Hacking Committee","NA","NA","OM | Hacking Committee","NA","NA","OM | Acceleration","NA","NA","OM | Pre-Impact Committee ","NA","NA","OM | Impact Committee","NA","NA","OM | Impact","NA","Ecosystem | Incubation","NA","NA","Ecosystem | Pre-Hacking Committee","NA","NA","Ecosystem | Hacking Committee","NA","NA","Ecosystem | Acceleration","NA","NA","Ecosystem | Pre-Impact Committee ","NA","NA","Ecosystem | Impact Committee","NA","NA","Ecosystem | Impact","NA","NA"
"121","EMERGENCY ALERT","L'alerte digital rapide d'une équipe de secours en cas d'accident de travail revêt une importance capitale pour sauver des vies suit à des accidents ou des malaises. il permet, la Reduction du temps de réponse, la Fourniture de soins immédiats aux victime","06/07/2024","13/06/2025","002","Development","active","Health & Safety","LaunchX","SBU Manufacturing Jorf","Soumission","06/07/2024","11/07/2024","Operating Model (situation visant à améliorer, optimiser ou changer des process, pratiques ou organisations de travail)","Categorization","NA","NA","Ideation","11/07/2024","02/12/2024","Ideation | Demo Day ","06/12/2024","06/12/2024","Development","18/12/2024","NA","Business | Incubation","NA","NA","Business | Pre-Hacking Committee ","NA","NA","Business | Hacking Committee","NA","NA","Business | Acceleration","NA","NA","Business | Pre-Impact Committee","NA","NA","Business | Impact Committee","NA","NA","Business | Impact","NA","NA","Business | Series B","NA","NA","OM | Incubation","NA","NA","OM | Pre-Hacking Committee","NA","NA","OM | Hacking Committee","NA","NA","OM | Acceleration","NA","NA","OM | Pre-Impact Committee ","NA","NA","OM | Impact Committee","NA","NA","OM | Impact","NA","Ecosystem | Incubation","NA","NA","Ecosystem | Pre-Hacking Committee","NA","NA","Ecosystem | Hacking Committee","NA","NA","Ecosystem | Acceleration","NA","NA","Ecosystem | Pre-Impact Committee ","NA","NA","Ecosystem | Impact Committee","NA","NA","Ecosystem | Impact","NA","NA"
"134","formation HSE","Creation d'un systeme de formation en matiere d'Hygiene, Securite et Environnement a travers un simulateur 3D","06/07/2024","13/06/2025","006","Ideation","active","Health & Safety","LaunchX","SBU Mining Phosboucraa","Soumission","06/07/2024","28/07/2024","Operating Model (situation visant à améliorer, optimiser ou changer des process, pratiques ou organisations de travail)","Categorization","NA","NA","Ideation","28/07/2024","NA","Ideation | Demo Day ","NA","NA","Development","NA","NA","Business | Incubation","NA","NA","Business | Pre-Hacking Committee ","NA","NA","Business | Hacking Committee","NA","NA","Business | Acceleration","NA","NA","Business | Pre-Impact Committee","NA","NA","Business | Impact Committee","NA","NA","Business | Impact","NA","NA","Business | Series B","NA","NA","OM | Incubation","NA","NA","OM | Pre-Hacking Committee","NA","NA","OM | Hacking Committee","NA","NA","OM | Acceleration","NA","NA","OM | Pre-Impact Committee ","NA","NA","OM | Impact Committee","NA","NA","OM | Impact","NA","Ecosystem | Incubation","NA","NA","Ecosystem | Pre-Hacking Committee","NA","NA","Ecosystem | Hacking Committee","NA","NA","Ecosystem | Acceleration","NA","NA","Ecosystem | Pre-Impact Committee ","NA","NA","Ecosystem | Impact Committee","NA","NA","Ecosystem | Impact","NA","NA"
"143","OCP Customization Solutions","La situation « OCP Customization Solutions » vise à personnaliser l'expérience des clients d'OCP en créant une ""Toolbox"" adaptée aux différents niveaux hiérarchiques et aux entités telles que la commercialisation et le R&D.","06/07/2024","13/06/2025","001","Ideation","active","Fertilizers & Farmers Solutions","LaunchX","SBU Mining Phosboucraa","Soumission","06/07/2024","15/07/2024","Operating Model (situation visant à améliorer, optimiser ou changer des process, pratiques ou organisations de travail)","Categorization","NA","NA","Ideation","15/07/2024","NA","Ideation | Demo Day ","NA","NA","Development","NA","NA","Business | Incubation","NA","NA","Business | Pre-Hacking Committee ","NA","NA","Business | Hacking Committee","NA","NA","Business | Acceleration","NA","NA","Business | Pre-Impact Committee","NA","NA","Business | Impact Committee","NA","NA","Business | Impact","NA","NA","Business | Series B","NA","NA","OM | Incubation","NA","NA","OM | Pre-Hacking Committee","NA","NA","OM | Hacking Committee","NA","NA","OM | Acceleration","NA","NA","OM | Pre-Impact Committee ","NA","NA","OM | Impact Committee","NA","NA","OM | Impact","NA","Ecosystem | Incubation","NA","NA","Ecosystem | Pre-Hacking Committee","NA","NA","Ecosystem | Hacking Committee","NA","NA","Ecosystem | Acceleration","NA","NA","Ecosystem | Pre-Impact Committee ","NA","NA","Ecosystem | Impact Committee","NA","NA","Ecosystem | Impact","NA","NA"
"146","To HelpU","""To Help You"" est un projet qui a pour objectif de mettre à la disposition des opérateurs de la SDC une plateforme intelligente, basée sur l’intelligence artificielle. Cette plateforme sera capable de fournir des conseils et des recommandation.","06/07/2024","13/06/2025","009","Ideation","active","Health & Safety","LaunchX","SBU Manufacturing Jorf","Soumission","06/07/2024","26/09/2024","Operating Model (situation visant à améliorer, optimiser ou changer des process, pratiques ou organisations de travail)","Categorization","NA","NA","Ideation","17/12/2024","NA","Ideation | Demo Day ","NA","NA","Development","NA","NA","Business | Incubation","NA","NA","Business | Pre-Hacking Committee ","NA","NA","Business | Hacking Committee","NA","NA","Business | Acceleration","NA","NA","Business | Pre-Impact Committee","NA","NA","Business | Impact Committee","NA","NA","Business | Impact","NA","NA","Business | Series B","NA","NA","OM | Incubation","NA","NA","OM | Pre-Hacking Committee","NA","NA","OM | Hacking Committee","NA","NA","OM | Acceleration","NA","NA","OM | Pre-Impact Committee ","NA","NA","OM | Impact Committee","NA","NA","OM | Impact","NA","Ecosystem | Incubation","NA","NA","Ecosystem | Pre-Hacking Committee","NA","NA","Ecosystem | Hacking Committee","NA","NA","Ecosystem | Acceleration","NA","NA","Ecosystem | Pre-Impact Committee ","NA","NA","Ecosystem | Impact Committee","NA","NA","Ecosystem | Impact","NA","NA"
"165","EXORIZ","    Dans un Centre VR EXORIZ, l’utilisateur enfile le casque VR pour entrer dans un environnement industriel virtuel réaliste. Grâce aux joysticks, il peut se déplacer, interagir avec les équipements, et explorer l’espace comme s'il était sur le terrain. ","06/07/2024","13/06/2025","007","Development","active","Digital","LaunchX","SBU Manufacturing Jorf","Soumission","06/07/2024","03/12/2024","Operating Model (situation visant à améliorer, optimiser ou changer des process, pratiques ou organisations de travail)","Categorization","NA","NA","Ideation","16/12/2024","11/05/2025","Ideation | Demo Day ","16/05/2025","16/05/2025","Development","26/05/2025","06/06/2025","Business | Incubation","NA","NA","Business | Pre-Hacking Committee ","NA","NA","Business | Hacking Committee","NA","NA","Business | Acceleration","NA","NA","Business | Pre-Impact Committee","NA","NA","Business | Impact Committee","NA","NA","Business | Impact","NA","NA","Business | Series B","NA","NA","OM | Incubation","NA","NA","OM | Pre-Hacking Committee","NA","NA","OM | Hacking Committee","NA","NA","OM | Acceleration","NA","NA","OM | Pre-Impact Committee ","NA","NA","OM | Impact Committee","NA","NA","OM | Impact","NA","Ecosystem | Incubation","NA","NA","Ecosystem | Pre-Hacking Committee","NA","NA","Ecosystem | Hacking Committee","NA","NA","Ecosystem | Acceleration","NA","NA","Ecosystem | Pre-Impact Committee ","NA","NA","Ecosystem | Impact Committee","NA","NA","Ecosystem | Impact","NA","NA"
"229","IMPACTIFY","Développement d'un assessment tool & rating system qui aide les managers et chefs de projets à concevoir et gérer les projets industriels en conformité avec les principes de la sustainability","06/07/2024","13/06/2025","003","Development","active","Sustainability","LaunchX","SBU Manufacturing ","Soumission","06/07/2024","14/07/2024","Business (situation visant à générer des revenus)","Categorization","NA","NA","Ideation","14/07/2024","15/07/2024","Ideation | Demo Day ","20/07/2024","20/07/2024","Development","11/11/2024","NA","Business | Incubation","NA","NA","Business | Pre-Hacking Committee ","NA","NA","Business | Hacking Committee","NA","NA","Business | Acceleration","NA","NA","Business | Pre-Impact Committee","NA","NA","Business | Impact Committee","NA","NA","Business | Impact","NA","NA","Business | Series B","NA","NA","OM | Incubation","NA","NA","OM | Pre-Hacking Committee","NA","NA","OM | Hacking Committee","NA","NA","OM | Acceleration","NA","NA","OM | Pre-Impact Committee ","NA","NA","OM | Impact Committee","NA","NA","OM | Impact","NA","Ecosystem | Incubation","NA","NA","Ecosystem | Pre-Hacking Committee","NA","NA","Ecosystem | Hacking Committee","NA","NA","Ecosystem | Acceleration","NA","NA","Ecosystem | Pre-Impact Committee ","NA","NA","Ecosystem | Impact Committee","NA","NA","Ecosystem | Impact","NA","NA"
"241","VFD SOLUTIONS","Notre situation a pour objectif le partage d'expertise, l'amélioration du rapport Qualité Prix et Délai des prestations de maintenance des variateurs de vitesse, le développement et la commercialisation des nouvelles solutions.","06/07/2024","13/06/2025","003","Development","active","Cost leadership","LaunchX","SBU Mining Khouribga","Soumission","06/07/2024","30/09/2024","Business (situation visant à générer des revenus)","Categorization","NA","NA","Ideation","07/10/2024","02/12/2024","Ideation | Demo Day ","06/12/2024","06/12/2024","Development","18/12/2024","NA","Business | Incubation","NA","NA","Business | Pre-Hacking Committee ","NA","NA","Business | Hacking Committee","NA","NA","Business | Acceleration","NA","NA","Business | Pre-Impact Committee","NA","NA","Business | Impact Committee","NA","NA","Business | Impact","NA","NA","Business | Series B","NA","NA","OM | Incubation","NA","NA","OM | Pre-Hacking Committee","NA","NA","OM | Hacking Committee","NA","NA","OM | Acceleration","NA","NA","OM | Pre-Impact Committee ","NA","NA","OM | Impact Committee","NA","NA","OM | Impact","NA","Ecosystem | Incubation","NA","NA","Ecosystem | Pre-Hacking Committee","NA","NA","Ecosystem | Hacking Committee","NA","NA","Ecosystem | Acceleration","NA","NA","Ecosystem | Pre-Impact Committee ","NA","NA","Ecosystem | Impact Committee","NA","NA","Ecosystem | Impact","NA","NA"
"249","Aqua EverGreen","La situation AQUA EVERGREEN propriétaire de la marque O’ZEN WATER a pour ambition de commercialiser l’eau en bouteille produite à partir de nos unités de dessalement. ","06/07/2024","13/06/2025","004","Development","active","Sustainability","LaunchX","SBU Manufacturig Safi","Soumission","06/07/2024","NA","Business (situation visant à générer des revenus)","Categorization","NA","NA","Ideation","02/12/2024","02/12/2024","Ideation | Demo Day ","06/12/2024","06/12/2024","Development","18/12/2024","NA","Business | Incubation","NA","NA","Business | Pre-Hacking Committee ","NA","NA","Business | Hacking Committee","NA","NA","Business | Acceleration","NA","NA","Business | Pre-Impact Committee","NA","NA","Business | Impact Committee","NA","NA","Business | Impact","NA","NA","Business | Series B","NA","NA","OM | Incubation","NA","NA","OM | Pre-Hacking Committee","NA","NA","OM | Hacking Committee","NA","NA","OM | Acceleration","NA","NA","OM | Pre-Impact Committee ","NA","NA","OM | Impact Committee","NA","NA","OM | Impact","NA","Ecosystem | Incubation","NA","NA","Ecosystem | Pre-Hacking Committee","NA","NA","Ecosystem | Hacking Committee","NA","NA","Ecosystem | Acceleration","NA","NA","Ecosystem | Pre-Impact Committee ","NA","NA","Ecosystem | Impact Committee","NA","NA","Ecosystem | Impact","NA","NA"
"285","ReMine Solutions","Remine S. aims to support OCP in achieving its objective of rehabilitating 1,000 hectares annually through an integrated approach and a portfolio of diversified, high-impact ESG projects. ","06/07/2024","13/06/2025","005","OM | Acceleration","active","Sustainability","LaunchX","SBU Manufacturing ","Soumission","06/07/2024","12/07/2024","Business (situation visant à générer des revenus)","Categorization","NA","NA","Ideation","12/07/2024","16/07/2024","Ideation | Demo Day ","20/07/2024","20/07/2024","Development","29/07/2024","NA","Business | Incubation","NA","NA","Business | Pre-Hacking Committee ","NA","NA","Business | Hacking Committee","NA","NA","Business | Acceleration","NA","NA","Business | Pre-Impact Committee","NA","NA","Business | Impact Committee","NA","NA","Business | Impact","NA","NA","Business | Series B","NA","NA","OM | Incubation","28/04/2025","30/04/2025","OM | Pre-Hacking Committee","NA","NA","OM | Hacking Committee","01/05/2025","01/05/2025","OM | Acceleration","26/05/2025","NA","OM | Pre-Impact Committee ","NA","NA","OM | Impact Committee","NA","NA","OM | Impact","NA","Ecosystem | Incubation","NA","NA","Ecosystem | Pre-Hacking Committee","NA","NA","Ecosystem | Hacking Committee","NA","NA","Ecosystem | Acceleration","NA","NA","Ecosystem | Pre-Impact Committee ","NA","NA","Ecosystem | Impact Committee","NA","NA","Ecosystem | Impact","NA","NA"
"299","Min réactifs","c'est un proposition d’amélioration du process de la laverie, afin de pouvoir d'optimisation l'injection des réactifs au niveau de la laverie. ","06/07/2024","21/06/2025","012","Ideation","active","Talent Development","LaunchX","SBU Mining Gantour","Soumission","06/07/2024","NA","Operating Model (situation visant à améliorer, optimiser ou changer des process, pratiques ou organisations de travail)","Categorization","NA","NA","Ideation","08/10/2024","NA","Ideation | Demo Day ","NA","NA","Development","NA","NA","Business | Incubation","NA","NA","Business | Pre-Hacking Committee ","NA","NA","Business | Hacking Committee","NA","NA","Business | Acceleration","NA","NA","Business | Pre-Impact Committee","NA","NA","Business | Impact Committee","NA","NA","Business | Impact","NA","NA","Business | Series B","NA","NA","OM | Incubation","NA","NA","OM | Pre-Hacking Committee","NA","NA","OM | Hacking Committee","NA","NA","OM | Acceleration","NA","NA","OM | Pre-Impact Committee ","NA","NA","OM | Impact Committee","NA","NA","OM | Impact","NA","Ecosystem | Incubation","NA","NA","Ecosystem | Pre-Hacking Committee","NA","NA","Ecosystem | Hacking Committee","NA","NA","Ecosystem | Acceleration","NA","NA","Ecosystem | Pre-Impact Committee ","NA","NA","Ecosystem | Impact Committee","NA","NA","Ecosystem | Impact","NA","NA"
"301","Green Dry","Green Dry se démarque par son approche innovante qui vise à abandonner l’utilisation de fioul dans le processus de séchage. En recourant à des énergies vertes, cette méthode permet également de maîtriser nos coûts opérationnels et CS.","06/07/2024","13/06/2025","002","Development","active","Energy Solutions","LaunchX","SBU Mining Khouribga","Soumission","06/07/2024","NA","Operating Model (situation visant à améliorer, optimiser ou changer des process, pratiques ou organisations de travail)","Categorization","NA","NA","Ideation","14/07/2024","NA","Ideation | Demo Day ","06/12/2024","06/12/2024","Development","18/12/2024","NA","Business | Incubation","NA","NA","Business | Pre-Hacking Committee ","NA","NA","Business | Hacking Committee","NA","NA","Business | Acceleration","NA","NA","Business | Pre-Impact Committee","NA","NA","Business | Impact Committee","NA","NA","Business | Impact","NA","NA","Business | Series B","NA","NA","OM | Incubation","NA","NA","OM | Pre-Hacking Committee","NA","NA","OM | Hacking Committee","NA","NA","OM | Acceleration","NA","NA","OM | Pre-Impact Committee ","NA","NA","OM | Impact Committee","NA","NA","OM | Impact","NA","Ecosystem | Incubation","NA","NA","Ecosystem | Pre-Hacking Committee","NA","NA","Ecosystem | Hacking Committee","NA","NA","Ecosystem | Acceleration","NA","NA","Ecosystem | Pre-Impact Committee ","NA","NA","Ecosystem | Impact Committee","NA","NA","Ecosystem | Impact","NA","NA"
"303","BioEnergy Solutions","L'idée de notre situation est la production de biogaz, une source d'énergie renouvelable obtenue par la fermentation anaérobie des déchets organiques. Ce processus permettra la production des énergies renouvelables et du compost.","06/07/2024","13/06/2025","007","Development","active","Energy Solutions","LaunchX","SBU Mining ","Soumission","06/07/2024","15/07/2024","Business (situation visant à générer des revenus)","Categorization","NA","NA","Ideation","15/07/2024","21/01/2025","Ideation | Demo Day ","22/01/2025","22/01/2025","Development","24/01/2025","NA","Business | Incubation","NA","NA","Business | Pre-Hacking Committee ","NA","NA","Business | Hacking Committee","NA","NA","Business | Acceleration","NA","NA","Business | Pre-Impact Committee","NA","NA","Business | Impact Committee","NA","NA","Business | Impact","NA","NA","Business | Series B","NA","NA","OM | Incubation","NA","NA","OM | Pre-Hacking Committee","NA","NA","OM | Hacking Committee","NA","NA","OM | Acceleration","NA","NA","OM | Pre-Impact Committee ","NA","NA","OM | Impact Committee","NA","NA","OM | Impact","NA","Ecosystem | Incubation","NA","NA","Ecosystem | Pre-Hacking Committee","NA","NA","Ecosystem | Hacking Committee","NA","NA","Ecosystem | Acceleration","NA","NA","Ecosystem | Pre-Impact Committee ","NA","NA","Ecosystem | Impact Committee","NA","NA","Ecosystem | Impact","NA","NA"
"307","NexusGrow","NexusGrow champions sustainable agriculture in Morocco through innovative black soldier fly farming, transforming organic waste into valuable frass fertilizer and high-quality animal feed, while empowering local communities with scalable, eco-friendly sol","06/07/2024","13/06/2025","004","Development","active","Fertilizers & Farmers Solutions","LaunchX","SBU Manufacturing ","Soumission","06/07/2024","14/07/2024","Business (situation visant à générer des revenus)","Categorization","NA","NA","Ideation","14/07/2024","20/10/2024","Ideation | Demo Day ","20/07/2024","20/07/2024","Development","11/11/2024","NA","Business | Incubation","NA","NA","Business | Pre-Hacking Committee ","NA","NA","Business | Hacking Committee","NA","NA","Business | Acceleration","NA","NA","Business | Pre-Impact Committee","NA","NA","Business | Impact Committee","NA","NA","Business | Impact","NA","NA","Business | Series B","NA","NA","OM | Incubation","NA","NA","OM | Pre-Hacking Committee","NA","NA","OM | Hacking Committee","NA","NA","OM | Acceleration","NA","NA","OM | Pre-Impact Committee ","NA","NA","OM | Impact Committee","NA","NA","OM | Impact","NA","Ecosystem | Incubation","NA","NA","Ecosystem | Pre-Hacking Committee","NA","NA","Ecosystem | Hacking Committee","NA","NA","Ecosystem | Acceleration","NA","NA","Ecosystem | Pre-Impact Committee ","NA","NA","Ecosystem | Impact Committee","NA","NA","Ecosystem | Impact","NA","NA"
"326","HSE Digital","La digitalisation de l'HSE (Hygiène, Sécurité, Environnement) et le partage d'expérience sont des enjeux majeurs pour les entreprises modernes, permettant d’améliorer la gestion des risques, la conformité réglementaire et la performance globale","06/07/2024","26/06/2025","002","Categorization","active","Health & Safety","LaunchX","SBU Mining Phosboucraa","Soumission","06/07/2024","NA","Operating Model (situation visant à améliorer, optimiser ou changer des process, pratiques ou organisations de travail)","Categorization","26/06/2025","26/06/2025","Ideation","NA","NA","Ideation | Demo Day ","NA","NA","Development","NA","NA","Business | Incubation","NA","NA","Business | Pre-Hacking Committee ","NA","NA","Business | Hacking Committee","NA","NA","Business | Acceleration","NA","NA","Business | Pre-Impact Committee","NA","NA","Business | Impact Committee","NA","NA","Business | Impact","NA","NA","Business | Series B","NA","NA","OM | Incubation","NA","NA","OM | Pre-Hacking Committee","NA","NA","OM | Hacking Committee","NA","NA","OM | Acceleration","NA","NA","OM | Pre-Impact Committee ","NA","NA","OM | Impact Committee","NA","NA","OM | Impact","NA","Ecosystem | Incubation","NA","NA","Ecosystem | Pre-Hacking Committee","NA","NA","Ecosystem | Hacking Committee","NA","NA","Ecosystem | Acceleration","NA","NA","Ecosystem | Pre-Impact Committee ","NA","NA","Ecosystem | Impact Committee","NA","NA","Ecosystem | Impact","NA","NA"
"354","Khouribga Family Park","Création d'un parc familial divertissement et sérénité dans la ville de Khouribga, incluant des espaces de détente, de restauration et d'amusement pour petits et grands, où l'accessibilité et la durabilité sont au cœur de nos préoccupations.","06/07/2024","13/06/2025","004","Ideation","active","Ecosystem","LaunchX","SBU Mining Khouribga","Soumission","06/07/2024","28/10/2024","Ecosystème (situation visant à créer de la valeur avec l’écosystème du groupe)","Categorization","NA","NA","Ideation","26/11/2024","18/02/2025","Ideation | Demo Day ","NA","NA","Development","NA","NA","Business | Incubation","NA","NA","Business | Pre-Hacking Committee ","NA","NA","Business | Hacking Committee","NA","NA","Business | Acceleration","NA","NA","Business | Pre-Impact Committee","NA","NA","Business | Impact Committee","NA","NA","Business | Impact","NA","NA","Business | Series B","NA","NA","OM | Incubation","NA","NA","OM | Pre-Hacking Committee","NA","NA","OM | Hacking Committee","NA","NA","OM | Acceleration","NA","NA","OM | Pre-Impact Committee ","NA","NA","OM | Impact Committee","NA","NA","OM | Impact","NA","Ecosystem | Incubation","NA","NA","Ecosystem | Pre-Hacking Committee","NA","NA","Ecosystem | Hacking Committee","NA","NA","Ecosystem | Acceleration","NA","NA","Ecosystem | Pre-Impact Committee ","NA","NA","Ecosystem | Impact Committee","NA","NA","Ecosystem | Impact","NA","NA"
"355","ProcurePlus Center","Création d'une entité spécialisée en achats permettant à ses clients de sous-traiter leurs opérations d’achat dans les meilleures conditions de performance (acte d’achat) et/ou de bénéficier des services annexes (sourcing, consulting, formation…).","06/07/2024","13/06/2025","008","Ideation","active","Procurement","LaunchX","SBU Mining Gantour","Soumission","06/07/2024","22/07/2024","Business (situation visant à générer des revenus)","Categorization","NA","NA","Ideation","22/07/2024","NA","Ideation | Demo Day ","NA","NA","Development","NA","NA","Business | Incubation","NA","NA","Business | Pre-Hacking Committee ","NA","NA","Business | Hacking Committee","NA","NA","Business | Acceleration","NA","NA","Business | Pre-Impact Committee","NA","NA","Business | Impact Committee","NA","NA","Business | Impact","NA","NA","Business | Series B","NA","NA","OM | Incubation","NA","NA","OM | Pre-Hacking Committee","NA","NA","OM | Hacking Committee","NA","NA","OM | Acceleration","NA","NA","OM | Pre-Impact Committee ","NA","NA","OM | Impact Committee","NA","NA","OM | Impact","NA","Ecosystem | Incubation","NA","NA","Ecosystem | Pre-Hacking Committee","NA","NA","Ecosystem | Hacking Committee","NA","NA","Ecosystem | Acceleration","NA","NA","Ecosystem | Pre-Impact Committee ","NA","NA","Ecosystem | Impact Committee","NA","NA","Ecosystem | Impact","NA","NA"
"378","CLEAN INDUS","La mise en.place d'un service de pressing industriel dans l'industrie des phosphates pour le nettoyage des uniformes et EPI professionnels ","06/07/2024","13/06/2025","013","Development","active","Well-being","LaunchX","SBU Manufacturing Jorf","Soumission","06/07/2024","19/07/2024","Ecosystème (situation visant à créer de la valeur avec l’écosystème du groupe)","Categorization","NA","NA","Ideation","19/07/2024","02/12/2024","Ideation | Demo Day ","06/12/2024","06/12/2024","Development","18/12/2024","NA","Business | Incubation","NA","NA","Business | Pre-Hacking Committee ","NA","NA","Business | Hacking Committee","NA","NA","Business | Acceleration","NA","NA","Business | Pre-Impact Committee","NA","NA","Business | Impact Committee","NA","NA","Business | Impact","NA","NA","Business | Series B","NA","NA","OM | Incubation","NA","NA","OM | Pre-Hacking Committee","NA","NA","OM | Hacking Committee","NA","NA","OM | Acceleration","NA","NA","OM | Pre-Impact Committee ","NA","NA","OM | Impact Committee","NA","NA","OM | Impact","NA","Ecosystem | Incubation","NA","NA","Ecosystem | Pre-Hacking Committee","NA","NA","Ecosystem | Hacking Committee","NA","NA","Ecosystem | Acceleration","NA","NA","Ecosystem | Pre-Impact Committee ","NA","NA","Ecosystem | Impact Committee","NA","NA","Ecosystem | Impact","NA","NA"
"389","PhosWaste Reclaim & Reuse","Gérer et revaloriser les rejets phosphatés (stériles, phosphogypse, etc.) pour développer des membranes céramiques destinées à la filtration des rejets industriels (boues de lavage, eaux usées, etc.) et à leur recyclage dans la chaîne de production La ren","06/07/2024","21/06/2025","002","Ideation","active","Recycling & Waste Management","LaunchX","SBU Mining Phosboucraa","Soumission","06/07/2024","24/10/2024","Operating Model (situation visant à améliorer, optimiser ou changer des process, pratiques ou organisations de travail)","Categorization","NA","NA","Ideation","26/11/2024","14/06/2025","Ideation | Demo Day ","NA","NA","Development","NA","NA","Business | Incubation","NA","NA","Business | Pre-Hacking Committee ","NA","NA","Business | Hacking Committee","NA","NA","Business | Acceleration","NA","NA","Business | Pre-Impact Committee","NA","NA","Business | Impact Committee","NA","NA","Business | Impact","NA","NA","Business | Series B","NA","NA","OM | Incubation","NA","NA","OM | Pre-Hacking Committee","NA","NA","OM | Hacking Committee","NA","NA","OM | Acceleration","NA","NA","OM | Pre-Impact Committee ","NA","NA","OM | Impact Committee","NA","NA","OM | Impact","NA","Ecosystem | Incubation","NA","NA","Ecosystem | Pre-Hacking Committee","NA","NA","Ecosystem | Hacking Committee","NA","NA","Ecosystem | Acceleration","NA","NA","Ecosystem | Pre-Impact Committee ","NA","NA","Ecosystem | Impact Committee","NA","NA","Ecosystem | Impact","NA","NA"
"439","AgriDur: Blue Carbon Collectiv","Planter des mangroves pour lutter contre le changement climatique, générer des crédits carbone et stimuler une économie circulaire inclusive en collaboration avec les communautés locales. _x000D_
Un modèle innovant alliant écologie, économie et équité sociale.","06/07/2024","13/06/2025","003","Development","active","Sustainability","LaunchX","SBU Manufacturing  ","Soumission","06/07/2024","17/07/2024","Ecosystème (situation visant à créer de la valeur avec l’écosystème du groupe)","Categorization","NA","NA","Ideation","17/07/2024","04/12/2024","Ideation | Demo Day ","22/01/2025","22/01/2025","Development","24/01/2025","NA","Business | Incubation","NA","NA","Business | Pre-Hacking Committee ","NA","NA","Business | Hacking Committee","NA","NA","Business | Acceleration","NA","NA","Business | Pre-Impact Committee","NA","NA","Business | Impact Committee","NA","NA","Business | Impact","NA","NA","Business | Series B","NA","NA","OM | Incubation","NA","NA","OM | Pre-Hacking Committee","NA","NA","OM | Hacking Committee","NA","NA","OM | Acceleration","NA","NA","OM | Pre-Impact Committee ","NA","NA","OM | Impact Committee","NA","NA","OM | Impact","NA","Ecosystem | Incubation","NA","NA","Ecosystem | Pre-Hacking Committee","NA","NA","Ecosystem | Hacking Committee","NA","NA","Ecosystem | Acceleration","NA","NA","Ecosystem | Pre-Impact Committee ","NA","NA","Ecosystem | Impact Committee","NA","NA","Ecosystem | Impact","NA","NA"
"449","Digidiag security","Plateforme d’évaluation et diagnostic des compétences en matire HSE du personnel des entreprises extérieures ","06/07/2024","13/06/2025","006","Ideation","active","Health & Safety","LaunchX","SBU Mining Gantour","Soumission","06/07/2024","11/07/2024","Business (situation visant à générer des revenus)","Categorization","NA","NA","Ideation","11/07/2024","15/05/2025","Ideation | Demo Day ","NA","NA","Development","NA","NA","Business | Incubation","NA","NA","Business | Pre-Hacking Committee ","NA","NA","Business | Hacking Committee","NA","NA","Business | Acceleration","NA","NA","Business | Pre-Impact Committee","NA","NA","Business | Impact Committee","NA","NA","Business | Impact","NA","NA","Business | Series B","NA","NA","OM | Incubation","NA","NA","OM | Pre-Hacking Committee","NA","NA","OM | Hacking Committee","NA","NA","OM | Acceleration","NA","NA","OM | Pre-Impact Committee ","NA","NA","OM | Impact Committee","NA","NA","OM | Impact","NA","Ecosystem | Incubation","NA","NA","Ecosystem | Pre-Hacking Committee","NA","NA","Ecosystem | Hacking Committee","NA","NA","Ecosystem | Acceleration","NA","NA","Ecosystem | Pre-Impact Committee ","NA","NA","Ecosystem | Impact Committee","NA","NA","Ecosystem | Impact","NA","NA"
"495","OCP Patrimoine","Le projet OCP Patrimoine ambitionne de maximiser l’utilisation du Système d'Information Géographique (SIG) existant, REGIS, conçu pour centraliser et optimiser la gestion du patrimoine foncier et bâti de l'OCP","06/07/2024","13/06/2025","002","Ideation","active","Digital","LaunchX","SBU Mining Khouribga","Soumission","06/07/2024","11/07/2024","Operating Model (situation visant à améliorer, optimiser ou changer des process, pratiques ou organisations de travail)","Categorization","NA","NA","Ideation","11/07/2024","30/11/2024","Ideation | Demo Day ","NA","NA","Development","NA","NA","Business | Incubation","NA","NA","Business | Pre-Hacking Committee ","NA","NA","Business | Hacking Committee","NA","NA","Business | Acceleration","NA","NA","Business | Pre-Impact Committee","NA","NA","Business | Impact Committee","NA","NA","Business | Impact","NA","NA","Business | Series B","NA","NA","OM | Incubation","NA","NA","OM | Pre-Hacking Committee","NA","NA","OM | Hacking Committee","NA","NA","OM | Acceleration","NA","NA","OM | Pre-Impact Committee ","NA","NA","OM | Impact Committee","NA","NA","OM | Impact","NA","Ecosystem | Incubation","NA","NA","Ecosystem | Pre-Hacking Committee","NA","NA","Ecosystem | Hacking Committee","NA","NA","Ecosystem | Acceleration","NA","NA","Ecosystem | Pre-Impact Committee ","NA","NA","Ecosystem | Impact Committee","NA","NA","Ecosystem | Impact","NA","NA"
"533","lixiphos","Production du Phosphoric Acid à partir du recyclage des dunes de stériles sur les sites miniers. Notre idée de situation propose un nouveau processus visant à traiter ces millions de tonnes à faible teneur en les attaquant avec de l'acide sulfurique pulvé","15/07/2024","13/06/2025","002","Ideation","active","Recycling & Waste Management","LaunchX","SBU Mining Khouribga","Soumission","15/07/2024","15/07/2024","Operating Model (situation visant à améliorer, optimiser ou changer des process, pratiques ou organisations de travail)","Categorization","NA","NA","Ideation","15/07/2024","13/05/2025","Ideation | Demo Day ","NA","NA","Development","NA","NA","Business | Incubation","NA","NA","Business | Pre-Hacking Committee ","NA","NA","Business | Hacking Committee","NA","NA","Business | Acceleration","NA","NA","Business | Pre-Impact Committee","NA","NA","Business | Impact Committee","NA","NA","Business | Impact","NA","NA","Business | Series B","NA","NA","OM | Incubation","NA","NA","OM | Pre-Hacking Committee","NA","NA","OM | Hacking Committee","NA","NA","OM | Acceleration","NA","NA","OM | Pre-Impact Committee ","NA","NA","OM | Impact Committee","NA","NA","OM | Impact","NA","Ecosystem | Incubation","NA","NA","Ecosystem | Pre-Hacking Committee","NA","NA","Ecosystem | Hacking Committee","NA","NA","Ecosystem | Acceleration","NA","NA","Ecosystem | Pre-Impact Committee ","NA","NA","Ecosystem | Impact Committee","NA","NA","Ecosystem | Impact","NA","NA"
"537","GO-NAR:  Alternative aux feul","Après une chaîne de collection, stockage et traitement,la combustion réalise dans des fours statique à  lit fixe.la masse gazeuses produite est Acheminé aux fours de sèchage PP, objectif est réduire la consommation de fuel et du gaz naturel. ","16/07/2024","13/06/2025","006","Development","active","Energy Solutions","LaunchX","SBU Mining Gantour","Soumission","16/07/2024","16/07/2024","Operating Model (situation visant à améliorer, optimiser ou changer des process, pratiques ou organisations de travail)","Categorization","NA","NA","Ideation","16/07/2024","22/01/2025","Ideation | Demo Day ","22/01/2025","22/01/2025","Development","24/01/2025","NA","Business | Incubation","NA","NA","Business | Pre-Hacking Committee ","NA","NA","Business | Hacking Committee","NA","NA","Business | Acceleration","NA","NA","Business | Pre-Impact Committee","NA","NA","Business | Impact Committee","NA","NA","Business | Impact","NA","NA","Business | Series B","NA","NA","OM | Incubation","NA","NA","OM | Pre-Hacking Committee","NA","NA","OM | Hacking Committee","NA","NA","OM | Acceleration","NA","NA","OM | Pre-Impact Committee ","NA","NA","OM | Impact Committee","NA","NA","OM | Impact","NA","Ecosystem | Incubation","NA","NA","Ecosystem | Pre-Hacking Committee","NA","NA","Ecosystem | Hacking Committee","NA","NA","Ecosystem | Acceleration","NA","NA","Ecosystem | Pre-Impact Committee ","NA","NA","Ecosystem | Impact Committee","NA","NA","Ecosystem | Impact","NA","NA"
"567","Dynaversity","Développer un nouveau cadre de travail adapté aux collaboratrices, en reconnaissant leur ambition, leur potentiel, et leurs responsabilités multiples. Ce cadre leur permettra de trouver un équilibre harmonieux entre ces deux aspects de leur vie.","08/08/2024","13/06/2025","010","Development","active","New Ways of working","LaunchX","SBU Manufacturing","Soumission","08/08/2024","08/08/2024","Operating Model (situation visant à améliorer, optimiser ou changer des process, pratiques ou organisations de travail)","Categorization","NA","NA","Ideation","08/08/2024","17/09/2024","Ideation | Demo Day ","24/09/2024","24/09/2024","Development","25/09/2024","NA","Business | Incubation","NA","NA","Business | Pre-Hacking Committee ","NA","NA","Business | Hacking Committee","NA","NA","Business | Acceleration","NA","NA","Business | Pre-Impact Committee","NA","NA","Business | Impact Committee","NA","NA","Business | Impact","NA","NA","Business | Series B","NA","NA","OM | Incubation","NA","NA","OM | Pre-Hacking Committee","NA","NA","OM | Hacking Committee","NA","NA","OM | Acceleration","NA","NA","OM | Pre-Impact Committee ","NA","NA","OM | Impact Committee","NA","NA","OM | Impact","NA","Ecosystem | Incubation","NA","NA","Ecosystem | Pre-Hacking Committee","NA","NA","Ecosystem | Hacking Committee","NA","NA","Ecosystem | Acceleration","NA","NA","Ecosystem | Pre-Impact Committee ","NA","NA","Ecosystem | Impact Committee","NA","NA","Ecosystem | Impact","NA","NA"
"617","OCP SVR","L'équipe de notre situation OCP SVR est constituée de 05 collaborateurs multidisciplinaires  a largement les moyens et  les compétences nécessaires pour parrainer l’activité plastique industriel et  devenir un leader national en ce domaine.","08/10/2024","13/06/2025","004","Ideation","active","Expertise","LaunchX","SBU Manufacturig Safi","Soumission","08/10/2024","09/10/2024","Business (situation visant à générer des revenus)","Categorization","NA","NA","Ideation","17/12/2024","21/01/2025","Ideation | Demo Day ","22/01/2025","22/01/2025","Development","NA","NA","Business | Incubation","NA","NA","Business | Pre-Hacking Committee ","NA","NA","Business | Hacking Committee","NA","NA","Business | Acceleration","NA","NA","Business | Pre-Impact Committee","NA","NA","Business | Impact Committee","NA","NA","Business | Impact","NA","NA","Business | Series B","NA","NA","OM | Incubation","NA","NA","OM | Pre-Hacking Committee","NA","NA","OM | Hacking Committee","NA","NA","OM | Acceleration","NA","NA","OM | Pre-Impact Committee ","NA","NA","OM | Impact Committee","NA","NA","OM | Impact","NA","Ecosystem | Incubation","NA","NA","Ecosystem | Pre-Hacking Committee","NA","NA","Ecosystem | Hacking Committee","NA","NA","Ecosystem | Acceleration","NA","NA","Ecosystem | Pre-Impact Committee ","NA","NA","Ecosystem | Impact Committee","NA","NA","Ecosystem | Impact","NA","NA"
"678","ECOTOURISME","Ecotourisme :
Une agence de voyage au sein de l'OCP pour but d'offrir des expériences uniques aux collaborateurs ,  faire découvrir les régions OCP , valoriser leurs patrimoine culturel historique tout en soutenant les communité locale","30/11/2024","13/06/2025","005","Development","active","Ecosystem","LaunchX","SBU Manufacturig Safi","Soumission","30/11/2024","NA","Ecosystème (situation visant à créer de la valeur avec l’écosystème du groupe)","Categorization","NA","NA","Ideation","02/12/2024","02/12/2024","Ideation | Demo Day ","06/12/2024","06/12/2024","Development","18/12/2024","NA","Business | Incubation","NA","NA","Business | Pre-Hacking Committee ","NA","NA","Business | Hacking Committee","NA","NA","Business | Acceleration","NA","NA","Business | Pre-Impact Committee","NA","NA","Business | Impact Committee","NA","NA","Business | Impact","NA","NA","Business | Series B","NA","NA","OM | Incubation","NA","NA","OM | Pre-Hacking Committee","NA","NA","OM | Hacking Committee","NA","NA","OM | Acceleration","NA","NA","OM | Pre-Impact Committee ","NA","NA","OM | Impact Committee","NA","NA","OM | Impact","NA","Ecosystem | Incubation","NA","NA","Ecosystem | Pre-Hacking Committee","NA","NA","Ecosystem | Hacking Committee","NA","NA","Ecosystem | Acceleration","NA","NA","Ecosystem | Pre-Impact Committee ","NA","NA","Ecosystem | Impact Committee","NA","NA","Ecosystem | Impact","NA","NA"
"703","OCP TOURISM","Instaurer un nouveau genre de tourisme au Maroc en transformant les sites miniers orphelins en une destination de tourisme industriel et scientifique, combinant activités minières, sportives et de divertissement.","08/12/2024","21/06/2025","002","Ideation","active","NA","LaunchX","SBU Mining Khouribga","Soumission","08/12/2024","29/01/2025","Business (situation visant à générer des revenus)","Categorization","NA","NA","Ideation","16/05/2025","NA","Ideation | Demo Day ","NA","NA","Development","NA","NA","Business | Incubation","NA","NA","Business | Pre-Hacking Committee ","NA","NA","Business | Hacking Committee","NA","NA","Business | Acceleration","NA","NA","Business | Pre-Impact Committee","NA","NA","Business | Impact Committee","NA","NA","Business | Impact","NA","NA","Business | Series B","NA","NA","OM | Incubation","NA","NA","OM | Pre-Hacking Committee","NA","NA","OM | Hacking Committee","NA","NA","OM | Acceleration","NA","NA","OM | Pre-Impact Committee ","NA","NA","OM | Impact Committee","NA","NA","OM | Impact","NA","Ecosystem | Incubation","NA","NA","Ecosystem | Pre-Hacking Committee","NA","NA","Ecosystem | Hacking Committee","NA","NA","Ecosystem | Acceleration","NA","NA","Ecosystem | Pre-Impact Committee ","NA","NA","Ecosystem | Impact Committee","NA","NA","Ecosystem | Impact","NA","NA"
"078","Dust Stop","Le sujet de la situation est la stabilisation du sol et la réduction considérable de la poussière sur les routes et pistes minières","06/07/2024","13/06/2025","004","Development","active","Mining Solutions","Startup Studio","SBU Mining Khouribga","Soumission","06/07/2024","16/07/2024","Ecosystème (situation visant à créer de la valeur avec l’écosystème du groupe)","Categorization","NA","NA","Ideation","16/07/2024","14/02/2025","Ideation | Demo Day ","14/02/2025","14/02/2025","Development","25/02/2025","NA","Business | Incubation","NA","NA","Business | Pre-Hacking Committee ","NA","NA","Business | Hacking Committee","NA","NA","Business | Acceleration","NA","NA","Business | Pre-Impact Committee","NA","NA","Business | Impact Committee","NA","NA","Business | Impact","NA","NA","Business | Series B","NA","NA","OM | Incubation","NA","NA","OM | Pre-Hacking Committee","NA","NA","OM | Hacking Committee","NA","NA","OM | Acceleration","NA","NA","OM | Pre-Impact Committee ","NA","NA","OM | Impact Committee","NA","NA","OM | Impact","NA","Ecosystem | Incubation","NA","NA","Ecosystem | Pre-Hacking Committee","NA","NA","Ecosystem | Hacking Committee","NA","NA","Ecosystem | Acceleration","NA","NA","Ecosystem | Pre-Impact Committee ","NA","NA","Ecosystem | Impact Committee","NA","NA","Ecosystem | Impact","NA","NA"
"093","SMART EPI","L'intégration de la technologie RFID dans les EPI améliore la sécurité industrielle en permettant l'identification et le suivi en temps réel des équipements, assurant ainsi une gestion efficace des risques et une protection optimale des collaborateurs ","06/07/2024","13/06/2025","004","Ideation","active","Health & Safety","Startup Studio","SBU Mining Phosboucraa","Soumission","06/07/2024","12/07/2024","Business (situation visant à générer des revenus)","Categorization","NA","NA","Ideation","12/07/2024","04/09/2024","Ideation | Demo Day ","NA","NA","Development","NA","NA","Business | Incubation","NA","NA","Business | Pre-Hacking Committee ","NA","NA","Business | Hacking Committee","NA","NA","Business | Acceleration","NA","NA","Business | Pre-Impact Committee","NA","NA","Business | Impact Committee","NA","NA","Business | Impact","NA","NA","Business | Series B","NA","NA","OM | Incubation","NA","NA","OM | Pre-Hacking Committee","NA","NA","OM | Hacking Committee","NA","NA","OM | Acceleration","NA","NA","OM | Pre-Impact Committee ","NA","NA","OM | Impact Committee","NA","NA","OM | Impact","NA","Ecosystem | Incubation","NA","NA","Ecosystem | Pre-Hacking Committee","NA","NA","Ecosystem | Hacking Committee","NA","NA","Ecosystem | Acceleration","NA","NA","Ecosystem | Pre-Impact Committee ","NA","NA","Ecosystem | Impact Committee","NA","NA","Ecosystem | Impact","NA","NA"
"098","VARIATECH SOLUTIONS","Projet de conception locale de variateurs industriels pour renforcer l'autonomie technologique, réduire la dépendance aux fournisseurs étrangers, minimiser les coûts, stimuler l'innovation en électrotechnique, développer les compétences locales.","06/07/2024","13/06/2025","007","Development","active","Energy Solutions","Startup Studio","SBU Manufacturing Jorf","Soumission","06/07/2024","12/07/2024","Business (situation visant à générer des revenus)","Categorization","NA","NA","Ideation","12/07/2024","21/01/2025","Ideation | Demo Day ","22/01/2025","22/01/2025","Development","24/01/2025","NA","Business | Incubation","NA","NA","Business | Pre-Hacking Committee ","NA","NA","Business | Hacking Committee","NA","NA","Business | Acceleration","NA","NA","Business | Pre-Impact Committee","NA","NA","Business | Impact Committee","NA","NA","Business | Impact","NA","NA","Business | Series B","NA","NA","OM | Incubation","NA","NA","OM | Pre-Hacking Committee","NA","NA","OM | Hacking Committee","NA","NA","OM | Acceleration","NA","NA","OM | Pre-Impact Committee ","NA","NA","OM | Impact Committee","NA","NA","OM | Impact","NA","Ecosystem | Incubation","NA","NA","Ecosystem | Pre-Hacking Committee","NA","NA","Ecosystem | Hacking Committee","NA","NA","Ecosystem | Acceleration","NA","NA","Ecosystem | Pre-Impact Committee ","NA","NA","Ecosystem | Impact Committee","NA","NA","Ecosystem | Impact","NA","NA"
"103","PhosMaterials Hub","Développement d' un Pole Matériaux pour l'industrie des phosphates en créant un bridge entre la BU Manufacturing et le département MSN de l'UM6P, avec pour ambition de devenir le premier centre marocain d'expertise en matériaux et d'élargir son périmètre ","06/07/2024","13/06/2025","004","Ideation","active","Expertise","Startup Studio","SBU Manufacturig Safi","Soumission","06/07/2024","12/07/2024","Business (situation visant à générer des revenus)","Categorization","NA","NA","Ideation","12/07/2024","22/09/2024","Ideation | Demo Day ","NA","NA","Development","NA","NA","Business | Incubation","NA","NA","Business | Pre-Hacking Committee ","NA","NA","Business | Hacking Committee","NA","NA","Business | Acceleration","NA","NA","Business | Pre-Impact Committee","NA","NA","Business | Impact Committee","NA","NA","Business | Impact","NA","NA","Business | Series B","NA","NA","OM | Incubation","NA","NA","OM | Pre-Hacking Committee","NA","NA","OM | Hacking Committee","NA","NA","OM | Acceleration","NA","NA","OM | Pre-Impact Committee ","NA","NA","OM | Impact Committee","NA","NA","OM | Impact","NA","Ecosystem | Incubation","NA","NA","Ecosystem | Pre-Hacking Committee","NA","NA","Ecosystem | Hacking Committee","NA","NA","Ecosystem | Acceleration","NA","NA","Ecosystem | Pre-Impact Committee ","NA","NA","Ecosystem | Impact Committee","NA","NA","Ecosystem | Impact","NA","NA"
"105","HydroRecover Decanter","In response to Morocco's recent water shortages due to successive years of drought, the OCP Group is committed to optimizing water usage. The objective of this project is to study, design, and manufacture a decanter centrifuge.","06/07/2024","13/06/2025","006","Business | Acceleration","active","Optimisation industrielle","Startup Studio","SBU Mining Khouribga","Soumission","06/07/2024","12/07/2024","Business (situation visant à générer des revenus)","Categorization","NA","NA","Ideation","12/07/2024","15/07/2024","Ideation | Demo Day ","20/07/2024","20/07/2024","Development","29/07/2024","NA","Business | Incubation","28/04/2025","01/05/2025","Business | Pre-Hacking Committee ","NA","NA","Business | Hacking Committee","02/05/2025","02/05/2025","Business | Acceleration","26/05/2025","NA","Business | Pre-Impact Committee","NA","NA","Business | Impact Committee","NA","NA","Business | Impact","NA","NA","Business | Series B","NA","NA","OM | Incubation","NA","NA","OM | Pre-Hacking Committee","NA","NA","OM | Hacking Committee","NA","NA","OM | Acceleration","NA","NA","OM | Pre-Impact Committee ","NA","NA","OM | Impact Committee","NA","NA","OM | Impact","NA","Ecosystem | Incubation","NA","NA","Ecosystem | Pre-Hacking Committee","NA","NA","Ecosystem | Hacking Committee","NA","NA","Ecosystem | Acceleration","NA","NA","Ecosystem | Pre-Impact Committee ","NA","NA","Ecosystem | Impact Committee","NA","NA","Ecosystem | Impact","NA","NA"
"144","ExpertEase Automation","L'idée de notre situation est de développer une capacité interne capable d'offrir du service de maintenance sur des technologies peu présentes sur le continent africain. Notre offre de service inclut la révision les systèmes DCS , la cybersécurité de","06/07/2024","13/06/2025","004","Development","active","Digital","Startup Studio","SBU Manufacturig Safi","Soumission","06/07/2024","15/09/2024","Business (situation visant à générer des revenus)","Categorization","NA","NA","Ideation","15/09/2024","15/09/2024","Ideation | Demo Day ","24/09/2024","24/09/2024","Development","25/09/2024","NA","Business | Incubation","NA","NA","Business | Pre-Hacking Committee ","NA","NA","Business | Hacking Committee","NA","NA","Business | Acceleration","NA","NA","Business | Pre-Impact Committee","NA","NA","Business | Impact Committee","NA","NA","Business | Impact","NA","NA","Business | Series B","NA","NA","OM | Incubation","NA","NA","OM | Pre-Hacking Committee","NA","NA","OM | Hacking Committee","NA","NA","OM | Acceleration","NA","NA","OM | Pre-Impact Committee ","NA","NA","OM | Impact Committee","NA","NA","OM | Impact","NA","Ecosystem | Incubation","NA","NA","Ecosystem | Pre-Hacking Committee","NA","NA","Ecosystem | Hacking Committee","NA","NA","Ecosystem | Acceleration","NA","NA","Ecosystem | Pre-Impact Committee ","NA","NA","Ecosystem | Impact Committee","NA","NA","Ecosystem | Impact","NA","NA"
"234","OCP Secure Solutions","Nous offrons des services en matière de sureté au profit du groupe OCP, son écosystème et d’autres entreprises pour les accompager à faire face aux menaces qui ont un impact dévaste sur leurs réputations, finances et leurs capacités opérationnelles.","06/07/2024","13/06/2025","002","Development","active","Operating Model","Startup Studio","Corporate","Soumission","06/07/2024","16/07/2024","Operating Model (situation visant à améliorer, optimiser ou changer des process, pratiques ou organisations de travail)","Categorization","NA","NA","Ideation","16/07/2024","20/10/2024","Ideation | Demo Day ","25/10/2024","25/10/2024","Development","11/11/2024","NA","Business | Incubation","NA","NA","Business | Pre-Hacking Committee ","NA","NA","Business | Hacking Committee","NA","NA","Business | Acceleration","NA","NA","Business | Pre-Impact Committee","NA","NA","Business | Impact Committee","NA","NA","Business | Impact","NA","NA","Business | Series B","NA","NA","OM | Incubation","NA","NA","OM | Pre-Hacking Committee","NA","NA","OM | Hacking Committee","NA","NA","OM | Acceleration","NA","NA","OM | Pre-Impact Committee ","NA","NA","OM | Impact Committee","NA","NA","OM | Impact","NA","Ecosystem | Incubation","NA","NA","Ecosystem | Pre-Hacking Committee","NA","NA","Ecosystem | Hacking Committee","NA","NA","Ecosystem | Acceleration","NA","NA","Ecosystem | Pre-Impact Committee ","NA","NA","Ecosystem | Impact Committee","NA","NA","Ecosystem | Impact","NA","NA"
"258","TRACK IMMO","Géolocalisation de tous les équipements, soit interchangeables ou consommables en temps réel_x000D_
_x000D_
","06/07/2024","13/06/2025","002","Ideation","active","Digital","Startup Studio","SBU Mining Phosboucraa","Soumission","06/07/2024","11/07/2024","Operating Model (situation visant à améliorer, optimiser ou changer des process, pratiques ou organisations de travail)","Categorization","NA","NA","Ideation","11/07/2024","27/10/2024","Ideation | Demo Day ","NA","NA","Development","NA","NA","Business | Incubation","NA","NA","Business | Pre-Hacking Committee ","NA","NA","Business | Hacking Committee","NA","NA","Business | Acceleration","NA","NA","Business | Pre-Impact Committee","NA","NA","Business | Impact Committee","NA","NA","Business | Impact","NA","NA","Business | Series B","NA","NA","OM | Incubation","NA","NA","OM | Pre-Hacking Committee","NA","NA","OM | Hacking Committee","NA","NA","OM | Acceleration","NA","NA","OM | Pre-Impact Committee ","NA","NA","OM | Impact Committee","NA","NA","OM | Impact","NA","Ecosystem | Incubation","NA","NA","Ecosystem | Pre-Hacking Committee","NA","NA","Ecosystem | Hacking Committee","NA","NA","Ecosystem | Acceleration","NA","NA","Ecosystem | Pre-Impact Committee ","NA","NA","Ecosystem | Impact Committee","NA","NA","Ecosystem | Impact","NA","NA"
"325","FertilMexico","Création d’une Marketplace agricole pour la vente d’engrais au Mexique, spécifiquement dans la région de Baja California. L’objectif est d’améliorer l’accès aux engrais pour les agriculteurs locaux tout en exploitant des relations et une expérience perso","06/07/2024","13/06/2025","002","Ideation","active","Fertilizers & Farmers Solutions","Startup Studio","SBU Mining Phosboucraa","Soumission","06/07/2024","01/08/2024","Business (situation visant à générer des revenus)","Categorization","NA","NA","Ideation","01/08/2024","13/02/2025","Ideation | Demo Day ","NA","NA","Development","NA","NA","Business | Incubation","NA","NA","Business | Pre-Hacking Committee ","NA","NA","Business | Hacking Committee","NA","NA","Business | Acceleration","NA","NA","Business | Pre-Impact Committee","NA","NA","Business | Impact Committee","NA","NA","Business | Impact","NA","NA","Business | Series B","NA","NA","OM | Incubation","NA","NA","OM | Pre-Hacking Committee","NA","NA","OM | Hacking Committee","NA","NA","OM | Acceleration","NA","NA","OM | Pre-Impact Committee ","NA","NA","OM | Impact Committee","NA","NA","OM | Impact","NA","Ecosystem | Incubation","NA","NA","Ecosystem | Pre-Hacking Committee","NA","NA","Ecosystem | Hacking Committee","NA","NA","Ecosystem | Acceleration","NA","NA","Ecosystem | Pre-Impact Committee ","NA","NA","Ecosystem | Impact Committee","NA","NA","Ecosystem | Impact","NA","NA"
"342","BiOliveGas","BiOliveGas : notre mission est de transformer un problème environnemental en une opportunité économique à travers la transformation des déchets oléicole en énergie vertes et en biofertilisants.","06/07/2024","13/06/2025","003","Development","active","Energy Solutions","Startup Studio","SBU Mining  ","Soumission","06/07/2024","11/07/2024","Operating Model (situation visant à améliorer, optimiser ou changer des process, pratiques ou organisations de travail)","Categorization","NA","NA","Ideation","11/07/2024","21/10/2024","Ideation | Demo Day ","25/10/2024","25/10/2024","Development","11/11/2024","NA","Business | Incubation","NA","NA","Business | Pre-Hacking Committee ","NA","NA","Business | Hacking Committee","NA","NA","Business | Acceleration","NA","NA","Business | Pre-Impact Committee","NA","NA","Business | Impact Committee","NA","NA","Business | Impact","NA","NA","Business | Series B","NA","NA","OM | Incubation","NA","NA","OM | Pre-Hacking Committee","NA","NA","OM | Hacking Committee","NA","NA","OM | Acceleration","NA","NA","OM | Pre-Impact Committee ","NA","NA","OM | Impact Committee","NA","NA","OM | Impact","NA","Ecosystem | Incubation","NA","NA","Ecosystem | Pre-Hacking Committee","NA","NA","Ecosystem | Hacking Committee","NA","NA","Ecosystem | Acceleration","NA","NA","Ecosystem | Pre-Impact Committee ","NA","NA","Ecosystem | Impact Committee","NA","NA","Ecosystem | Impact","NA","NA"
"370","O'PULSE - Data  Plateform","Solution d'acquisition des données en automatique pour servir les use cases de la mine.","06/07/2024","13/06/2025","001","Development","active","Digital","Startup Studio","SBU Manufacturing Jorf","Soumission","06/07/2024","04/10/2024","Business (situation visant à générer des revenus)","Categorization","NA","NA","Ideation","15/10/2024","21/10/2024","Ideation | Demo Day ","25/10/2024","25/10/2024","Development","11/11/2024","NA","Business | Incubation","NA","NA","Business | Pre-Hacking Committee ","NA","NA","Business | Hacking Committee","NA","NA","Business | Acceleration","NA","NA","Business | Pre-Impact Committee","NA","NA","Business | Impact Committee","NA","NA","Business | Impact","NA","NA","Business | Series B","NA","NA","OM | Incubation","NA","NA","OM | Pre-Hacking Committee","NA","NA","OM | Hacking Committee","NA","NA","OM | Acceleration","NA","NA","OM | Pre-Impact Committee ","NA","NA","OM | Impact Committee","NA","NA","OM | Impact","NA","Ecosystem | Incubation","NA","NA","Ecosystem | Pre-Hacking Committee","NA","NA","Ecosystem | Hacking Committee","NA","NA","Ecosystem | Acceleration","NA","NA","Ecosystem | Pre-Impact Committee ","NA","NA","Ecosystem | Impact Committee","NA","NA","Ecosystem | Impact","NA","NA"
"376","Phosphorus4Health","Valorisation de l'acide phosphorique purifié : applications innovantes dans le secteur de la santé.","06/07/2024","13/06/2025","003","Development","active","Health & Safety","Startup Studio","Corporate","Soumission","06/07/2024","NA","Business (situation visant à générer des revenus)","Categorization","NA","NA","Ideation","15/10/2024","20/10/2024","Ideation | Demo Day ","25/10/2024","25/10/2024","Development","11/11/2024","NA","Business | Incubation","NA","NA","Business | Pre-Hacking Committee ","NA","NA","Business | Hacking Committee","NA","NA","Business | Acceleration","NA","NA","Business | Pre-Impact Committee","NA","NA","Business | Impact Committee","NA","NA","Business | Impact","NA","NA","Business | Series B","NA","NA","OM | Incubation","NA","NA","OM | Pre-Hacking Committee","NA","NA","OM | Hacking Committee","NA","NA","OM | Acceleration","NA","NA","OM | Pre-Impact Committee ","NA","NA","OM | Impact Committee","NA","NA","OM | Impact","NA","Ecosystem | Incubation","NA","NA","Ecosystem | Pre-Hacking Committee","NA","NA","Ecosystem | Hacking Committee","NA","NA","Ecosystem | Acceleration","NA","NA","Ecosystem | Pre-Impact Committee ","NA","NA","Ecosystem | Impact Committee","NA","NA","Ecosystem | Impact","NA","NA"
"428","M&P DRIVER","Les opérations d’exécution de la maintenance et des travaux process ainsi que l'interaction entre elles, sont des opérations lourdes, non traqués, où des données et du savoir sont partagés. MP DRIVER, envisage de résoudre ce problm et valoriser cette Data","06/07/2024","13/06/2025","003","Development","active","Digital","Startup Studio","SBU Manufacturig Safi","Soumission","06/07/2024","15/07/2024","Business (situation visant à générer des revenus)","Categorization","NA","NA","Ideation","15/07/2024","18/07/2024","Ideation | Demo Day ","20/07/2024","20/07/2024","Development","29/07/2024","NA","Business | Incubation","NA","NA","Business | Pre-Hacking Committee ","NA","NA","Business | Hacking Committee","NA","NA","Business | Acceleration","NA","NA","Business | Pre-Impact Committee","NA","NA","Business | Impact Committee","NA","NA","Business | Impact","NA","NA","Business | Series B","NA","NA","OM | Incubation","NA","NA","OM | Pre-Hacking Committee","NA","NA","OM | Hacking Committee","NA","NA","OM | Acceleration","NA","NA","OM | Pre-Impact Committee ","NA","NA","OM | Impact Committee","NA","NA","OM | Impact","NA","Ecosystem | Incubation","NA","NA","Ecosystem | Pre-Hacking Committee","NA","NA","Ecosystem | Hacking Committee","NA","NA","Ecosystem | Acceleration","NA","NA","Ecosystem | Pre-Impact Committee ","NA","NA","Ecosystem | Impact Committee","NA","NA","Ecosystem | Impact","NA","NA"
"470","OCP Déchets Solutions ""ODS""","Nous visons à établir un model  complet de gestion des déchets de bout en bout  , L’objectif est de cibler directement le client final sans passer par les intermédiaires. Grâce au recyclage et à l’économie circulaire, les déchets deviennent des ressources","06/07/2024","13/06/2025","001","Ideation","active","Sustainability","Startup Studio","SBU Manufacturing Jorf","Soumission","06/07/2024","04/12/2024","Business (situation visant à générer des revenus)","Categorization","NA","NA","Ideation","16/12/2024","14/02/2025","Ideation | Demo Day ","14/02/2025","14/02/2025","Development","NA","NA","Business | Incubation","NA","NA","Business | Pre-Hacking Committee ","NA","NA","Business | Hacking Committee","NA","NA","Business | Acceleration","NA","NA","Business | Pre-Impact Committee","NA","NA","Business | Impact Committee","NA","NA","Business | Impact","NA","NA","Business | Series B","NA","NA","OM | Incubation","NA","NA","OM | Pre-Hacking Committee","NA","NA","OM | Hacking Committee","NA","NA","OM | Acceleration","NA","NA","OM | Pre-Impact Committee ","NA","NA","OM | Impact Committee","NA","NA","OM | Impact","NA","Ecosystem | Incubation","NA","NA","Ecosystem | Pre-Hacking Committee","NA","NA","Ecosystem | Hacking Committee","NA","NA","Ecosystem | Acceleration","NA","NA","Ecosystem | Pre-Impact Committee ","NA","NA","Ecosystem | Impact Committee","NA","NA","Ecosystem | Impact","NA","NA"
"471","SA Self Heating Plant","La solution consiste à installer des dispositifs de maintien de la température des masses du convertisseur ainsi qu’un dispositif automatique d’allumage de souffre_x000D_
","06/07/2024","13/06/2025","006","Development","active","Sustainability","Startup Studio","SBU Manufacturig Safi","Soumission","06/07/2024","11/07/2024","Business (situation visant à générer des revenus)","Categorization","NA","NA","Ideation","11/07/2024","15/09/2024","Ideation | Demo Day ","24/09/2024","24/09/2024","Development","25/09/2024","NA","Business | Incubation","NA","NA","Business | Pre-Hacking Committee ","NA","NA","Business | Hacking Committee","NA","NA","Business | Acceleration","NA","NA","Business | Pre-Impact Committee","NA","NA","Business | Impact Committee","NA","NA","Business | Impact","NA","NA","Business | Series B","NA","NA","OM | Incubation","NA","NA","OM | Pre-Hacking Committee","NA","NA","OM | Hacking Committee","NA","NA","OM | Acceleration","NA","NA","OM | Pre-Impact Committee ","NA","NA","OM | Impact Committee","NA","NA","OM | Impact","NA","Ecosystem | Incubation","NA","NA","Ecosystem | Pre-Hacking Committee","NA","NA","Ecosystem | Hacking Committee","NA","NA","Ecosystem | Acceleration","NA","NA","Ecosystem | Pre-Impact Committee ","NA","NA","Ecosystem | Impact Committee","NA","NA","Ecosystem | Impact","NA","NA"
"558","PyroPure Solutions","Our recycling company is a start-up that aims to address the pressing issue of plastic waste pollution by converting plastic waste into useful resources","24/07/2024","13/06/2025","006","Business | Acceleration","active","Recycling & Waste Management","Startup Studio","SBU Manufacturing","Soumission","24/07/2024","24/07/2024","Business (situation visant à générer des revenus)","Categorization","NA","NA","Ideation","24/07/2024","21/10/2024","Ideation | Demo Day ","25/10/2024","25/10/2024","Development","11/11/2024","NA","Business | Incubation","28/04/2025","30/04/2025","Business | Pre-Hacking Committee ","NA","NA","Business | Hacking Committee","01/05/2025","01/05/2025","Business | Acceleration","26/05/2025","NA","Business | Pre-Impact Committee","NA","NA","Business | Impact Committee","NA","NA","Business | Impact","NA","NA","Business | Series B","NA","NA","OM | Incubation","NA","NA","OM | Pre-Hacking Committee","NA","NA","OM | Hacking Committee","NA","NA","OM | Acceleration","NA","NA","OM | Pre-Impact Committee ","NA","NA","OM | Impact Committee","NA","NA","OM | Impact","NA","Ecosystem | Incubation","NA","NA","Ecosystem | Pre-Hacking Committee","NA","NA","Ecosystem | Hacking Committee","NA","NA","Ecosystem | Acceleration","NA","NA","Ecosystem | Pre-Impact Committee ","NA","NA","Ecosystem | Impact Committee","NA","NA","Ecosystem | Impact","NA","NA"
"579","OCEAN'S ENERGY","Energie houlomotrice et marémotrice pour le dessalement et le transfert d’eau de mer sans recours à l’électricité","26/08/2024","26/06/2025","004","Ideation","active","Energy Solutions","Startup Studio","SBU Manufacturing Jorf","Soumission","26/08/2024","26/08/2024","Business (situation visant à générer des revenus)","Categorization","NA","NA","Ideation","26/08/2024","26/06/2025","Ideation | Demo Day ","NA","NA","Development","NA","NA","Business | Incubation","NA","NA","Business | Pre-Hacking Committee ","NA","NA","Business | Hacking Committee","NA","NA","Business | Acceleration","NA","NA","Business | Pre-Impact Committee","NA","NA","Business | Impact Committee","NA","NA","Business | Impact","NA","NA","Business | Series B","NA","NA","OM | Incubation","NA","NA","OM | Pre-Hacking Committee","NA","NA","OM | Hacking Committee","NA","NA","OM | Acceleration","NA","NA","OM | Pre-Impact Committee ","NA","NA","OM | Impact Committee","NA","NA","OM | Impact","NA","Ecosystem | Incubation","NA","NA","Ecosystem | Pre-Hacking Committee","NA","NA","Ecosystem | Hacking Committee","NA","NA","Ecosystem | Acceleration","NA","NA","Ecosystem | Pre-Impact Committee ","NA","NA","Ecosystem | Impact Committee","NA","NA","Ecosystem | Impact","NA","NA"
"519","The Valuable Wastes (VW)","Une ambition de contribuer aux efforts de minimisation des impacts environnementaux et assurer la durabilité des activités minières, en faisant des résidus miniers une opportunité pour le groupe, par un Quick Delivery de solution ayant des TRLs élevés._x000D_
","06/07/2024","13/06/2025","009","Development","active","Sustainability","Startup Studio,Valyans","SBU Mining ","Soumission","06/07/2024","13/07/2024","Business (situation visant à générer des revenus)","Categorization","NA","NA","Ideation","13/07/2024","15/09/2024","Ideation | Demo Day ","20/07/2024","20/07/2024","Development","25/09/2024","NA","Business | Incubation","NA","NA","Business | Pre-Hacking Committee ","NA","NA","Business | Hacking Committee","NA","NA","Business | Acceleration","NA","NA","Business | Pre-Impact Committee","NA","NA","Business | Impact Committee","NA","NA","Business | Impact","NA","NA","Business | Series B","NA","NA","OM | Incubation","NA","NA","OM | Pre-Hacking Committee","NA","NA","OM | Hacking Committee","NA","NA","OM | Acceleration","NA","NA","OM | Pre-Impact Committee ","NA","NA","OM | Impact Committee","NA","NA","OM | Impact","NA","Ecosystem | Incubation","NA","NA","Ecosystem | Pre-Hacking Committee","NA","NA","Ecosystem | Hacking Committee","NA","NA","Ecosystem | Acceleration","NA","NA","Ecosystem | Pre-Impact Committee ","NA","NA","Ecosystem | Impact Committee","NA","NA","Ecosystem | Impact","NA","NA"
"004","Akhdar Event","Transformer l'ensemble des événements OCP en rendez-vous éco-socio responsables, puis entendre cette initiative au Maroc et en Afrique à travers un process de labélisation innovant, pionnier en Afrique.","07/06/2024","13/06/2025","002","Development","active","Evènementiel","Valyans","Corporate","Soumission","07/06/2024","11/07/2024","Business (situation visant à générer des revenus)","Categorization","NA","NA","Ideation","11/07/2024","14/09/2024","Ideation | Demo Day ","24/09/2024","24/09/2024","Development","25/09/2024","NA","Business | Incubation","NA","NA","Business | Pre-Hacking Committee ","NA","NA","Business | Hacking Committee","NA","NA","Business | Acceleration","NA","NA","Business | Pre-Impact Committee","NA","NA","Business | Impact Committee","NA","NA","Business | Impact","NA","NA","Business | Series B","NA","NA","OM | Incubation","NA","NA","OM | Pre-Hacking Committee","NA","NA","OM | Hacking Committee","NA","NA","OM | Acceleration","NA","NA","OM | Pre-Impact Committee ","NA","NA","OM | Impact Committee","NA","NA","OM | Impact","NA","Ecosystem | Incubation","NA","NA","Ecosystem | Pre-Hacking Committee","NA","NA","Ecosystem | Hacking Committee","NA","NA","Ecosystem | Acceleration","NA","NA","Ecosystem | Pre-Impact Committee ","NA","NA","Ecosystem | Impact Committee","NA","NA","Ecosystem | Impact","NA","NA"
"149","OCP Circular Technologies","OCP Circular Technolgies est la situation pensée pour créer de la valeur ajoutée et de nouveaux business pour notre groupe à travers la valorisation des ‘by products’ et des ‘déchets’ générés par nos activités depuis l’extraction jusqu’aux produits finis.","06/07/2024","13/06/2025","011","Business | Acceleration","active","Sustainability","Valyans","SBU Manufacturing  ","Soumission","06/07/2024","09/08/2024","Business (situation visant à générer des revenus)","Categorization","NA","NA","Ideation","09/08/2024","14/09/2024","Ideation | Demo Day ","24/09/2024","24/09/2024","Development","25/09/2024","NA","Business | Incubation","15/01/2025","16/01/2025","Business | Pre-Hacking Committee ","NA","NA","Business | Hacking Committee","16/01/2025","16/01/2025","Business | Acceleration","28/04/2025","NA","Business | Pre-Impact Committee","NA","NA","Business | Impact Committee","NA","NA","Business | Impact","NA","NA","Business | Series B","NA","NA","OM | Incubation","NA","NA","OM | Pre-Hacking Committee","NA","NA","OM | Hacking Committee","NA","NA","OM | Acceleration","NA","NA","OM | Pre-Impact Committee ","NA","NA","OM | Impact Committee","NA","NA","OM | Impact","NA","Ecosystem | Incubation","NA","NA","Ecosystem | Pre-Hacking Committee","NA","NA","Ecosystem | Hacking Committee","NA","NA","Ecosystem | Acceleration","NA","NA","Ecosystem | Pre-Impact Committee ","NA","NA","Ecosystem | Impact Committee","NA","NA","Ecosystem | Impact","NA","NA"
"173","Global Facility Management","L'idée de la situation est de créer une entité dédiée au sein du Groupe pour améliorer la gestion du Facility Management tertiaire, englobant le nettoyage, le gardiennage, les espaces verts, la restauration, et la maintenance des bâtiments et équipements.","06/07/2024","13/06/2025","016","Development","active","Facility Management","Valyans","SBU Mining ","Soumission","06/07/2024","11/07/2024","Operating Model (situation visant à améliorer, optimiser ou changer des process, pratiques ou organisations de travail)","Categorization","NA","NA","Ideation","10/07/2024","16/07/2024","Ideation | Demo Day ","20/07/2024","20/07/2024","Development","29/07/2024","NA","Business | Incubation","NA","NA","Business | Pre-Hacking Committee ","NA","NA","Business | Hacking Committee","NA","NA","Business | Acceleration","NA","NA","Business | Pre-Impact Committee","NA","NA","Business | Impact Committee","NA","NA","Business | Impact","NA","NA","Business | Series B","NA","NA","OM | Incubation","NA","NA","OM | Pre-Hacking Committee","NA","NA","OM | Hacking Committee","NA","NA","OM | Acceleration","NA","NA","OM | Pre-Impact Committee ","NA","NA","OM | Impact Committee","NA","NA","OM | Impact","NA","Ecosystem | Incubation","NA","NA","Ecosystem | Pre-Hacking Committee","NA","NA","Ecosystem | Hacking Committee","NA","NA","Ecosystem | Acceleration","NA","NA","Ecosystem | Pre-Impact Committee ","NA","NA","Ecosystem | Impact Committee","NA","NA","Ecosystem | Impact","NA","NA"
"465","Blockchain CenterOfExcellence","Centre d’Excellence pour accélerer l'adoption de solutions blockchain innovantes en soutien de la transformation digitale du groupe.","06/07/2024","13/06/2025","004","OM | Acceleration","active","Blockchain","Valyans","Corporate","Soumission","06/07/2024","20/07/2024","Ecosystème (situation visant à créer de la valeur avec l’écosystème du groupe)","Categorization","NA","NA","Ideation","20/07/2024","20/07/2024","Ideation | Demo Day ","20/07/2024","20/07/2024","Development","29/07/2024","NA","Business | Incubation","NA","NA","Business | Pre-Hacking Committee ","NA","NA","Business | Hacking Committee","NA","NA","Business | Acceleration","NA","NA","Business | Pre-Impact Committee","NA","NA","Business | Impact Committee","NA","NA","Business | Impact","NA","NA","Business | Series B","NA","NA","OM | Incubation","28/04/2025","30/04/2025","OM | Pre-Hacking Committee","NA","NA","OM | Hacking Committee","01/05/2025","01/05/2025","OM | Acceleration","26/05/2025","NA","OM | Pre-Impact Committee ","NA","NA","OM | Impact Committee","NA","NA","OM | Impact","NA","Ecosystem | Incubation","NA","NA","Ecosystem | Pre-Hacking Committee","NA","NA","Ecosystem | Hacking Committee","NA","NA","Ecosystem | Acceleration","NA","NA","Ecosystem | Pre-Impact Committee ","NA","NA","Ecosystem | Impact Committee","NA","NA","Ecosystem | Impact","NA","NA"
"483","SmartFleet","Nous proposons de développer une solution de gestion de parc des engins en interne (FMS) basée sur l'intelligence artificielle, qui répondra aux besoins spécifiques d’OCP tout en capturant les opportunités de marché Marocain et Africain.","06/07/2024","13/06/2025","001","Development","active","Digital","Valyans","Corporate","Soumission","06/07/2024","11/07/2024","Business (situation visant à générer des revenus)","Categorization","NA","NA","Ideation","11/07/2024","16/07/2024","Ideation | Demo Day ","20/07/2024","20/07/2024","Development","29/07/2024","NA","Business | Incubation","NA","NA","Business | Pre-Hacking Committee ","NA","NA","Business | Hacking Committee","NA","NA","Business | Acceleration","NA","NA","Business | Pre-Impact Committee","NA","NA","Business | Impact Committee","NA","NA","Business | Impact","NA","NA","Business | Series B","NA","NA","OM | Incubation","NA","NA","OM | Pre-Hacking Committee","NA","NA","OM | Hacking Committee","NA","NA","OM | Acceleration","NA","NA","OM | Pre-Impact Committee ","NA","NA","OM | Impact Committee","NA","NA","OM | Impact","NA","Ecosystem | Incubation","NA","NA","Ecosystem | Pre-Hacking Committee","NA","NA","Ecosystem | Hacking Committee","NA","NA","Ecosystem | Acceleration","NA","NA","Ecosystem | Pre-Impact Committee ","NA","NA","Ecosystem | Impact Committee","NA","NA","Ecosystem | Impact","NA","NA"
"500","SIMPLE Captive","Insurtech/captive d'assurance (Courtier) qui exploitera les dernières technologies telles que l'IA, le ML, pour réinventer le secteur du courtage en assurance traditionnelle au sein du groupe. ","06/07/2024","13/06/2025","002","Development","active","Finance","Valyans","Corporate","Soumission","06/07/2024","11/07/2024","Business (situation visant à générer des revenus)","Categorization","NA","NA","Ideation","11/07/2024","16/07/2024","Ideation | Demo Day ","20/07/2024","20/07/2024","Development","29/07/2024","NA","Business | Incubation","NA","NA","Business | Pre-Hacking Committee ","NA","NA","Business | Hacking Committee","NA","NA","Business | Acceleration","NA","NA","Business | Pre-Impact Committee","NA","NA","Business | Impact Committee","NA","NA","Business | Impact","NA","NA","Business | Series B","NA","NA","OM | Incubation","NA","NA","OM | Pre-Hacking Committee","NA","NA","OM | Hacking Committee","NA","NA","OM | Acceleration","NA","NA","OM | Pre-Impact Committee ","NA","NA","OM | Impact Committee","NA","NA","OM | Impact","NA","Ecosystem | Incubation","NA","NA","Ecosystem | Pre-Hacking Committee","NA","NA","Ecosystem | Hacking Committee","NA","NA","Ecosystem | Acceleration","NA","NA","Ecosystem | Pre-Impact Committee ","NA","NA","Ecosystem | Impact Committee","NA","NA","Ecosystem | Impact","NA","NA"
"507","ROCK PAPER","Le projet consiste à fabriquer le papier à partir de roches de calcaire, une ressource abondante et largement disponible au Maroc. Comparé au papier bois, il présente plusieurs avantages significatifs  : durabilité, renouvelabilité et écologie.","06/07/2024","13/06/2025","004","Development","active","Rock Solutions","Valyans","SBU Mining Khouribga","Soumission","06/07/2024","17/07/2024","Business (situation visant à générer des revenus)","Categorization","NA","NA","Ideation","17/07/2024","28/07/2024","Ideation | Demo Day ","25/10/2024","25/10/2024","Development","11/11/2024","29/04/2025","Business | Incubation","NA","NA","Business | Pre-Hacking Committee ","NA","NA","Business | Hacking Committee","NA","NA","Business | Acceleration","NA","NA","Business | Pre-Impact Committee","NA","NA","Business | Impact Committee","NA","NA","Business | Impact","NA","NA","Business | Series B","NA","NA","OM | Incubation","NA","NA","OM | Pre-Hacking Committee","NA","NA","OM | Hacking Committee","NA","NA","OM | Acceleration","NA","NA","OM | Pre-Impact Committee ","NA","NA","OM | Impact Committee","NA","NA","OM | Impact","NA","Ecosystem | Incubation","NA","NA","Ecosystem | Pre-Hacking Committee","NA","NA","Ecosystem | Hacking Committee","NA","NA","Ecosystem | Acceleration","NA","NA","Ecosystem | Pre-Impact Committee ","NA","NA","Ecosystem | Impact Committee","NA","NA","Ecosystem | Impact","NA","NA"
"516","Agri Ai","Agri AI is a situation specializing in Agritech, offering an artificial intelligence application capable of diagnosing crop issues in real time and recommending personalized solutions. ","06/07/2024","13/06/2025","002","Business | Acceleration","active","Fertilizers & Farmers Solutions","Valyans","Corporate","Soumission","06/07/2024","11/07/2024","Business (situation visant à générer des revenus)","Categorization","NA","NA","Ideation","11/07/2024","12/07/2024","Ideation | Demo Day ","20/07/2024","20/07/2024","Development","29/07/2024","NA","Business | Incubation","15/01/2025","15/01/2025","Business | Pre-Hacking Committee ","NA","NA","Business | Hacking Committee","16/01/2025","16/01/2025","Business | Acceleration","28/04/2025","NA","Business | Pre-Impact Committee","NA","NA","Business | Impact Committee","NA","NA","Business | Impact","NA","NA","Business | Series B","NA","NA","OM | Incubation","NA","NA","OM | Pre-Hacking Committee","NA","NA","OM | Hacking Committee","NA","NA","OM | Acceleration","NA","NA","OM | Pre-Impact Committee ","NA","NA","OM | Impact Committee","NA","NA","OM | Impact","NA","Ecosystem | Incubation","NA","NA","Ecosystem | Pre-Hacking Committee","NA","NA","Ecosystem | Hacking Committee","NA","NA","Ecosystem | Acceleration","NA","NA","Ecosystem | Pre-Impact Committee ","NA","NA","Ecosystem | Impact Committee","NA","NA","Ecosystem | Impact","NA","NA"
"530","OCP AlgoBiotech","Valorisation du CO2 capturé et des effluents industriels au niveau du complexe chimique de Jorf Lasfar pour produire des biostimulants et du biodiesel via la culture de micro-algues. ","12/07/2024","13/06/2025","004","Development","active","Sustainability","Valyans","SBU Manufacturing Jorf","Soumission","12/07/2024","14/07/2024","Business (situation visant à générer des revenus)","Categorization","NA","NA","Ideation","14/07/2024","14/07/2024","Ideation | Demo Day ","20/07/2024","20/07/2024","Development","25/09/2024","NA","Business | Incubation","NA","NA","Business | Pre-Hacking Committee ","NA","NA","Business | Hacking Committee","NA","NA","Business | Acceleration","NA","NA","Business | Pre-Impact Committee","NA","NA","Business | Impact Committee","NA","NA","Business | Impact","NA","NA","Business | Series B","NA","NA","OM | Incubation","NA","NA","OM | Pre-Hacking Committee","NA","NA","OM | Hacking Committee","NA","NA","OM | Acceleration","NA","NA","OM | Pre-Impact Committee ","NA","NA","OM | Impact Committee","NA","NA","OM | Impact","NA","Ecosystem | Incubation","NA","NA","Ecosystem | Pre-Hacking Committee","NA","NA","Ecosystem | Hacking Committee","NA","NA","Ecosystem | Acceleration","NA","NA","Ecosystem | Pre-Impact Committee ","NA","NA","Ecosystem | Impact Committee","NA","NA","Ecosystem | Impact","NA","NA"
"728","L’énergie osmotique au JORF","L’énergie osmotique désigne l’énergie exploitable à partir de la différence de salinité entre l’eau de mer et l’eau douce, les deux natures d’eau étant séparées par une membrane semi-perméable.","23/12/2024","21/06/2025","004","Ideation","active","NA","NA","SBU Mining Khouribga","Soumission","23/12/2024","23/12/2024","Business (situation visant à générer des revenus)","Categorization","NA","NA","Ideation","16/05/2025","NA","Ideation | Demo Day ","NA","NA","Development","NA","NA","Business | Incubation","NA","NA","Business | Pre-Hacking Committee ","NA","NA","Business | Hacking Committee","NA","NA","Business | Acceleration","NA","NA","Business | Pre-Impact Committee","NA","NA","Business | Impact Committee","NA","NA","Business | Impact","NA","NA","Business | Series B","NA","NA","OM | Incubation","NA","NA","OM | Pre-Hacking Committee","NA","NA","OM | Hacking Committee","NA","NA","OM | Acceleration","NA","NA","OM | Pre-Impact Committee ","NA","NA","OM | Impact Committee","NA","NA","OM | Impact","NA","Ecosystem | Incubation","NA","NA","Ecosystem | Pre-Hacking Committee","NA","NA","Ecosystem | Hacking Committee","NA","NA","Ecosystem | Acceleration","NA","NA","Ecosystem | Pre-Impact Committee ","NA","NA","Ecosystem | Impact Committee","NA","NA","Ecosystem | Impact","NA","NA"
"731","La dalle creuse","Parmi les nouveaux techniques de construction des dalles, on trouve des dalles creuses qui reposent sur l'utilisation des ballons en plastique attachés à des armatures pour donner des avantages économiques et techniques  à chaque construction.","23/12/2024","13/06/2025","001","Ideation","active","NA","NA","SBU Manufacturing Jorf","Soumission","23/12/2024","13/01/2025","Business (situation visant à générer des revenus)","Categorization","NA","NA","Ideation","05/02/2025","10/04/2025","Ideation | Demo Day ","NA","NA","Development","NA","NA","Business | Incubation","NA","NA","Business | Pre-Hacking Committee ","NA","NA","Business | Hacking Committee","NA","NA","Business | Acceleration","NA","NA","Business | Pre-Impact Committee","NA","NA","Business | Impact Committee","NA","NA","Business | Impact","NA","NA","Business | Series B","NA","NA","OM | Incubation","NA","NA","OM | Pre-Hacking Committee","NA","NA","OM | Hacking Committee","NA","NA","OM | Acceleration","NA","NA","OM | Pre-Impact Committee ","NA","NA","OM | Impact Committee","NA","NA","OM | Impact","NA","Ecosystem | Incubation","NA","NA","Ecosystem | Pre-Hacking Committee","NA","NA","Ecosystem | Hacking Committee","NA","NA","Ecosystem | Acceleration","NA","NA","Ecosystem | Pre-Impact Committee ","NA","NA","Ecosystem | Impact Committee","NA","NA","Ecosystem | Impact","NA","NA"
"734","Tire Recycling","Le Recyclage des pneus et des bandes usagées du Groupe OCP consiste à transformer ces déchets en pavés de caoutchouc,contribuant à la valorisation des matériaux,à la réduction des déchets et à la production de solutions durables pour l'aménagement urbain.","26/12/2024","21/06/2025","001","Ideation","active","NA","NA","SBU Mining Gantour","Soumission","26/12/2024","NA","Business (situation visant à générer des revenus)","Categorization","NA","NA","Ideation","27/01/2025","NA","Ideation | Demo Day ","NA","NA","Development","NA","NA","Business | Incubation","NA","NA","Business | Pre-Hacking Committee ","NA","NA","Business | Hacking Committee","NA","NA","Business | Acceleration","NA","NA","Business | Pre-Impact Committee","NA","NA","Business | Impact Committee","NA","NA","Business | Impact","NA","NA","Business | Series B","NA","NA","OM | Incubation","NA","NA","OM | Pre-Hacking Committee","NA","NA","OM | Hacking Committee","NA","NA","OM | Acceleration","NA","NA","OM | Pre-Impact Committee ","NA","NA","OM | Impact Committee","NA","NA","OM | Impact","NA","Ecosystem | Incubation","NA","NA","Ecosystem | Pre-Hacking Committee","NA","NA","Ecosystem | Hacking Committee","NA","NA","Ecosystem | Acceleration","NA","NA","Ecosystem | Pre-Impact Committee ","NA","NA","Ecosystem | Impact Committee","NA","NA","Ecosystem | Impact","NA","NA"
"735","Online ANALYSIS","LE BUT DE LA SITUATION ""ONLINE ANALYSIS"" EST LA FABRICATION DES ANALYSEURS CHIMIQUES EN LIGNE  POUR LA STABILISATION DE PROCESS CHIMIQUE.  ""SULAB430"" C'EST UN MODEL D'ANALYSEUR DE SULFATE LIBRE  EST  LE DEPART MODELS DE CETTE SITUATION.","26/12/2024","13/06/2025","003","Development","active","NA","NA","SBU Manufacturing Jorf","Soumission","26/12/2024","12/01/2025","Business (situation visant à générer des revenus)","Categorization","NA","NA","Ideation","28/01/2025","12/05/2025","Ideation | Demo Day ","16/05/2025","16/05/2025","Development","26/05/2025","NA","Business | Incubation","NA","NA","Business | Pre-Hacking Committee ","NA","NA","Business | Hacking Committee","NA","NA","Business | Acceleration","NA","NA","Business | Pre-Impact Committee","NA","NA","Business | Impact Committee","NA","NA","Business | Impact","NA","NA","Business | Series B","NA","NA","OM | Incubation","NA","NA","OM | Pre-Hacking Committee","NA","NA","OM | Hacking Committee","NA","NA","OM | Acceleration","NA","NA","OM | Pre-Impact Committee ","NA","NA","OM | Impact Committee","NA","NA","OM | Impact","NA","Ecosystem | Incubation","NA","NA","Ecosystem | Pre-Hacking Committee","NA","NA","Ecosystem | Hacking Committee","NA","NA","Ecosystem | Acceleration","NA","NA","Ecosystem | Pre-Impact Committee ","NA","NA","Ecosystem | Impact Committee","NA","NA","Ecosystem | Impact","NA","NA"
"737","Digital chemical stores","Gréer une plateforme digitale regroupe les magasins des laboratoires de la SBU Mining en but d’optimiser la commande et l’échange entre ils pour éviter les ruptures des stocks .","28/12/2024","13/06/2025","003","Ideation","active","NA","NA","SBU Mining Phosboucraa","Soumission","28/12/2024","06/01/2025","Operating Model (situation visant à améliorer, optimiser ou changer des process, pratiques ou organisations de travail)","Categorization","NA","NA","Ideation","16/05/2025","NA","Ideation | Demo Day ","NA","NA","Development","NA","NA","Business | Incubation","NA","NA","Business | Pre-Hacking Committee ","NA","NA","Business | Hacking Committee","NA","NA","Business | Acceleration","NA","NA","Business | Pre-Impact Committee","NA","NA","Business | Impact Committee","NA","NA","Business | Impact","NA","NA","Business | Series B","NA","NA","OM | Incubation","NA","NA","OM | Pre-Hacking Committee","NA","NA","OM | Hacking Committee","NA","NA","OM | Acceleration","NA","NA","OM | Pre-Impact Committee ","NA","NA","OM | Impact Committee","NA","NA","OM | Impact","NA","Ecosystem | Incubation","NA","NA","Ecosystem | Pre-Hacking Committee","NA","NA","Ecosystem | Hacking Committee","NA","NA","Ecosystem | Acceleration","NA","NA","Ecosystem | Pre-Impact Committee ","NA","NA","Ecosystem | Impact Committee","NA","NA","Ecosystem | Impact","NA","NA"
"738","OCP InnoStack","Déploiement réussi d’une conduite déportée de stacker, reposant sur une connexion sans fil robuste et une automatisation avancée, déjà opérationnelle au sein du Groupe OCP. Prochaine étape : l’autonomisation par Deep Learning Industriel, un saut décisif !","29/12/2024","13/06/2025","001","Ideation","active","NA","NA","SBU Mining Phosboucraa","Soumission","29/12/2024","29/12/2024","Operating Model (situation visant à améliorer, optimiser ou changer des process, pratiques ou organisations de travail)","Categorization","NA","NA","Ideation","30/12/2024","NA","Ideation | Demo Day ","NA","NA","Development","NA","NA","Business | Incubation","NA","NA","Business | Pre-Hacking Committee ","NA","NA","Business | Hacking Committee","NA","NA","Business | Acceleration","NA","NA","Business | Pre-Impact Committee","NA","NA","Business | Impact Committee","NA","NA","Business | Impact","NA","NA","Business | Series B","NA","NA","OM | Incubation","NA","NA","OM | Pre-Hacking Committee","NA","NA","OM | Hacking Committee","NA","NA","OM | Acceleration","NA","NA","OM | Pre-Impact Committee ","NA","NA","OM | Impact Committee","NA","NA","OM | Impact","NA","Ecosystem | Incubation","NA","NA","Ecosystem | Pre-Hacking Committee","NA","NA","Ecosystem | Hacking Committee","NA","NA","Ecosystem | Acceleration","NA","NA","Ecosystem | Pre-Impact Committee ","NA","NA","Ecosystem | Impact Committee","NA","NA","Ecosystem | Impact","NA","NA"
"740","PlantRx","la solution consiste à utiliser les drones dans la détection des maladies des plantes en cultivation avec un traitement en temps réel, tout en intégrant des outils révolutionnaires comme IA et la Big Data","02/01/2025","21/06/2025","001","Ideation","active","NA","NA","SBU Manufacturig Safi","Soumission","02/01/2025","03/01/2025","Business (situation visant à générer des revenus)","Categorization","NA","NA","Ideation","16/05/2025","NA","Ideation | Demo Day ","NA","NA","Development","NA","NA","Business | Incubation","NA","NA","Business | Pre-Hacking Committee ","NA","NA","Business | Hacking Committee","NA","NA","Business | Acceleration","NA","NA","Business | Pre-Impact Committee","NA","NA","Business | Impact Committee","NA","NA","Business | Impact","NA","NA","Business | Series B","NA","NA","OM | Incubation","NA","NA","OM | Pre-Hacking Committee","NA","NA","OM | Hacking Committee","NA","NA","OM | Acceleration","NA","NA","OM | Pre-Impact Committee ","NA","NA","OM | Impact Committee","NA","NA","OM | Impact","NA","Ecosystem | Incubation","NA","NA","Ecosystem | Pre-Hacking Committee","NA","NA","Ecosystem | Hacking Committee","NA","NA","Ecosystem | Acceleration","NA","NA","Ecosystem | Pre-Impact Committee ","NA","NA","Ecosystem | Impact Committee","NA","NA","Ecosystem | Impact","NA","NA"
"741","interactive simulators","Création d'une plateforme de simulation des interlocks sécurité des ateliers sulfurique ","03/01/2025","13/06/2025","002","Ideation","active","NA","NA","SBU Manufacturing Jorf","Soumission","03/01/2025","03/01/2025","Business (situation visant à générer des revenus)","Categorization","NA","NA","Ideation","28/01/2025","NA","Ideation | Demo Day ","NA","NA","Development","NA","NA","Business | Incubation","NA","NA","Business | Pre-Hacking Committee ","NA","NA","Business | Hacking Committee","NA","NA","Business | Acceleration","NA","NA","Business | Pre-Impact Committee","NA","NA","Business | Impact Committee","NA","NA","Business | Impact","NA","NA","Business | Series B","NA","NA","OM | Incubation","NA","NA","OM | Pre-Hacking Committee","NA","NA","OM | Hacking Committee","NA","NA","OM | Acceleration","NA","NA","OM | Pre-Impact Committee ","NA","NA","OM | Impact Committee","NA","NA","OM | Impact","NA","Ecosystem | Incubation","NA","NA","Ecosystem | Pre-Hacking Committee","NA","NA","Ecosystem | Hacking Committee","NA","NA","Ecosystem | Acceleration","NA","NA","Ecosystem | Pre-Impact Committee ","NA","NA","Ecosystem | Impact Committee","NA","NA","Ecosystem | Impact","NA","NA"
"742","Agrobiofertilizer","Agrobiofertilizer est une initiative innovante visant à développer des additifs organiques compatibles avec les engrais OCP pour améliorer l'efficacité des fertilisants tout en réduisant leur impact environnemental. ","08/01/2025","13/06/2025","003","Development","active","NA","NA","SBU Manufacturig Safi","Soumission","08/01/2025","08/01/2025","Ecosystème (situation visant à créer de la valeur avec l’écosystème du groupe)","Categorization","NA","NA","Ideation","02/02/2025","14/02/2025","Ideation | Demo Day ","14/02/2025","14/02/2025","Development","25/02/2025","NA","Business | Incubation","NA","NA","Business | Pre-Hacking Committee ","NA","NA","Business | Hacking Committee","NA","NA","Business | Acceleration","NA","NA","Business | Pre-Impact Committee","NA","NA","Business | Impact Committee","NA","NA","Business | Impact","NA","NA","Business | Series B","NA","NA","OM | Incubation","NA","NA","OM | Pre-Hacking Committee","NA","NA","OM | Hacking Committee","NA","NA","OM | Acceleration","NA","NA","OM | Pre-Impact Committee ","NA","NA","OM | Impact Committee","NA","NA","OM | Impact","NA","Ecosystem | Incubation","NA","NA","Ecosystem | Pre-Hacking Committee","NA","NA","Ecosystem | Hacking Committee","NA","NA","Ecosystem | Acceleration","NA","NA","Ecosystem | Pre-Impact Committee ","NA","NA","Ecosystem | Impact Committee","NA","NA","Ecosystem | Impact","NA","NA"
"743","OCP VERT","minimiser le coût de gestion des déchets plus valorisation des déchets","08/01/2025","26/06/2025","002","Categorization","active","NA","NA","SBU Mining Khouribga","Soumission","08/01/2025","08/01/2025","Operating Model (situation visant à améliorer, optimiser ou changer des process, pratiques ou organisations de travail)","Categorization","26/06/2025","26/06/2025","Ideation","16/05/2025","NA","Ideation | Demo Day ","NA","NA","Development","NA","NA","Business | Incubation","NA","NA","Business | Pre-Hacking Committee ","NA","NA","Business | Hacking Committee","NA","NA","Business | Acceleration","NA","NA","Business | Pre-Impact Committee","NA","NA","Business | Impact Committee","NA","NA","Business | Impact","NA","NA","Business | Series B","NA","NA","OM | Incubation","NA","NA","OM | Pre-Hacking Committee","NA","NA","OM | Hacking Committee","NA","NA","OM | Acceleration","NA","NA","OM | Pre-Impact Committee ","NA","NA","OM | Impact Committee","NA","NA","OM | Impact","NA","Ecosystem | Incubation","NA","NA","Ecosystem | Pre-Hacking Committee","NA","NA","Ecosystem | Hacking Committee","NA","NA","Ecosystem | Acceleration","NA","NA","Ecosystem | Pre-Impact Committee ","NA","NA","Ecosystem | Impact Committee","NA","NA","Ecosystem | Impact","NA","NA"
"744","AQUASTREAM Water Generation","La génération d'eau atmosphérique est une solution innovante qui permet de disposer de l'eau potable dans les zones arides éloignés du réseau et des ressources conventionnelles et demeure une solution alternative de préservation de l'écosystème rurale ","09/01/2025","13/06/2025","002","Development","active","NA","NA","SBU Manufacturing Jorf","Soumission","09/01/2025","09/01/2025","Business (situation visant à générer des revenus)","Categorization","NA","NA","Ideation","10/02/2025","11/05/2025","Ideation | Demo Day ","16/05/2025","16/05/2025","Development","26/05/2025","NA","Business | Incubation","NA","NA","Business | Pre-Hacking Committee ","NA","NA","Business | Hacking Committee","NA","NA","Business | Acceleration","NA","NA","Business | Pre-Impact Committee","NA","NA","Business | Impact Committee","NA","NA","Business | Impact","NA","NA","Business | Series B","NA","NA","OM | Incubation","NA","NA","OM | Pre-Hacking Committee","NA","NA","OM | Hacking Committee","NA","NA","OM | Acceleration","NA","NA","OM | Pre-Impact Committee ","NA","NA","OM | Impact Committee","NA","NA","OM | Impact","NA","Ecosystem | Incubation","NA","NA","Ecosystem | Pre-Hacking Committee","NA","NA","Ecosystem | Hacking Committee","NA","NA","Ecosystem | Acceleration","NA","NA","Ecosystem | Pre-Impact Committee ","NA","NA","Ecosystem | Impact Committee","NA","NA","Ecosystem | Impact","NA","NA"
"746","Explorateurs des profondeurs","Notre initiative vise à créer un centre de plongée sous-marine (Safi Diving Center), visant à améliorer le bien-être physique, mental et émotionnel de nos collaborateurs. Ce centre offre un véritable espace de loisirs et de détente.","10/01/2025","13/06/2025","004","Ideation","active","NA","NA","SBU Manufacturig Safi","Soumission","10/01/2025","10/01/2025","Ecosystème (situation visant à créer de la valeur avec l’écosystème du groupe)","Categorization","NA","NA","Ideation","23/01/2025","NA","Ideation | Demo Day ","NA","NA","Development","NA","NA","Business | Incubation","NA","NA","Business | Pre-Hacking Committee ","NA","NA","Business | Hacking Committee","NA","NA","Business | Acceleration","NA","NA","Business | Pre-Impact Committee","NA","NA","Business | Impact Committee","NA","NA","Business | Impact","NA","NA","Business | Series B","NA","NA","OM | Incubation","NA","NA","OM | Pre-Hacking Committee","NA","NA","OM | Hacking Committee","NA","NA","OM | Acceleration","NA","NA","OM | Pre-Impact Committee ","NA","NA","OM | Impact Committee","NA","NA","OM | Impact","NA","Ecosystem | Incubation","NA","NA","Ecosystem | Pre-Hacking Committee","NA","NA","Ecosystem | Hacking Committee","NA","NA","Ecosystem | Acceleration","NA","NA","Ecosystem | Pre-Impact Committee ","NA","NA","Ecosystem | Impact Committee","NA","NA","Ecosystem | Impact","NA","NA"
"747","Tiwizi","je propose une plateforme e-commerce innovante, TIWIZI, pour relier vendeurs et acheteurs, intégrer le live streaming, promouvoir l'artisanat local et les produits faits maison, tout en soutenant l'entrepreneuriat et le développement durable.","13/01/2025","13/06/2025","001","Ideation","active","NA","NA","SBU Manufacturig Safi","Soumission","13/01/2025","14/01/2025","Business (situation visant à générer des revenus)","Categorization","NA","NA","Ideation","11/02/2025","NA","Ideation | Demo Day ","NA","NA","Development","NA","NA","Business | Incubation","NA","NA","Business | Pre-Hacking Committee ","NA","NA","Business | Hacking Committee","NA","NA","Business | Acceleration","NA","NA","Business | Pre-Impact Committee","NA","NA","Business | Impact Committee","NA","NA","Business | Impact","NA","NA","Business | Series B","NA","NA","OM | Incubation","NA","NA","OM | Pre-Hacking Committee","NA","NA","OM | Hacking Committee","NA","NA","OM | Acceleration","NA","NA","OM | Pre-Impact Committee ","NA","NA","OM | Impact Committee","NA","NA","OM | Impact","NA","Ecosystem | Incubation","NA","NA","Ecosystem | Pre-Hacking Committee","NA","NA","Ecosystem | Hacking Committee","NA","NA","Ecosystem | Acceleration","NA","NA","Ecosystem | Pre-Impact Committee ","NA","NA","Ecosystem | Impact Committee","NA","NA","Ecosystem | Impact","NA","NA"
"748","ChargeX","ChargeX vise à développer des bornes de recharge rapide alimentées par des énergies renouvelables. Ce projet soutient la décarbonisation des transports et reflète l’engagement d’OCP à atteindre la neutralité carbone pour les scopes 1 et 2 à l’horizon 2030","14/01/2025","13/06/2025","002","Development","active","NA","NA","SBU Mining Gantour","Soumission","14/01/2025","14/01/2025","Business (situation visant à générer des revenus)","Categorization","NA","NA","Ideation","02/04/2025","11/05/2025","Ideation | Demo Day ","16/05/2025","16/05/2025","Development","26/05/2025","NA","Business | Incubation","NA","NA","Business | Pre-Hacking Committee ","NA","NA","Business | Hacking Committee","NA","NA","Business | Acceleration","NA","NA","Business | Pre-Impact Committee","NA","NA","Business | Impact Committee","NA","NA","Business | Impact","NA","NA","Business | Series B","NA","NA","OM | Incubation","NA","NA","OM | Pre-Hacking Committee","NA","NA","OM | Hacking Committee","NA","NA","OM | Acceleration","NA","NA","OM | Pre-Impact Committee ","NA","NA","OM | Impact Committee","NA","NA","OM | Impact","NA","Ecosystem | Incubation","NA","NA","Ecosystem | Pre-Hacking Committee","NA","NA","Ecosystem | Hacking Committee","NA","NA","Ecosystem | Acceleration","NA","NA","Ecosystem | Pre-Impact Committee ","NA","NA","Ecosystem | Impact Committee","NA","NA","Ecosystem | Impact","NA","NA"
"749","Growtopia","Un système de jeux de différents types destinés à expliquer au publique jeune et moins jeune le mode de fonctionnement complexe de quelques entreprises","15/01/2025","13/06/2025","001","Ideation","active","NA","NA","SBU Mining Khouribga","Soumission","15/01/2025","15/01/2025","Business (situation visant à générer des revenus)","Categorization","NA","NA","Ideation","12/05/2025","NA","Ideation | Demo Day ","NA","NA","Development","NA","NA","Business | Incubation","NA","NA","Business | Pre-Hacking Committee ","NA","NA","Business | Hacking Committee","NA","NA","Business | Acceleration","NA","NA","Business | Pre-Impact Committee","NA","NA","Business | Impact Committee","NA","NA","Business | Impact","NA","NA","Business | Series B","NA","NA","OM | Incubation","NA","NA","OM | Pre-Hacking Committee","NA","NA","OM | Hacking Committee","NA","NA","OM | Acceleration","NA","NA","OM | Pre-Impact Committee ","NA","NA","OM | Impact Committee","NA","NA","OM | Impact","NA","Ecosystem | Incubation","NA","NA","Ecosystem | Pre-Hacking Committee","NA","NA","Ecosystem | Hacking Committee","NA","NA","Ecosystem | Acceleration","NA","NA","Ecosystem | Pre-Impact Committee ","NA","NA","Ecosystem | Impact Committee","NA","NA","Ecosystem | Impact","NA","NA"
"750","Crop Cart","c'est un mécanisme qui permet de changer la vision du premier contact client en lui offrant une expérience sampling hors du commun.","15/01/2025","13/06/2025","001","Ideation","active","NA","NA","SBU Mining Khouribga","Soumission","15/01/2025","15/01/2025","Business (situation visant à générer des revenus)","Categorization","NA","NA","Ideation","12/05/2025","NA","Ideation | Demo Day ","NA","NA","Development","NA","NA","Business | Incubation","NA","NA","Business | Pre-Hacking Committee ","NA","NA","Business | Hacking Committee","NA","NA","Business | Acceleration","NA","NA","Business | Pre-Impact Committee","NA","NA","Business | Impact Committee","NA","NA","Business | Impact","NA","NA","Business | Series B","NA","NA","OM | Incubation","NA","NA","OM | Pre-Hacking Committee","NA","NA","OM | Hacking Committee","NA","NA","OM | Acceleration","NA","NA","OM | Pre-Impact Committee ","NA","NA","OM | Impact Committee","NA","NA","OM | Impact","NA","Ecosystem | Incubation","NA","NA","Ecosystem | Pre-Hacking Committee","NA","NA","Ecosystem | Hacking Committee","NA","NA","Ecosystem | Acceleration","NA","NA","Ecosystem | Pre-Impact Committee ","NA","NA","Ecosystem | Impact Committee","NA","NA","Ecosystem | Impact","NA","NA"
"751","AI & Analytics Communtiy","La communauté AI & Analytics  est un espace de solidarité et de partage, où les collaborateurs apprennent, échangent et innovent ensemble pour accélérer l’adoption des pratiques data-driven, renforcer la collaboration et valoriser les talents internes","15/01/2025","25/06/2025","004","Ideation","active","NA","NA","Corporate","Soumission","15/01/2025","31/01/2025","Operating Model (situation visant à améliorer, optimiser ou changer des process, pratiques ou organisations de travail)","Categorization","NA","NA","Ideation","02/02/2025","NA","Ideation | Demo Day ","NA","NA","Development","NA","NA","Business | Incubation","NA","NA","Business | Pre-Hacking Committee ","NA","NA","Business | Hacking Committee","NA","NA","Business | Acceleration","NA","NA","Business | Pre-Impact Committee","NA","NA","Business | Impact Committee","NA","NA","Business | Impact","NA","NA","Business | Series B","NA","NA","OM | Incubation","NA","NA","OM | Pre-Hacking Committee","NA","NA","OM | Hacking Committee","NA","NA","OM | Acceleration","NA","NA","OM | Pre-Impact Committee ","NA","NA","OM | Impact Committee","NA","NA","OM | Impact","NA","Ecosystem | Incubation","NA","NA","Ecosystem | Pre-Hacking Committee","NA","NA","Ecosystem | Hacking Committee","NA","NA","Ecosystem | Acceleration","NA","NA","Ecosystem | Pre-Impact Committee ","NA","NA","Ecosystem | Impact Committee","NA","NA","Ecosystem | Impact","NA","NA"
"752","étiquette électronique MA","_x000D_
L’objectif est de digitaliser les étiquettes utilisées en maintenance autonome en remplaçant les étiquettes papier par des étiquettes électroniques via une application dédiée. Cette application offrira plusieurs fonctionnalités essentielles_x000D_
","16/01/2025","21/06/2025","001","Ideation","active","NA","NA","SBU Mining Khouribga","Soumission","16/01/2025","24/01/2025","Operating Model (situation visant à améliorer, optimiser ou changer des process, pratiques ou organisations de travail)","Categorization","NA","NA","Ideation","16/05/2025","NA","Ideation | Demo Day ","NA","NA","Development","NA","NA","Business | Incubation","NA","NA","Business | Pre-Hacking Committee ","NA","NA","Business | Hacking Committee","NA","NA","Business | Acceleration","NA","NA","Business | Pre-Impact Committee","NA","NA","Business | Impact Committee","NA","NA","Business | Impact","NA","NA","Business | Series B","NA","NA","OM | Incubation","NA","NA","OM | Pre-Hacking Committee","NA","NA","OM | Hacking Committee","NA","NA","OM | Acceleration","NA","NA","OM | Pre-Impact Committee ","NA","NA","OM | Impact Committee","NA","NA","OM | Impact","NA","Ecosystem | Incubation","NA","NA","Ecosystem | Pre-Hacking Committee","NA","NA","Ecosystem | Hacking Committee","NA","NA","Ecosystem | Acceleration","NA","NA","Ecosystem | Pre-Impact Committee ","NA","NA","Ecosystem | Impact Committee","NA","NA","Ecosystem | Impact","NA","NA"
"755","Mengad"," lavage triporteur ","18/01/2025","26/06/2025","002","Categorization","active","NA","NA","SBU Mining Gantour","Soumission","18/01/2025","28/02/2025","Ecosystème (situation visant à créer de la valeur avec l’écosystème du groupe)","Categorization","26/06/2025","26/06/2025","Ideation","16/05/2025","NA","Ideation | Demo Day ","NA","NA","Development","NA","NA","Business | Incubation","NA","NA","Business | Pre-Hacking Committee ","NA","NA","Business | Hacking Committee","NA","NA","Business | Acceleration","NA","NA","Business | Pre-Impact Committee","NA","NA","Business | Impact Committee","NA","NA","Business | Impact","NA","NA","Business | Series B","NA","NA","OM | Incubation","NA","NA","OM | Pre-Hacking Committee","NA","NA","OM | Hacking Committee","NA","NA","OM | Acceleration","NA","NA","OM | Pre-Impact Committee ","NA","NA","OM | Impact Committee","NA","NA","OM | Impact","NA","Ecosystem | Incubation","NA","NA","Ecosystem | Pre-Hacking Committee","NA","NA","Ecosystem | Hacking Committee","NA","NA","Ecosystem | Acceleration","NA","NA","Ecosystem | Pre-Impact Committee ","NA","NA","Ecosystem | Impact Committee","NA","NA","Ecosystem | Impact","NA","NA"
"756","mengad el houssine","Gestion des déchets gazeux","18/01/2025","26/06/2025","004","Categorization","active","NA","NA","SBU Mining Gantour","Soumission","18/01/2025","03/03/2025","Ecosystème (situation visant à créer de la valeur avec l’écosystème du groupe)","Categorization","26/06/2025","26/06/2025","Ideation","16/05/2025","NA","Ideation | Demo Day ","NA","NA","Development","NA","NA","Business | Incubation","NA","NA","Business | Pre-Hacking Committee ","NA","NA","Business | Hacking Committee","NA","NA","Business | Acceleration","NA","NA","Business | Pre-Impact Committee","NA","NA","Business | Impact Committee","NA","NA","Business | Impact","NA","NA","Business | Series B","NA","NA","OM | Incubation","NA","NA","OM | Pre-Hacking Committee","NA","NA","OM | Hacking Committee","NA","NA","OM | Acceleration","NA","NA","OM | Pre-Impact Committee ","NA","NA","OM | Impact Committee","NA","NA","OM | Impact","NA","Ecosystem | Incubation","NA","NA","Ecosystem | Pre-Hacking Committee","NA","NA","Ecosystem | Hacking Committee","NA","NA","Ecosystem | Acceleration","NA","NA","Ecosystem | Pre-Impact Committee ","NA","NA","Ecosystem | Impact Committee","NA","NA","Ecosystem | Impact","NA","NA"
"758","OCP 2030 World Cap","Mobiliser l’écosystème OCP pour soutenir le rayonnement du Maroc au Mondial 2030. Une dynamique collective pour innover, promouvoir le développement durable, assurer le succès de l’événement et créer une valeur partagée durable pour tous.","20/01/2025","13/06/2025","001","Ideation","active","NA","NA","Corporate","Soumission","20/01/2025","20/01/2025","Ecosystème (situation visant à créer de la valeur avec l’écosystème du groupe)","Categorization","NA","NA","Ideation","22/01/2025","NA","Ideation | Demo Day ","NA","NA","Development","NA","NA","Business | Incubation","NA","NA","Business | Pre-Hacking Committee ","NA","NA","Business | Hacking Committee","NA","NA","Business | Acceleration","NA","NA","Business | Pre-Impact Committee","NA","NA","Business | Impact Committee","NA","NA","Business | Impact","NA","NA","Business | Series B","NA","NA","OM | Incubation","NA","NA","OM | Pre-Hacking Committee","NA","NA","OM | Hacking Committee","NA","NA","OM | Acceleration","NA","NA","OM | Pre-Impact Committee ","NA","NA","OM | Impact Committee","NA","NA","OM | Impact","NA","Ecosystem | Incubation","NA","NA","Ecosystem | Pre-Hacking Committee","NA","NA","Ecosystem | Hacking Committee","NA","NA","Ecosystem | Acceleration","NA","NA","Ecosystem | Pre-Impact Committee ","NA","NA","Ecosystem | Impact Committee","NA","NA","Ecosystem | Impact","NA","NA"
"759","Green keepers","Green Horizon est une agence agricole visant à développer l’agriculture en Afrique. Après un test réussi sur 18 ha, nous étendons à 50 ha pour préparer des terres et marchés aux investisseurs. Impact : emplois, durabilité, économie verte.","22/01/2025","13/06/2025","003","Ideation","active","NA","NA","SBU Mining Phosboucraa","Soumission","22/01/2025","22/01/2025","Business (situation visant à générer des revenus)","Categorization","NA","NA","Ideation","23/01/2025","24/04/2025","Ideation | Demo Day ","NA","NA","Development","NA","NA","Business | Incubation","NA","NA","Business | Pre-Hacking Committee ","NA","NA","Business | Hacking Committee","NA","NA","Business | Acceleration","NA","NA","Business | Pre-Impact Committee","NA","NA","Business | Impact Committee","NA","NA","Business | Impact","NA","NA","Business | Series B","NA","NA","OM | Incubation","NA","NA","OM | Pre-Hacking Committee","NA","NA","OM | Hacking Committee","NA","NA","OM | Acceleration","NA","NA","OM | Pre-Impact Committee ","NA","NA","OM | Impact Committee","NA","NA","OM | Impact","NA","Ecosystem | Incubation","NA","NA","Ecosystem | Pre-Hacking Committee","NA","NA","Ecosystem | Hacking Committee","NA","NA","Ecosystem | Acceleration","NA","NA","Ecosystem | Pre-Impact Committee ","NA","NA","Ecosystem | Impact Committee","NA","NA","Ecosystem | Impact","NA","NA"
"761","Campus-Hostel","ma situation est la mise en disposition au profit des stagiaires et étudiants et nouveaux embauchés un hébergement adéquat. ","23/01/2025","21/06/2025","001","Ideation","active","NA","NA","SBU Mining Khouribga","Soumission","23/01/2025","23/01/2025","Ecosystème (situation visant à créer de la valeur avec l’écosystème du groupe)","Categorization","NA","NA","Ideation","16/05/2025","NA","Ideation | Demo Day ","NA","NA","Development","NA","NA","Business | Incubation","NA","NA","Business | Pre-Hacking Committee ","NA","NA","Business | Hacking Committee","NA","NA","Business | Acceleration","NA","NA","Business | Pre-Impact Committee","NA","NA","Business | Impact Committee","NA","NA","Business | Impact","NA","NA","Business | Series B","NA","NA","OM | Incubation","NA","NA","OM | Pre-Hacking Committee","NA","NA","OM | Hacking Committee","NA","NA","OM | Acceleration","NA","NA","OM | Pre-Impact Committee ","NA","NA","OM | Impact Committee","NA","NA","OM | Impact","NA","Ecosystem | Incubation","NA","NA","Ecosystem | Pre-Hacking Committee","NA","NA","Ecosystem | Hacking Committee","NA","NA","Ecosystem | Acceleration","NA","NA","Ecosystem | Pre-Impact Committee ","NA","NA","Ecosystem | Impact Committee","NA","NA","Ecosystem | Impact","NA","NA"
"763","INSSAT Lifeline Connect","L'idée de cette situation est d’offrir un soutien psychologique aux employés pour les aider à surmonter leurs défis personnels, émotionnels et professionnels. Cela permet d’améliorer leur bien-être, leur productivité et leur engagement.","23/01/2025","21/06/2025","001","Ideation","active","NA","NA","SBU Manufacturing Jorf","Soumission","23/01/2025","23/01/2025","Ecosystème (situation visant à créer de la valeur avec l’écosystème du groupe)","Categorization","NA","NA","Ideation","16/05/2025","NA","Ideation | Demo Day ","NA","NA","Development","NA","NA","Business | Incubation","NA","NA","Business | Pre-Hacking Committee ","NA","NA","Business | Hacking Committee","NA","NA","Business | Acceleration","NA","NA","Business | Pre-Impact Committee","NA","NA","Business | Impact Committee","NA","NA","Business | Impact","NA","NA","Business | Series B","NA","NA","OM | Incubation","NA","NA","OM | Pre-Hacking Committee","NA","NA","OM | Hacking Committee","NA","NA","OM | Acceleration","NA","NA","OM | Pre-Impact Committee ","NA","NA","OM | Impact Committee","NA","NA","OM | Impact","NA","Ecosystem | Incubation","NA","NA","Ecosystem | Pre-Hacking Committee","NA","NA","Ecosystem | Hacking Committee","NA","NA","Ecosystem | Acceleration","NA","NA","Ecosystem | Pre-Impact Committee ","NA","NA","Ecosystem | Impact Committee","NA","NA","Ecosystem | Impact","NA","NA"
"764","O studio","ma situation est de créer une cellule de communication et d'audiovisuelle","24/01/2025","21/06/2025","001","Ideation","active","NA","NA","SBU Mining Khouribga","Soumission","24/01/2025","24/01/2025","Ecosystème (situation visant à créer de la valeur avec l’écosystème du groupe)","Categorization","NA","NA","Ideation","16/05/2025","NA","Ideation | Demo Day ","NA","NA","Development","NA","NA","Business | Incubation","NA","NA","Business | Pre-Hacking Committee ","NA","NA","Business | Hacking Committee","NA","NA","Business | Acceleration","NA","NA","Business | Pre-Impact Committee","NA","NA","Business | Impact Committee","NA","NA","Business | Impact","NA","NA","Business | Series B","NA","NA","OM | Incubation","NA","NA","OM | Pre-Hacking Committee","NA","NA","OM | Hacking Committee","NA","NA","OM | Acceleration","NA","NA","OM | Pre-Impact Committee ","NA","NA","OM | Impact Committee","NA","NA","OM | Impact","NA","Ecosystem | Incubation","NA","NA","Ecosystem | Pre-Hacking Committee","NA","NA","Ecosystem | Hacking Committee","NA","NA","Ecosystem | Acceleration","NA","NA","Ecosystem | Pre-Impact Committee ","NA","NA","Ecosystem | Impact Committee","NA","NA","Ecosystem | Impact","NA","NA"
"765","OCOINP","","26/01/2025","21/06/2025","001","Ideation","active","NA","NA","SBU Mining Phosboucraa","Soumission","26/01/2025","NA","Operating Model (situation visant à améliorer, optimiser ou changer des process, pratiques ou organisations de travail)","Categorization","NA","NA","Ideation","30/05/2025","NA","Ideation | Demo Day ","NA","NA","Development","NA","NA","Business | Incubation","NA","NA","Business | Pre-Hacking Committee ","NA","NA","Business | Hacking Committee","NA","NA","Business | Acceleration","NA","NA","Business | Pre-Impact Committee","NA","NA","Business | Impact Committee","NA","NA","Business | Impact","NA","NA","Business | Series B","NA","NA","OM | Incubation","NA","NA","OM | Pre-Hacking Committee","NA","NA","OM | Hacking Committee","NA","NA","OM | Acceleration","NA","NA","OM | Pre-Impact Committee ","NA","NA","OM | Impact Committee","NA","NA","OM | Impact","NA","Ecosystem | Incubation","NA","NA","Ecosystem | Pre-Hacking Committee","NA","NA","Ecosystem | Hacking Committee","NA","NA","Ecosystem | Acceleration","NA","NA","Ecosystem | Pre-Impact Committee ","NA","NA","Ecosystem | Impact Committee","NA","NA","Ecosystem | Impact","NA","NA"
"766","OCP VALVE SOLUTIONS","Projet de conception, fabrication et révision locale des vannes mécaniques et de régulations afin de renforcer l'autonomie technologique, réduire la dépendance aux fournisseurs étrangers, minimiser les coûts, stimuler l'innovation en mécaniq et en instrum","27/01/2025","13/06/2025","001","Ideation","active","NA","NA","SBU Manufacturing Jorf","Soumission","27/01/2025","27/01/2025","Business (situation visant à générer des revenus)","Categorization","NA","NA","Ideation","28/01/2025","02/02/2025","Ideation | Demo Day ","NA","NA","Development","NA","NA","Business | Incubation","NA","NA","Business | Pre-Hacking Committee ","NA","NA","Business | Hacking Committee","NA","NA","Business | Acceleration","NA","NA","Business | Pre-Impact Committee","NA","NA","Business | Impact Committee","NA","NA","Business | Impact","NA","NA","Business | Series B","NA","NA","OM | Incubation","NA","NA","OM | Pre-Hacking Committee","NA","NA","OM | Hacking Committee","NA","NA","OM | Acceleration","NA","NA","OM | Pre-Impact Committee ","NA","NA","OM | Impact Committee","NA","NA","OM | Impact","NA","Ecosystem | Incubation","NA","NA","Ecosystem | Pre-Hacking Committee","NA","NA","Ecosystem | Hacking Committee","NA","NA","Ecosystem | Acceleration","NA","NA","Ecosystem | Pre-Impact Committee ","NA","NA","Ecosystem | Impact Committee","NA","NA","Ecosystem | Impact","NA","NA"
"768","LINKME","Notre projet consiste à développer une plateforme digitale dédiée à résoudre les problèmes de non-paiement des factures des TPME par leurs entreprises contractantes, en intervenant directement avec les maîtres d'ouvrages.","28/01/2025","21/06/2025","002","Ideation","active","NA","NA","SBU Manufacturing Jorf","Soumission","28/01/2025","08/02/2025","Business (situation visant à générer des revenus)","Categorization","NA","NA","Ideation","16/05/2025","NA","Ideation | Demo Day ","NA","NA","Development","NA","NA","Business | Incubation","NA","NA","Business | Pre-Hacking Committee ","NA","NA","Business | Hacking Committee","NA","NA","Business | Acceleration","NA","NA","Business | Pre-Impact Committee","NA","NA","Business | Impact Committee","NA","NA","Business | Impact","NA","NA","Business | Series B","NA","NA","OM | Incubation","NA","NA","OM | Pre-Hacking Committee","NA","NA","OM | Hacking Committee","NA","NA","OM | Acceleration","NA","NA","OM | Pre-Impact Committee ","NA","NA","OM | Impact Committee","NA","NA","OM | Impact","NA","Ecosystem | Incubation","NA","NA","Ecosystem | Pre-Hacking Committee","NA","NA","Ecosystem | Hacking Committee","NA","NA","Ecosystem | Acceleration","NA","NA","Ecosystem | Pre-Impact Committee ","NA","NA","Ecosystem | Impact Committee","NA","NA","Ecosystem | Impact","NA","NA"
"769","INNOVIR parasoustraction","situation visant à l'intégration d'un systèmes sert à  démunie la SOUSTRACTION de poussière et vapeur d'eaux dans les usines SECHAGE ","29/01/2025","21/06/2025","001","Ideation","active","NA","NA","NA","Soumission","29/01/2025","20/05/2025","Operating Model (situation visant à améliorer, optimiser ou changer des process, pratiques ou organisations de travail)","Categorization","NA","NA","Ideation","16/05/2025","19/06/2025","Ideation | Demo Day ","NA","NA","Development","NA","NA","Business | Incubation","NA","NA","Business | Pre-Hacking Committee ","NA","NA","Business | Hacking Committee","NA","NA","Business | Acceleration","NA","NA","Business | Pre-Impact Committee","NA","NA","Business | Impact Committee","NA","NA","Business | Impact","NA","NA","Business | Series B","NA","NA","OM | Incubation","NA","NA","OM | Pre-Hacking Committee","NA","NA","OM | Hacking Committee","NA","NA","OM | Acceleration","NA","NA","OM | Pre-Impact Committee ","NA","NA","OM | Impact Committee","NA","NA","OM | Impact","NA","Ecosystem | Incubation","NA","NA","Ecosystem | Pre-Hacking Committee","NA","NA","Ecosystem | Hacking Committee","NA","NA","Ecosystem | Acceleration","NA","NA","Ecosystem | Pre-Impact Committee ","NA","NA","Ecosystem | Impact Committee","NA","NA","Ecosystem | Impact","NA","NA"
"770","INNOVIR solar","integration systeme pour SECHER le phosphate à l'aide concentration d'énergie solaire directement sur tube sécheur","29/01/2025","21/06/2025","001","Ideation","active","NA","NA","NA","Soumission","29/01/2025","NA","Operating Model (situation visant à améliorer, optimiser ou changer des process, pratiques ou organisations de travail)","Categorization","NA","NA","Ideation","16/05/2025","NA","Ideation | Demo Day ","NA","NA","Development","NA","NA","Business | Incubation","NA","NA","Business | Pre-Hacking Committee ","NA","NA","Business | Hacking Committee","NA","NA","Business | Acceleration","NA","NA","Business | Pre-Impact Committee","NA","NA","Business | Impact Committee","NA","NA","Business | Impact","NA","NA","Business | Series B","NA","NA","OM | Incubation","NA","NA","OM | Pre-Hacking Committee","NA","NA","OM | Hacking Committee","NA","NA","OM | Acceleration","NA","NA","OM | Pre-Impact Committee ","NA","NA","OM | Impact Committee","NA","NA","OM | Impact","NA","Ecosystem | Incubation","NA","NA","Ecosystem | Pre-Hacking Committee","NA","NA","Ecosystem | Hacking Committee","NA","NA","Ecosystem | Acceleration","NA","NA","Ecosystem | Pre-Impact Committee ","NA","NA","Ecosystem | Impact Committee","NA","NA","Ecosystem | Impact","NA","NA"
"771","Eco6Com","Eco6Com vise à moderniser le processus de communication à OCP, en créant un écosystème de startups et agences de communication. Il vise à améliorer l'efficacité, la créativité et l'impact social tout en réduisant les coûts et la dépendance.","31/01/2025","13/06/2025","001","Development","active","Communication","NA","Corporate","Soumission","31/01/2025","31/01/2025","Ecosystème (situation visant à créer de la valeur avec l’écosystème du groupe)","Categorization","NA","NA","Ideation","02/02/2025","NA","Ideation | Demo Day ","14/02/2025","14/02/2025","Development","25/02/2025","NA","Business | Incubation","NA","NA","Business | Pre-Hacking Committee ","NA","NA","Business | Hacking Committee","NA","NA","Business | Acceleration","NA","NA","Business | Pre-Impact Committee","NA","NA","Business | Impact Committee","NA","NA","Business | Impact","NA","NA","Business | Series B","NA","NA","OM | Incubation","NA","NA","OM | Pre-Hacking Committee","NA","NA","OM | Hacking Committee","NA","NA","OM | Acceleration","NA","NA","OM | Pre-Impact Committee ","NA","NA","OM | Impact Committee","NA","NA","OM | Impact","NA","Ecosystem | Incubation","NA","NA","Ecosystem | Pre-Hacking Committee","NA","NA","Ecosystem | Hacking Committee","NA","NA","Ecosystem | Acceleration","NA","NA","Ecosystem | Pre-Impact Committee ","NA","NA","Ecosystem | Impact Committee","NA","NA","Ecosystem | Impact","NA","NA"
"772","Game'X","","31/01/2025","31/01/2025","001","*Soumission*","active","NA","NA","NA","Soumission","31/01/2025","NA","","Categorization","NA","NA","Ideation","NA","NA","Ideation | Demo Day ","NA","NA","Development","NA","NA","Business | Incubation","NA","NA","Business | Pre-Hacking Committee ","NA","NA","Business | Hacking Committee","NA","NA","Business | Acceleration","NA","NA","Business | Pre-Impact Committee","NA","NA","Business | Impact Committee","NA","NA","Business | Impact","NA","NA","Business | Series B","NA","NA","OM | Incubation","NA","NA","OM | Pre-Hacking Committee","NA","NA","OM | Hacking Committee","NA","NA","OM | Acceleration","NA","NA","OM | Pre-Impact Committee ","NA","NA","OM | Impact Committee","NA","NA","OM | Impact","NA","Ecosystem | Incubation","NA","NA","Ecosystem | Pre-Hacking Committee","NA","NA","Ecosystem | Hacking Committee","NA","NA","Ecosystem | Acceleration","NA","NA","Ecosystem | Pre-Impact Committee ","NA","NA","Ecosystem | Impact Committee","NA","NA","Ecosystem | Impact","NA","NA"
"773","KaptureX","KaptureX propose un cadre de gestion des connaissances centré sur l'humain et la culture, en s'appuyant sur la technologie et les bonnes pratiques pour améliorer l'accessibilité et la capitalisation du savoir tacite, et ainsi éviter sa perte.","31/01/2025","16/05/2025","001","Development","active","NA","NA","NA","Soumission","31/01/2025","14/02/2025","Operating Model (situation visant à améliorer, optimiser ou changer des process, pratiques ou organisations de travail)","Categorization","NA","NA","Ideation","14/02/2025","14/02/2025","Ideation | Demo Day ","14/02/2025","14/02/2025","Development","25/02/2025","NA","Business | Incubation","NA","NA","Business | Pre-Hacking Committee ","NA","NA","Business | Hacking Committee","NA","NA","Business | Acceleration","NA","NA","Business | Pre-Impact Committee","NA","NA","Business | Impact Committee","NA","NA","Business | Impact","NA","NA","Business | Series B","NA","NA","OM | Incubation","NA","NA","OM | Pre-Hacking Committee","NA","NA","OM | Hacking Committee","NA","NA","OM | Acceleration","NA","NA","OM | Pre-Impact Committee ","NA","NA","OM | Impact Committee","NA","NA","OM | Impact","NA","Ecosystem | Incubation","NA","NA","Ecosystem | Pre-Hacking Committee","NA","NA","Ecosystem | Hacking Committee","NA","NA","Ecosystem | Acceleration","NA","NA","Ecosystem | Pre-Impact Committee ","NA","NA","Ecosystem | Impact Committee","NA","NA","Ecosystem | Impact","NA","NA"
"774","MOUVEMENT COMEDY CLUB","Initiative innovatrice qui vise à dénicher et développer les talents comiques , avec un focus particulier sur l’écosystème OCP et les régions rurales. _x000D_
","14/02/2025","16/05/2025","002","Development","active","NA","NA","NA","Soumission","14/02/2025","14/02/2025","Ecosystème (situation visant à créer de la valeur avec l’écosystème du groupe)","Categorization","NA","NA","Ideation","14/02/2025","14/02/2025","Ideation | Demo Day ","14/02/2025","14/02/2025","Development","25/02/2025","NA","Business | Incubation","NA","NA","Business | Pre-Hacking Committee ","NA","NA","Business | Hacking Committee","NA","NA","Business | Acceleration","NA","NA","Business | Pre-Impact Committee","NA","NA","Business | Impact Committee","NA","NA","Business | Impact","NA","NA","Business | Series B","NA","NA","OM | Incubation","NA","NA","OM | Pre-Hacking Committee","NA","NA","OM | Hacking Committee","NA","NA","OM | Acceleration","NA","NA","OM | Pre-Impact Committee ","NA","NA","OM | Impact Committee","NA","NA","OM | Impact","NA","Ecosystem | Incubation","NA","NA","Ecosystem | Pre-Hacking Committee","NA","NA","Ecosystem | Hacking Committee","NA","NA","Ecosystem | Acceleration","NA","NA","Ecosystem | Pre-Impact Committee ","NA","NA","Ecosystem | Impact Committee","NA","NA","Ecosystem | Impact","NA","NA"
"775","DIGIPROCESS","Illustrer et conceptualiser l’intégration des technologies avancées, notamment l’IA, l’automatisation et les outils collaboratifs digitaux. Afin d’optimiser l’efficacité opérationnelle, d’améliorer la productivité et créer un environnement agile et connec","14/02/2025","26/06/2025","001","Categorization","active","NA","NA","NA","Soumission","14/02/2025","NA","Operating Model (situation visant à améliorer, optimiser ou changer des process, pratiques ou organisations de travail)","Categorization","26/06/2025","26/06/2025","Ideation","NA","NA","Ideation | Demo Day ","NA","NA","Development","NA","NA","Business | Incubation","NA","NA","Business | Pre-Hacking Committee ","NA","NA","Business | Hacking Committee","NA","NA","Business | Acceleration","NA","NA","Business | Pre-Impact Committee","NA","NA","Business | Impact Committee","NA","NA","Business | Impact","NA","NA","Business | Series B","NA","NA","OM | Incubation","NA","NA","OM | Pre-Hacking Committee","NA","NA","OM | Hacking Committee","NA","NA","OM | Acceleration","NA","NA","OM | Pre-Impact Committee ","NA","NA","OM | Impact Committee","NA","NA","OM | Impact","NA","Ecosystem | Incubation","NA","NA","Ecosystem | Pre-Hacking Committee","NA","NA","Ecosystem | Hacking Committee","NA","NA","Ecosystem | Acceleration","NA","NA","Ecosystem | Pre-Impact Committee ","NA","NA","Ecosystem | Impact Committee","NA","NA","Ecosystem | Impact","NA","NA"
"776","Inclusion et diversité","L’inclusion et la diversité façonnent la culture d’entreprise et impactent directement l’engagement des collaborateurs. Un environnement où chacun se sent valorisé favorise l’innovation, la cohésion et le bien-être. ","14/02/2025","22/05/2025","002","Ideation","active","NA","NA","NA","Soumission","14/02/2025","NA","Operating Model (situation visant à améliorer, optimiser ou changer des process, pratiques ou organisations de travail)","Categorization","NA","NA","Ideation","22/05/2025","NA","Ideation | Demo Day ","NA","NA","Development","NA","NA","Business | Incubation","NA","NA","Business | Pre-Hacking Committee ","NA","NA","Business | Hacking Committee","NA","NA","Business | Acceleration","NA","NA","Business | Pre-Impact Committee","NA","NA","Business | Impact Committee","NA","NA","Business | Impact","NA","NA","Business | Series B","NA","NA","OM | Incubation","NA","NA","OM | Pre-Hacking Committee","NA","NA","OM | Hacking Committee","NA","NA","OM | Acceleration","NA","NA","OM | Pre-Impact Committee ","NA","NA","OM | Impact Committee","NA","NA","OM | Impact","NA","Ecosystem | Incubation","NA","NA","Ecosystem | Pre-Hacking Committee","NA","NA","Ecosystem | Hacking Committee","NA","NA","Ecosystem | Acceleration","NA","NA","Ecosystem | Pre-Impact Committee ","NA","NA","Ecosystem | Impact Committee","NA","NA","Ecosystem | Impact","NA","NA"
"777","GoGrowth","GoGrowth is an execution-driven company dedicated to helping spin-offs and scale-ups achieve real commercial success. It bridges the gap between innovation and market success, ensuring that companies don’t just build great products but also sell and scale","14/02/2025","21/06/2025","002","Ideation","active","NA","NA","SBU Manufacturig Safi","Soumission","14/02/2025","14/02/2025","Business (situation visant à générer des revenus)","Categorization","NA","NA","Ideation","16/05/2025","NA","Ideation | Demo Day ","NA","NA","Development","NA","NA","Business | Incubation","NA","NA","Business | Pre-Hacking Committee ","NA","NA","Business | Hacking Committee","NA","NA","Business | Acceleration","NA","NA","Business | Pre-Impact Committee","NA","NA","Business | Impact Committee","NA","NA","Business | Impact","NA","NA","Business | Series B","NA","NA","OM | Incubation","NA","NA","OM | Pre-Hacking Committee","NA","NA","OM | Hacking Committee","NA","NA","OM | Acceleration","NA","NA","OM | Pre-Impact Committee ","NA","NA","OM | Impact Committee","NA","NA","OM | Impact","NA","Ecosystem | Incubation","NA","NA","Ecosystem | Pre-Hacking Committee","NA","NA","Ecosystem | Hacking Committee","NA","NA","Ecosystem | Acceleration","NA","NA","Ecosystem | Pre-Impact Committee ","NA","NA","Ecosystem | Impact Committee","NA","NA","Ecosystem | Impact","NA","NA"
"778","PhosCare","Through PhosCare, we aim to explore Phosphite-based technology to create revolutionary solutions, that redefine how OCP can bring P to life in agriculture. We aspire to combine nutrition, crop protection and resilience for customized & sustainable farming","14/02/2025","21/06/2025","001","Ideation","active","NA","NA","SBU Manufacturing Jorf","Soumission","14/02/2025","14/02/2025","Business (situation visant à générer des revenus)","Categorization","NA","NA","Ideation","16/05/2025","NA","Ideation | Demo Day ","NA","NA","Development","NA","NA","Business | Incubation","NA","NA","Business | Pre-Hacking Committee ","NA","NA","Business | Hacking Committee","NA","NA","Business | Acceleration","NA","NA","Business | Pre-Impact Committee","NA","NA","Business | Impact Committee","NA","NA","Business | Impact","NA","NA","Business | Series B","NA","NA","OM | Incubation","NA","NA","OM | Pre-Hacking Committee","NA","NA","OM | Hacking Committee","NA","NA","OM | Acceleration","NA","NA","OM | Pre-Impact Committee ","NA","NA","OM | Impact Committee","NA","NA","OM | Impact","NA","Ecosystem | Incubation","NA","NA","Ecosystem | Pre-Hacking Committee","NA","NA","Ecosystem | Hacking Committee","NA","NA","Ecosystem | Acceleration","NA","NA","Ecosystem | Pre-Impact Committee ","NA","NA","Ecosystem | Impact Committee","NA","NA","Ecosystem | Impact","NA","NA"
"779","Smart store","L’objectif est de transformer le système d’entreposage traditionnel en un système intelligent où les robots transportent automatiquement les pièces des étagères au site de travail, via véhicules robotisés (≤4 km) ou drones (longues distances).","17/02/2025","21/06/2025","002","Ideation","active","NA","NA","SBU Mining Phosboucraa","Soumission","17/02/2025","18/02/2025","Operating Model (situation visant à améliorer, optimiser ou changer des process, pratiques ou organisations de travail)","Categorization","NA","NA","Ideation","16/05/2025","NA","Ideation | Demo Day ","NA","NA","Development","NA","NA","Business | Incubation","NA","NA","Business | Pre-Hacking Committee ","NA","NA","Business | Hacking Committee","NA","NA","Business | Acceleration","NA","NA","Business | Pre-Impact Committee","NA","NA","Business | Impact Committee","NA","NA","Business | Impact","NA","NA","Business | Series B","NA","NA","OM | Incubation","NA","NA","OM | Pre-Hacking Committee","NA","NA","OM | Hacking Committee","NA","NA","OM | Acceleration","NA","NA","OM | Pre-Impact Committee ","NA","NA","OM | Impact Committee","NA","NA","OM | Impact","NA","Ecosystem | Incubation","NA","NA","Ecosystem | Pre-Hacking Committee","NA","NA","Ecosystem | Hacking Committee","NA","NA","Ecosystem | Acceleration","NA","NA","Ecosystem | Pre-Impact Committee ","NA","NA","Ecosystem | Impact Committee","NA","NA","Ecosystem | Impact","NA","NA"
"780","Club Nexus Innov","Club Nexus Innov (Lien entre création et reverse engineering)_x000D_
Présentation du Club_x000D_
 Mission : ""Créer, Innover et Résoudre par la Collaboration entre Passionnés et Professionnels.""","18/02/2025","21/06/2025","002","Ideation","active","NA","NA","NA","Soumission","18/02/2025","NA","Ecosystème (situation visant à créer de la valeur avec l’écosystème du groupe)","Categorization","NA","NA","Ideation","30/05/2025","NA","Ideation | Demo Day ","NA","NA","Development","NA","NA","Business | Incubation","NA","NA","Business | Pre-Hacking Committee ","NA","NA","Business | Hacking Committee","NA","NA","Business | Acceleration","NA","NA","Business | Pre-Impact Committee","NA","NA","Business | Impact Committee","NA","NA","Business | Impact","NA","NA","Business | Series B","NA","NA","OM | Incubation","NA","NA","OM | Pre-Hacking Committee","NA","NA","OM | Hacking Committee","NA","NA","OM | Acceleration","NA","NA","OM | Pre-Impact Committee ","NA","NA","OM | Impact Committee","NA","NA","OM | Impact","NA","Ecosystem | Incubation","NA","NA","Ecosystem | Pre-Hacking Committee","NA","NA","Ecosystem | Hacking Committee","NA","NA","Ecosystem | Acceleration","NA","NA","Ecosystem | Pre-Impact Committee ","NA","NA","Ecosystem | Impact Committee","NA","NA","Ecosystem | Impact","NA","NA"
"781","Digioptimal","","18/02/2025","18/02/2025","001","*Soumission*","active","NA","NA","NA","Soumission","18/02/2025","NA","Operating Model (situation visant à améliorer, optimiser ou changer des process, pratiques ou organisations de travail)","Categorization","NA","NA","Ideation","NA","NA","Ideation | Demo Day ","NA","NA","Development","NA","NA","Business | Incubation","NA","NA","Business | Pre-Hacking Committee ","NA","NA","Business | Hacking Committee","NA","NA","Business | Acceleration","NA","NA","Business | Pre-Impact Committee","NA","NA","Business | Impact Committee","NA","NA","Business | Impact","NA","NA","Business | Series B","NA","NA","OM | Incubation","NA","NA","OM | Pre-Hacking Committee","NA","NA","OM | Hacking Committee","NA","NA","OM | Acceleration","NA","NA","OM | Pre-Impact Committee ","NA","NA","OM | Impact Committee","NA","NA","OM | Impact","NA","Ecosystem | Incubation","NA","NA","Ecosystem | Pre-Hacking Committee","NA","NA","Ecosystem | Hacking Committee","NA","NA","Ecosystem | Acceleration","NA","NA","Ecosystem | Pre-Impact Committee ","NA","NA","Ecosystem | Impact Committee","NA","NA","Ecosystem | Impact","NA","NA"
"782","LogistInnoV.","Je participe activement à Le Mouvement en tant que contributeur, en explorant une situation qui vise à optimiser les processus et modèles opérationnels au sein du Groupe OCP.","18/02/2025","21/06/2025","007","Ideation","active","NA","NA","NA","Soumission","18/02/2025","24/02/2025","Operating Model (situation visant à améliorer, optimiser ou changer des process, pratiques ou organisations de travail)","Categorization","NA","NA","Ideation","16/05/2025","NA","Ideation | Demo Day ","NA","NA","Development","NA","NA","Business | Incubation","NA","NA","Business | Pre-Hacking Committee ","NA","NA","Business | Hacking Committee","NA","NA","Business | Acceleration","NA","NA","Business | Pre-Impact Committee","NA","NA","Business | Impact Committee","NA","NA","Business | Impact","NA","NA","Business | Series B","NA","NA","OM | Incubation","NA","NA","OM | Pre-Hacking Committee","NA","NA","OM | Hacking Committee","NA","NA","OM | Acceleration","NA","NA","OM | Pre-Impact Committee ","NA","NA","OM | Impact Committee","NA","NA","OM | Impact","NA","Ecosystem | Incubation","NA","NA","Ecosystem | Pre-Hacking Committee","NA","NA","Ecosystem | Hacking Committee","NA","NA","Ecosystem | Acceleration","NA","NA","Ecosystem | Pre-Impact Committee ","NA","NA","Ecosystem | Impact Committee","NA","NA","Ecosystem | Impact","NA","NA"
"783","Innov-sûreté","Les projets innovants en sûreté industrielle visent à intégrer des technologies avancées pour améliorer la prévention des risques, la protection des travailleurs et la sécurisation des infrastructures. ","18/02/2025","21/06/2025","001","Ideation","active","NA","NA","NA","Soumission","18/02/2025","18/02/2025","Operating Model (situation visant à améliorer, optimiser ou changer des process, pratiques ou organisations de travail)","Categorization","NA","NA","Ideation","16/05/2025","NA","Ideation | Demo Day ","NA","NA","Development","NA","NA","Business | Incubation","NA","NA","Business | Pre-Hacking Committee ","NA","NA","Business | Hacking Committee","NA","NA","Business | Acceleration","NA","NA","Business | Pre-Impact Committee","NA","NA","Business | Impact Committee","NA","NA","Business | Impact","NA","NA","Business | Series B","NA","NA","OM | Incubation","NA","NA","OM | Pre-Hacking Committee","NA","NA","OM | Hacking Committee","NA","NA","OM | Acceleration","NA","NA","OM | Pre-Impact Committee ","NA","NA","OM | Impact Committee","NA","NA","OM | Impact","NA","Ecosystem | Incubation","NA","NA","Ecosystem | Pre-Hacking Committee","NA","NA","Ecosystem | Hacking Committee","NA","NA","Ecosystem | Acceleration","NA","NA","Ecosystem | Pre-Impact Committee ","NA","NA","Ecosystem | Impact Committee","NA","NA","Ecosystem | Impact","NA","NA"
"784","ProtectBANDE","C'est un système permettra de protéger la bande, de prévenir les dommages et de réduire les temps d'arrêt, entraînant ainsi une diminution des coûts de maintenance. En cas d'anomalie détectée, le système avertira immédiatement l'intervenant par Appel/sms.","18/02/2025","21/06/2025","006","Ideation","active","NA","NA","SBU Mining Phosboucraa","Soumission","18/02/2025","03/03/2025","Operating Model (situation visant à améliorer, optimiser ou changer des process, pratiques ou organisations de travail)","Categorization","NA","NA","Ideation","16/05/2025","NA","Ideation | Demo Day ","NA","NA","Development","NA","NA","Business | Incubation","NA","NA","Business | Pre-Hacking Committee ","NA","NA","Business | Hacking Committee","NA","NA","Business | Acceleration","NA","NA","Business | Pre-Impact Committee","NA","NA","Business | Impact Committee","NA","NA","Business | Impact","NA","NA","Business | Series B","NA","NA","OM | Incubation","NA","NA","OM | Pre-Hacking Committee","NA","NA","OM | Hacking Committee","NA","NA","OM | Acceleration","NA","NA","OM | Pre-Impact Committee ","NA","NA","OM | Impact Committee","NA","NA","OM | Impact","NA","Ecosystem | Incubation","NA","NA","Ecosystem | Pre-Hacking Committee","NA","NA","Ecosystem | Hacking Committee","NA","NA","Ecosystem | Acceleration","NA","NA","Ecosystem | Pre-Impact Committee ","NA","NA","Ecosystem | Impact Committee","NA","NA","Ecosystem | Impact","NA","NA"
"785","INNOVTORIST","Mon idée vis a créer un village touristique écologique qui réuni tout les part de notre traditionnel de tout TRIBU marocain (AMAZIGH ARAB RIF SAHRAOUI...) culture et en même temps  des spectacles traditionnel et faire des tours dans le monde","18/02/2025","26/06/2025","001","Categorization","active","NA","NA","NA","Soumission","18/02/2025","23/04/2025","Business (situation visant à générer des revenus)","Categorization","26/06/2025","26/06/2025","Ideation","16/05/2025","NA","Ideation | Demo Day ","NA","NA","Development","NA","NA","Business | Incubation","NA","NA","Business | Pre-Hacking Committee ","NA","NA","Business | Hacking Committee","NA","NA","Business | Acceleration","NA","NA","Business | Pre-Impact Committee","NA","NA","Business | Impact Committee","NA","NA","Business | Impact","NA","NA","Business | Series B","NA","NA","OM | Incubation","NA","NA","OM | Pre-Hacking Committee","NA","NA","OM | Hacking Committee","NA","NA","OM | Acceleration","NA","NA","OM | Pre-Impact Committee ","NA","NA","OM | Impact Committee","NA","NA","OM | Impact","NA","Ecosystem | Incubation","NA","NA","Ecosystem | Pre-Hacking Committee","NA","NA","Ecosystem | Hacking Committee","NA","NA","Ecosystem | Acceleration","NA","NA","Ecosystem | Pre-Impact Committee ","NA","NA","Ecosystem | Impact Committee","NA","NA","Ecosystem | Impact","NA","NA"
"786","Cultural transformation - CTL","OCP mène une transformation majeure, mais l’alignement culturel reste à structurer. Cpropose un Cultural Learning Framework, intégrant un learning mindset via action learning, immersive learning et coaching.","18/02/2025","21/06/2025","001","Ideation","active","NA","NA","NA","Soumission","18/02/2025","19/02/2025","Operating Model (situation visant à améliorer, optimiser ou changer des process, pratiques ou organisations de travail)","Categorization","NA","NA","Ideation","16/05/2025","NA","Ideation | Demo Day ","NA","NA","Development","NA","NA","Business | Incubation","NA","NA","Business | Pre-Hacking Committee ","NA","NA","Business | Hacking Committee","NA","NA","Business | Acceleration","NA","NA","Business | Pre-Impact Committee","NA","NA","Business | Impact Committee","NA","NA","Business | Impact","NA","NA","Business | Series B","NA","NA","OM | Incubation","NA","NA","OM | Pre-Hacking Committee","NA","NA","OM | Hacking Committee","NA","NA","OM | Acceleration","NA","NA","OM | Pre-Impact Committee ","NA","NA","OM | Impact Committee","NA","NA","OM | Impact","NA","Ecosystem | Incubation","NA","NA","Ecosystem | Pre-Hacking Committee","NA","NA","Ecosystem | Hacking Committee","NA","NA","Ecosystem | Acceleration","NA","NA","Ecosystem | Pre-Impact Committee ","NA","NA","Ecosystem | Impact Committee","NA","NA","Ecosystem | Impact","NA","NA"
"787","INNOVER adrenaline circuit","","19/02/2025","19/05/2025","001","*Soumission*","active","NA","NA","NA","Soumission","19/02/2025","NA","Business (situation visant à générer des revenus)","Categorization","NA","NA","Ideation","16/05/2025","NA","Ideation | Demo Day ","NA","NA","Development","NA","NA","Business | Incubation","NA","NA","Business | Pre-Hacking Committee ","NA","NA","Business | Hacking Committee","NA","NA","Business | Acceleration","NA","NA","Business | Pre-Impact Committee","NA","NA","Business | Impact Committee","NA","NA","Business | Impact","NA","NA","Business | Series B","NA","NA","OM | Incubation","NA","NA","OM | Pre-Hacking Committee","NA","NA","OM | Hacking Committee","NA","NA","OM | Acceleration","NA","NA","OM | Pre-Impact Committee ","NA","NA","OM | Impact Committee","NA","NA","OM | Impact","NA","Ecosystem | Incubation","NA","NA","Ecosystem | Pre-Hacking Committee","NA","NA","Ecosystem | Hacking Committee","NA","NA","Ecosystem | Acceleration","NA","NA","Ecosystem | Pre-Impact Committee ","NA","NA","Ecosystem | Impact Committee","NA","NA","Ecosystem | Impact","NA","NA"
"788","INNOVIR waterconserv","situation visant à démunie la vaporisation d'eaux aux bassins des laverie et pourquoi pas les barrages du royaume on produisant l'électricité. ","19/02/2025","22/06/2025","001","Ideation","active","NA","NA","NA","Soumission","19/02/2025","23/04/2025","Ecosystème (situation visant à créer de la valeur avec l’écosystème du groupe)","Categorization","NA","NA","Ideation","16/05/2025","22/06/2025","Ideation | Demo Day ","NA","NA","Development","NA","NA","Business | Incubation","NA","NA","Business | Pre-Hacking Committee ","NA","NA","Business | Hacking Committee","NA","NA","Business | Acceleration","NA","NA","Business | Pre-Impact Committee","NA","NA","Business | Impact Committee","NA","NA","Business | Impact","NA","NA","Business | Series B","NA","NA","OM | Incubation","NA","NA","OM | Pre-Hacking Committee","NA","NA","OM | Hacking Committee","NA","NA","OM | Acceleration","NA","NA","OM | Pre-Impact Committee ","NA","NA","OM | Impact Committee","NA","NA","OM | Impact","NA","Ecosystem | Incubation","NA","NA","Ecosystem | Pre-Hacking Committee","NA","NA","Ecosystem | Hacking Committee","NA","NA","Ecosystem | Acceleration","NA","NA","Ecosystem | Pre-Impact Committee ","NA","NA","Ecosystem | Impact Committee","NA","NA","Ecosystem | Impact","NA","NA"
"789","INNOVIR recycPAVI","bitumage et bétonnage des routes a base des BROYAGE roues et oïl usée des engins OCP et aussi la fabrication des PAVES et routes ","19/02/2025","21/06/2025","001","Ideation","active","NA","NA","NA","Soumission","19/02/2025","16/05/2025","Business (situation visant à générer des revenus)","Categorization","NA","NA","Ideation","16/05/2025","05/06/2025","Ideation | Demo Day ","NA","NA","Development","NA","NA","Business | Incubation","NA","NA","Business | Pre-Hacking Committee ","NA","NA","Business | Hacking Committee","NA","NA","Business | Acceleration","NA","NA","Business | Pre-Impact Committee","NA","NA","Business | Impact Committee","NA","NA","Business | Impact","NA","NA","Business | Series B","NA","NA","OM | Incubation","NA","NA","OM | Pre-Hacking Committee","NA","NA","OM | Hacking Committee","NA","NA","OM | Acceleration","NA","NA","OM | Pre-Impact Committee ","NA","NA","OM | Impact Committee","NA","NA","OM | Impact","NA","Ecosystem | Incubation","NA","NA","Ecosystem | Pre-Hacking Committee","NA","NA","Ecosystem | Hacking Committee","NA","NA","Ecosystem | Acceleration","NA","NA","Ecosystem | Pre-Impact Committee ","NA","NA","Ecosystem | Impact Committee","NA","NA","Ecosystem | Impact","NA","NA"
"790","PABC","L'objectif est dProduire au Maroc de la poudre ABC à partir de matières premières locales. Le projet débutera avec une unité dédiée au marché local, avant de s’étendre aux marchés africain et européen, positionnant le Maroc comme un acteur clé du secteur.","19/02/2025","21/06/2025","002","Ideation","active","NA","NA","SBU Manufacturig Safi","Soumission","19/02/2025","16/05/2025","Business (situation visant à générer des revenus)","Categorization","NA","NA","Ideation","16/05/2025","NA","Ideation | Demo Day ","NA","NA","Development","NA","NA","Business | Incubation","NA","NA","Business | Pre-Hacking Committee ","NA","NA","Business | Hacking Committee","NA","NA","Business | Acceleration","NA","NA","Business | Pre-Impact Committee","NA","NA","Business | Impact Committee","NA","NA","Business | Impact","NA","NA","Business | Series B","NA","NA","OM | Incubation","NA","NA","OM | Pre-Hacking Committee","NA","NA","OM | Hacking Committee","NA","NA","OM | Acceleration","NA","NA","OM | Pre-Impact Committee ","NA","NA","OM | Impact Committee","NA","NA","OM | Impact","NA","Ecosystem | Incubation","NA","NA","Ecosystem | Pre-Hacking Committee","NA","NA","Ecosystem | Hacking Committee","NA","NA","Ecosystem | Acceleration","NA","NA","Ecosystem | Pre-Impact Committee ","NA","NA","Ecosystem | Impact Committee","NA","NA","Ecosystem | Impact","NA","NA"
"791","INNOVIR SOCIALPIPE","Notre idée vise à faire une acte pour les habitants des villes qui sont près de passage PIPELINE (SETTAT/OUEDZEM) tant qu'entreprise citoyenne à laide d'une pipe spécial eaux salée pour des PLAGE ARTIFICIAL ,défense contre incendie  et arroser les sols  ","19/02/2025","26/06/2025","001","Categorization","active","NA","NA","NA","Soumission","19/02/2025","20/05/2025","Business (situation visant à générer des revenus)","Categorization","26/06/2025","26/06/2025","Ideation","16/05/2025","NA","Ideation | Demo Day ","NA","NA","Development","NA","NA","Business | Incubation","NA","NA","Business | Pre-Hacking Committee ","NA","NA","Business | Hacking Committee","NA","NA","Business | Acceleration","NA","NA","Business | Pre-Impact Committee","NA","NA","Business | Impact Committee","NA","NA","Business | Impact","NA","NA","Business | Series B","NA","NA","OM | Incubation","NA","NA","OM | Pre-Hacking Committee","NA","NA","OM | Hacking Committee","NA","NA","OM | Acceleration","NA","NA","OM | Pre-Impact Committee ","NA","NA","OM | Impact Committee","NA","NA","OM | Impact","NA","Ecosystem | Incubation","NA","NA","Ecosystem | Pre-Hacking Committee","NA","NA","Ecosystem | Hacking Committee","NA","NA","Ecosystem | Acceleration","NA","NA","Ecosystem | Pre-Impact Committee ","NA","NA","Ecosystem | Impact Committee","NA","NA","Ecosystem | Impact","NA","NA"
"792","Jalal","","19/02/2025","19/02/2025","001","*Soumission*","active","NA","NA","NA","Soumission","19/02/2025","NA","","Categorization","NA","NA","Ideation","NA","NA","Ideation | Demo Day ","NA","NA","Development","NA","NA","Business | Incubation","NA","NA","Business | Pre-Hacking Committee ","NA","NA","Business | Hacking Committee","NA","NA","Business | Acceleration","NA","NA","Business | Pre-Impact Committee","NA","NA","Business | Impact Committee","NA","NA","Business | Impact","NA","NA","Business | Series B","NA","NA","OM | Incubation","NA","NA","OM | Pre-Hacking Committee","NA","NA","OM | Hacking Committee","NA","NA","OM | Acceleration","NA","NA","OM | Pre-Impact Committee ","NA","NA","OM | Impact Committee","NA","NA","OM | Impact","NA","Ecosystem | Incubation","NA","NA","Ecosystem | Pre-Hacking Committee","NA","NA","Ecosystem | Hacking Committee","NA","NA","Ecosystem | Acceleration","NA","NA","Ecosystem | Pre-Impact Committee ","NA","NA","Ecosystem | Impact Committee","NA","NA","Ecosystem | Impact","NA","NA"
"793","knowledgeFlow","c'est une idée qui consiste à créer une plateforme qui va générer ","14/03/2025","21/06/2025","002","Ideation","active","NA","NA","NA","Soumission","14/03/2025","NA","Operating Model (situation visant à améliorer, optimiser ou changer des process, pratiques ou organisations de travail)","Categorization","NA","NA","Ideation","30/05/2025","NA","Ideation | Demo Day ","NA","NA","Development","NA","NA","Business | Incubation","NA","NA","Business | Pre-Hacking Committee ","NA","NA","Business | Hacking Committee","NA","NA","Business | Acceleration","NA","NA","Business | Pre-Impact Committee","NA","NA","Business | Impact Committee","NA","NA","Business | Impact","NA","NA","Business | Series B","NA","NA","OM | Incubation","NA","NA","OM | Pre-Hacking Committee","NA","NA","OM | Hacking Committee","NA","NA","OM | Acceleration","NA","NA","OM | Pre-Impact Committee ","NA","NA","OM | Impact Committee","NA","NA","OM | Impact","NA","Ecosystem | Incubation","NA","NA","Ecosystem | Pre-Hacking Committee","NA","NA","Ecosystem | Hacking Committee","NA","NA","Ecosystem | Acceleration","NA","NA","Ecosystem | Pre-Impact Committee ","NA","NA","Ecosystem | Impact Committee","NA","NA","Ecosystem | Impact","NA","NA"
"794","Santé Plus","La santé et la sécurité au travail des travailleurs  des entreprises de Groupe OCP, sont essentielles pour garantir une performance durable. _x000D_
","14/03/2025","16/05/2025","001","Ideation","active","NA","NA","NA","Soumission","14/03/2025","22/04/2025","Business (situation visant à générer des revenus)","Categorization","NA","NA","Ideation","30/04/2025","NA","Ideation | Demo Day ","NA","NA","Development","NA","NA","Business | Incubation","NA","NA","Business | Pre-Hacking Committee ","NA","NA","Business | Hacking Committee","NA","NA","Business | Acceleration","NA","NA","Business | Pre-Impact Committee","NA","NA","Business | Impact Committee","NA","NA","Business | Impact","NA","NA","Business | Series B","NA","NA","OM | Incubation","NA","NA","OM | Pre-Hacking Committee","NA","NA","OM | Hacking Committee","NA","NA","OM | Acceleration","NA","NA","OM | Pre-Impact Committee ","NA","NA","OM | Impact Committee","NA","NA","OM | Impact","NA","Ecosystem | Incubation","NA","NA","Ecosystem | Pre-Hacking Committee","NA","NA","Ecosystem | Hacking Committee","NA","NA","Ecosystem | Acceleration","NA","NA","Ecosystem | Pre-Impact Committee ","NA","NA","Ecosystem | Impact Committee","NA","NA","Ecosystem | Impact","NA","NA"
"795","MESTARI karim","Création d'une Station compostage au niveau de la Plateforme OCP Jorf Lasfar, Une Station de Valorisation Organiques SVO._x000D_
SVO est un endroit qui permet de transformer une partie de déchets (déchets biodégradables) en composte de haute qualité.","15/03/2025","21/06/2025","006","Ideation","active","NA","NA","NA","Soumission","15/03/2025","05/04/2025","Ecosystème (situation visant à créer de la valeur avec l’écosystème du groupe)","Categorization","NA","NA","Ideation","16/05/2025","NA","Ideation | Demo Day ","NA","NA","Development","NA","NA","Business | Incubation","NA","NA","Business | Pre-Hacking Committee ","NA","NA","Business | Hacking Committee","NA","NA","Business | Acceleration","NA","NA","Business | Pre-Impact Committee","NA","NA","Business | Impact Committee","NA","NA","Business | Impact","NA","NA","Business | Series B","NA","NA","OM | Incubation","NA","NA","OM | Pre-Hacking Committee","NA","NA","OM | Hacking Committee","NA","NA","OM | Acceleration","NA","NA","OM | Pre-Impact Committee ","NA","NA","OM | Impact Committee","NA","NA","OM | Impact","NA","Ecosystem | Incubation","NA","NA","Ecosystem | Pre-Hacking Committee","NA","NA","Ecosystem | Hacking Committee","NA","NA","Ecosystem | Acceleration","NA","NA","Ecosystem | Pre-Impact Committee ","NA","NA","Ecosystem | Impact Committee","NA","NA","Ecosystem | Impact","NA","NA"
"796","Plantes vs Plastiques","Et si les déchets de nos plantes devenaient les matériaux de demain ? _x000D_
En valorisant ces résidus jusque-là jetés, nous pouvons créer des alternatives durables au plastique, alliant innovation, écologie et potentiel industriel.","21/03/2025","16/05/2025","001","Ideation","active","NA","NA","NA","Soumission","21/03/2025","21/03/2025","Ecosystème (situation visant à créer de la valeur avec l’écosystème du groupe)","Categorization","NA","NA","Ideation","12/05/2025","NA","Ideation | Demo Day ","NA","NA","Development","NA","NA","Business | Incubation","NA","NA","Business | Pre-Hacking Committee ","NA","NA","Business | Hacking Committee","NA","NA","Business | Acceleration","NA","NA","Business | Pre-Impact Committee","NA","NA","Business | Impact Committee","NA","NA","Business | Impact","NA","NA","Business | Series B","NA","NA","OM | Incubation","NA","NA","OM | Pre-Hacking Committee","NA","NA","OM | Hacking Committee","NA","NA","OM | Acceleration","NA","NA","OM | Pre-Impact Committee ","NA","NA","OM | Impact Committee","NA","NA","OM | Impact","NA","Ecosystem | Incubation","NA","NA","Ecosystem | Pre-Hacking Committee","NA","NA","Ecosystem | Hacking Committee","NA","NA","Ecosystem | Acceleration","NA","NA","Ecosystem | Pre-Impact Committee ","NA","NA","Ecosystem | Impact Committee","NA","NA","Ecosystem | Impact","NA","NA"
"797","Call The Lm3alm.com","lm3alm.com est une solution innovante pour trouver facilement des artisans qualifiés au Maroc. Grâce à cette application intuitive, vous pouvez résoudre vos problèmes domestiques tels que la plomberie, l'électricité, et bien plus encore.","22/03/2025","21/06/2025","001","Ideation","active","NA","NA","NA","Soumission","22/03/2025","26/03/2025","Business (situation visant à générer des revenus)","Categorization","NA","NA","Ideation","16/05/2025","NA","Ideation | Demo Day ","NA","NA","Development","NA","NA","Business | Incubation","NA","NA","Business | Pre-Hacking Committee ","NA","NA","Business | Hacking Committee","NA","NA","Business | Acceleration","NA","NA","Business | Pre-Impact Committee","NA","NA","Business | Impact Committee","NA","NA","Business | Impact","NA","NA","Business | Series B","NA","NA","OM | Incubation","NA","NA","OM | Pre-Hacking Committee","NA","NA","OM | Hacking Committee","NA","NA","OM | Acceleration","NA","NA","OM | Pre-Impact Committee ","NA","NA","OM | Impact Committee","NA","NA","OM | Impact","NA","Ecosystem | Incubation","NA","NA","Ecosystem | Pre-Hacking Committee","NA","NA","Ecosystem | Hacking Committee","NA","NA","Ecosystem | Acceleration","NA","NA","Ecosystem | Pre-Impact Committee ","NA","NA","Ecosystem | Impact Committee","NA","NA","Ecosystem | Impact","NA","NA"
"801","Éclaireurs du Futur","une équipe eSport innovante et ambitieuse. Notre objectif est de créer une équipe compétitive qui se distingue par ses performances et son engagement envers la communauté.","27/03/2025","16/05/2025","001","*Soumission*","active","NA","NA","NA","Soumission","27/03/2025","27/03/2025","Ecosystème (situation visant à créer de la valeur avec l’écosystème du groupe)","Categorization","NA","NA","Ideation","16/05/2025","NA","Ideation | Demo Day ","NA","NA","Development","NA","NA","Business | Incubation","NA","NA","Business | Pre-Hacking Committee ","NA","NA","Business | Hacking Committee","NA","NA","Business | Acceleration","NA","NA","Business | Pre-Impact Committee","NA","NA","Business | Impact Committee","NA","NA","Business | Impact","NA","NA","Business | Series B","NA","NA","OM | Incubation","NA","NA","OM | Pre-Hacking Committee","NA","NA","OM | Hacking Committee","NA","NA","OM | Acceleration","NA","NA","OM | Pre-Impact Committee ","NA","NA","OM | Impact Committee","NA","NA","OM | Impact","NA","Ecosystem | Incubation","NA","NA","Ecosystem | Pre-Hacking Committee","NA","NA","Ecosystem | Hacking Committee","NA","NA","Ecosystem | Acceleration","NA","NA","Ecosystem | Pre-Impact Committee ","NA","NA","Ecosystem | Impact Committee","NA","NA","Ecosystem | Impact","NA","NA"
"802","VisionTech","VisionTech est une salle de projection innovante dédiée aux présentations, films, documentaires et récits pour un voyage immersif au cœur de notre patrimoine utilisant les technologies avancées du cinéma (holographique 3D) et la réalité virtuelle (VR).","27/03/2025","21/06/2025","001","Ideation","active","NA","NA","NA","Soumission","27/03/2025","02/04/2025","Ecosystème (situation visant à créer de la valeur avec l’écosystème du groupe)","Categorization","NA","NA","Ideation","16/05/2025","NA","Ideation | Demo Day ","NA","NA","Development","NA","NA","Business | Incubation","NA","NA","Business | Pre-Hacking Committee ","NA","NA","Business | Hacking Committee","NA","NA","Business | Acceleration","NA","NA","Business | Pre-Impact Committee","NA","NA","Business | Impact Committee","NA","NA","Business | Impact","NA","NA","Business | Series B","NA","NA","OM | Incubation","NA","NA","OM | Pre-Hacking Committee","NA","NA","OM | Hacking Committee","NA","NA","OM | Acceleration","NA","NA","OM | Pre-Impact Committee ","NA","NA","OM | Impact Committee","NA","NA","OM | Impact","NA","Ecosystem | Incubation","NA","NA","Ecosystem | Pre-Hacking Committee","NA","NA","Ecosystem | Hacking Committee","NA","NA","Ecosystem | Acceleration","NA","NA","Ecosystem | Pre-Impact Committee ","NA","NA","Ecosystem | Impact Committee","NA","NA","Ecosystem | Impact","NA","NA"
"803","Green Spirit","","29/03/2025","29/03/2025","001","*Soumission*","active","NA","NA","NA","Soumission","29/03/2025","NA","","Categorization","NA","NA","Ideation","NA","NA","Ideation | Demo Day ","NA","NA","Development","NA","NA","Business | Incubation","NA","NA","Business | Pre-Hacking Committee ","NA","NA","Business | Hacking Committee","NA","NA","Business | Acceleration","NA","NA","Business | Pre-Impact Committee","NA","NA","Business | Impact Committee","NA","NA","Business | Impact","NA","NA","Business | Series B","NA","NA","OM | Incubation","NA","NA","OM | Pre-Hacking Committee","NA","NA","OM | Hacking Committee","NA","NA","OM | Acceleration","NA","NA","OM | Pre-Impact Committee ","NA","NA","OM | Impact Committee","NA","NA","OM | Impact","NA","Ecosystem | Incubation","NA","NA","Ecosystem | Pre-Hacking Committee","NA","NA","Ecosystem | Hacking Committee","NA","NA","Ecosystem | Acceleration","NA","NA","Ecosystem | Pre-Impact Committee ","NA","NA","Ecosystem | Impact Committee","NA","NA","Ecosystem | Impact","NA","NA"
"804","Fertijarre","La présente invention concerne un système innovant d'irrigation et de fertilisation utilisant un pot en terre cuite enterré dans le sol, qui libère progressivement des nutriments lorsqu'il est rempli d'eau.","10/04/2025","26/05/2025","003","Development","active","NA","NA","NA","Soumission","10/04/2025","15/05/2025","Business (situation visant à générer des revenus)","Categorization","NA","NA","Ideation","15/05/2025","NA","Ideation | Demo Day ","16/05/2025","16/05/2025","Development","26/05/2025","NA","Business | Incubation","NA","NA","Business | Pre-Hacking Committee ","NA","NA","Business | Hacking Committee","NA","NA","Business | Acceleration","NA","NA","Business | Pre-Impact Committee","NA","NA","Business | Impact Committee","NA","NA","Business | Impact","NA","NA","Business | Series B","NA","NA","OM | Incubation","NA","NA","OM | Pre-Hacking Committee","NA","NA","OM | Hacking Committee","NA","NA","OM | Acceleration","NA","NA","OM | Pre-Impact Committee ","NA","NA","OM | Impact Committee","NA","NA","OM | Impact","NA","Ecosystem | Incubation","NA","NA","Ecosystem | Pre-Hacking Committee","NA","NA","Ecosystem | Hacking Committee","NA","NA","Ecosystem | Acceleration","NA","NA","Ecosystem | Pre-Impact Committee ","NA","NA","Ecosystem | Impact Committee","NA","NA","Ecosystem | Impact","NA","NA"
"805","ACT NOW 2030","Dans le cadre des grandes transformations engagées en vue de la Coupe du Monde 2030, cette situation vise à instaurer une culture citoyenne positive au sein du Groupe, avec l’ambition de l’élargir progressivement à l’échelle locale ou nationale.","18/04/2025","25/06/2025","006","Ideation","active","NA","NA","NA","Soumission","18/04/2025","NA","Ecosystème (situation visant à créer de la valeur avec l’écosystème du groupe)","Categorization","NA","NA","Ideation","30/05/2025","NA","Ideation | Demo Day ","NA","NA","Development","NA","NA","Business | Incubation","NA","NA","Business | Pre-Hacking Committee ","NA","NA","Business | Hacking Committee","NA","NA","Business | Acceleration","NA","NA","Business | Pre-Impact Committee","NA","NA","Business | Impact Committee","NA","NA","Business | Impact","NA","NA","Business | Series B","NA","NA","OM | Incubation","NA","NA","OM | Pre-Hacking Committee","NA","NA","OM | Hacking Committee","NA","NA","OM | Acceleration","NA","NA","OM | Pre-Impact Committee ","NA","NA","OM | Impact Committee","NA","NA","OM | Impact","NA","Ecosystem | Incubation","NA","NA","Ecosystem | Pre-Hacking Committee","NA","NA","Ecosystem | Hacking Committee","NA","NA","Ecosystem | Acceleration","NA","NA","Ecosystem | Pre-Impact Committee ","NA","NA","Ecosystem | Impact Committee","NA","NA","Ecosystem | Impact","NA","NA"
"808","GreenHouseCycle","GreenHouseCycle est une plateforme éco-solidaire qui permet aux particuliers et aux entreprises de se débarrasser de leurs objets inutilisés de manière responsable, en choisissant entre don solidaire, vente à prix symbolique ou débarras responsable. ","24/04/2025","21/06/2025","004","Ideation","active","NA","NA","NA","Soumission","24/04/2025","24/04/2025","Business (situation visant à générer des revenus)","Categorization","NA","NA","Ideation","16/05/2025","NA","Ideation | Demo Day ","NA","NA","Development","NA","NA","Business | Incubation","NA","NA","Business | Pre-Hacking Committee ","NA","NA","Business | Hacking Committee","NA","NA","Business | Acceleration","NA","NA","Business | Pre-Impact Committee","NA","NA","Business | Impact Committee","NA","NA","Business | Impact","NA","NA","Business | Series B","NA","NA","OM | Incubation","NA","NA","OM | Pre-Hacking Committee","NA","NA","OM | Hacking Committee","NA","NA","OM | Acceleration","NA","NA","OM | Pre-Impact Committee ","NA","NA","OM | Impact Committee","NA","NA","OM | Impact","NA","Ecosystem | Incubation","NA","NA","Ecosystem | Pre-Hacking Committee","NA","NA","Ecosystem | Hacking Committee","NA","NA","Ecosystem | Acceleration","NA","NA","Ecosystem | Pre-Impact Committee ","NA","NA","Ecosystem | Impact Committee","NA","NA","Ecosystem | Impact","NA","NA"
"809","TransAfrique","Projet de transport routier via des camions entre les ports marocains et les pays du Sahel, avec un modèle partenarial où les chauffeurs sont associés à 70% de la valeur du camion","24/04/2025","21/06/2025","003","Ideation","active","NA","NA","NA","Soumission","24/04/2025","03/05/2025","Business (situation visant à générer des revenus)","Categorization","NA","NA","Ideation","16/05/2025","NA","Ideation | Demo Day ","NA","NA","Development","NA","NA","Business | Incubation","NA","NA","Business | Pre-Hacking Committee ","NA","NA","Business | Hacking Committee","NA","NA","Business | Acceleration","NA","NA","Business | Pre-Impact Committee","NA","NA","Business | Impact Committee","NA","NA","Business | Impact","NA","NA","Business | Series B","NA","NA","OM | Incubation","NA","NA","OM | Pre-Hacking Committee","NA","NA","OM | Hacking Committee","NA","NA","OM | Acceleration","NA","NA","OM | Pre-Impact Committee ","NA","NA","OM | Impact Committee","NA","NA","OM | Impact","NA","Ecosystem | Incubation","NA","NA","Ecosystem | Pre-Hacking Committee","NA","NA","Ecosystem | Hacking Committee","NA","NA","Ecosystem | Acceleration","NA","NA","Ecosystem | Pre-Impact Committee ","NA","NA","Ecosystem | Impact Committee","NA","NA","Ecosystem | Impact","NA","NA"
"811","Force de contrôle","Améliorer la santé mentale et physique des collaborateurs en milieu professionnel en leur proposant un programme personnalisé combinant :_x000D_
-Activité physique régulière_x000D_
-Méditation pleine conscience_x000D_
-Coaching de vie et de gestion des addictions","24/04/2025","21/06/2025","007","Ideation","active","NA","NA","NA","Soumission","24/04/2025","30/04/2025","Ecosystème (situation visant à créer de la valeur avec l’écosystème du groupe)","Categorization","NA","NA","Ideation","16/05/2025","NA","Ideation | Demo Day ","NA","NA","Development","NA","NA","Business | Incubation","NA","NA","Business | Pre-Hacking Committee ","NA","NA","Business | Hacking Committee","NA","NA","Business | Acceleration","NA","NA","Business | Pre-Impact Committee","NA","NA","Business | Impact Committee","NA","NA","Business | Impact","NA","NA","Business | Series B","NA","NA","OM | Incubation","NA","NA","OM | Pre-Hacking Committee","NA","NA","OM | Hacking Committee","NA","NA","OM | Acceleration","NA","NA","OM | Pre-Impact Committee ","NA","NA","OM | Impact Committee","NA","NA","OM | Impact","NA","Ecosystem | Incubation","NA","NA","Ecosystem | Pre-Hacking Committee","NA","NA","Ecosystem | Hacking Committee","NA","NA","Ecosystem | Acceleration","NA","NA","Ecosystem | Pre-Impact Committee ","NA","NA","Ecosystem | Impact Committee","NA","NA","Ecosystem | Impact","NA","NA"
"812","SLURRY PUMP PERFORMANCE","Slyrry pump performance vise à apporter à l'OCP une solution de suivi et de maintenance rigoureuse des pompes slurry de transport de la pulpe de phosphate (laverie, Pipeline, Dowstream, n etc)","25/04/2025","21/06/2025","001","Ideation","active","NA","NA","NA","Soumission","25/04/2025","25/04/2025","Business (situation visant à générer des revenus)","Categorization","NA","NA","Ideation","16/05/2025","NA","Ideation | Demo Day ","NA","NA","Development","NA","NA","Business | Incubation","NA","NA","Business | Pre-Hacking Committee ","NA","NA","Business | Hacking Committee","NA","NA","Business | Acceleration","NA","NA","Business | Pre-Impact Committee","NA","NA","Business | Impact Committee","NA","NA","Business | Impact","NA","NA","Business | Series B","NA","NA","OM | Incubation","NA","NA","OM | Pre-Hacking Committee","NA","NA","OM | Hacking Committee","NA","NA","OM | Acceleration","NA","NA","OM | Pre-Impact Committee ","NA","NA","OM | Impact Committee","NA","NA","OM | Impact","NA","Ecosystem | Incubation","NA","NA","Ecosystem | Pre-Hacking Committee","NA","NA","Ecosystem | Hacking Committee","NA","NA","Ecosystem | Acceleration","NA","NA","Ecosystem | Pre-Impact Committee ","NA","NA","Ecosystem | Impact Committee","NA","NA","Ecosystem | Impact","NA","NA"
"813","ACT4INNOV_ACADEMY","Créer une académie pour former, accompagner et transformer positivement via l'innovation sociales envers la société: innovateurs, chercheurs, entrepreneurs, associations, coopératives, et établissements à but non lucratif au Maroc et en Afrique.","26/04/2025","21/06/2025","001","Ideation","active","NA","NA","NA","Soumission","26/04/2025","27/04/2025","Business (situation visant à générer des revenus)","Categorization","NA","NA","Ideation","16/05/2025","NA","Ideation | Demo Day ","NA","NA","Development","NA","NA","Business | Incubation","NA","NA","Business | Pre-Hacking Committee ","NA","NA","Business | Hacking Committee","NA","NA","Business | Acceleration","NA","NA","Business | Pre-Impact Committee","NA","NA","Business | Impact Committee","NA","NA","Business | Impact","NA","NA","Business | Series B","NA","NA","OM | Incubation","NA","NA","OM | Pre-Hacking Committee","NA","NA","OM | Hacking Committee","NA","NA","OM | Acceleration","NA","NA","OM | Pre-Impact Committee ","NA","NA","OM | Impact Committee","NA","NA","OM | Impact","NA","Ecosystem | Incubation","NA","NA","Ecosystem | Pre-Hacking Committee","NA","NA","Ecosystem | Hacking Committee","NA","NA","Ecosystem | Acceleration","NA","NA","Ecosystem | Pre-Impact Committee ","NA","NA","Ecosystem | Impact Committee","NA","NA","Ecosystem | Impact","NA","NA"
"815","Cap émotions","","27/04/2025","27/04/2025","001","*Soumission*","active","NA","NA","NA","Soumission","27/04/2025","NA","Business (situation visant à générer des revenus)","Categorization","NA","NA","Ideation","NA","NA","Ideation | Demo Day ","NA","NA","Development","NA","NA","Business | Incubation","NA","NA","Business | Pre-Hacking Committee ","NA","NA","Business | Hacking Committee","NA","NA","Business | Acceleration","NA","NA","Business | Pre-Impact Committee","NA","NA","Business | Impact Committee","NA","NA","Business | Impact","NA","NA","Business | Series B","NA","NA","OM | Incubation","NA","NA","OM | Pre-Hacking Committee","NA","NA","OM | Hacking Committee","NA","NA","OM | Acceleration","NA","NA","OM | Pre-Impact Committee ","NA","NA","OM | Impact Committee","NA","NA","OM | Impact","NA","Ecosystem | Incubation","NA","NA","Ecosystem | Pre-Hacking Committee","NA","NA","Ecosystem | Hacking Committee","NA","NA","Ecosystem | Acceleration","NA","NA","Ecosystem | Pre-Impact Committee ","NA","NA","Ecosystem | Impact Committee","NA","NA","Ecosystem | Impact","NA","NA"
"816","CACTUS VIVERAL","Projet de Culture de Cactus sur les Terrains Anciennement Exploités par l'OCP","27/04/2025","21/06/2025","007","Ideation","active","NA","NA","NA","Soumission","27/04/2025","13/05/2025","Business (situation visant à générer des revenus)","Categorization","NA","NA","Ideation","16/05/2025","NA","Ideation | Demo Day ","NA","NA","Development","NA","NA","Business | Incubation","NA","NA","Business | Pre-Hacking Committee ","NA","NA","Business | Hacking Committee","NA","NA","Business | Acceleration","NA","NA","Business | Pre-Impact Committee","NA","NA","Business | Impact Committee","NA","NA","Business | Impact","NA","NA","Business | Series B","NA","NA","OM | Incubation","NA","NA","OM | Pre-Hacking Committee","NA","NA","OM | Hacking Committee","NA","NA","OM | Acceleration","NA","NA","OM | Pre-Impact Committee ","NA","NA","OM | Impact Committee","NA","NA","OM | Impact","NA","Ecosystem | Incubation","NA","NA","Ecosystem | Pre-Hacking Committee","NA","NA","Ecosystem | Hacking Committee","NA","NA","Ecosystem | Acceleration","NA","NA","Ecosystem | Pre-Impact Committee ","NA","NA","Ecosystem | Impact Committee","NA","NA","Ecosystem | Impact","NA","NA"
"817","Tramway OCP zero carbon","l'idée c'est de remplacer le transport commun polluant des agents par un transport vert -green Energy/zéro Carbon-","28/04/2025","21/06/2025","004","Ideation","active","NA","NA","NA","Soumission","28/04/2025","NA","Business (situation visant à générer des revenus)","Categorization","NA","NA","Ideation","30/05/2025","NA","Ideation | Demo Day ","NA","NA","Development","NA","NA","Business | Incubation","NA","NA","Business | Pre-Hacking Committee ","NA","NA","Business | Hacking Committee","NA","NA","Business | Acceleration","NA","NA","Business | Pre-Impact Committee","NA","NA","Business | Impact Committee","NA","NA","Business | Impact","NA","NA","Business | Series B","NA","NA","OM | Incubation","NA","NA","OM | Pre-Hacking Committee","NA","NA","OM | Hacking Committee","NA","NA","OM | Acceleration","NA","NA","OM | Pre-Impact Committee ","NA","NA","OM | Impact Committee","NA","NA","OM | Impact","NA","Ecosystem | Incubation","NA","NA","Ecosystem | Pre-Hacking Committee","NA","NA","Ecosystem | Hacking Committee","NA","NA","Ecosystem | Acceleration","NA","NA","Ecosystem | Pre-Impact Committee ","NA","NA","Ecosystem | Impact Committee","NA","NA","Ecosystem | Impact","NA","NA"
"819","CACTUSPHOS","Le projet CactusPhos cherche à exploiter le potentiel du cactus dans plusieurs domaines :​_x000D_
Agronomique : Sélectionner des variétés de cactus adaptées aux conditions climatiques du Maroc en général et particulièrement les zone d'exploitation phosphates.","29/04/2025","26/06/2025","004","Categorization","active","NA","NA","NA","Soumission","29/04/2025","NA","Ecosystème (situation visant à créer de la valeur avec l’écosystème du groupe)","Categorization","26/06/2025","26/06/2025","Ideation","NA","NA","Ideation | Demo Day ","NA","NA","Development","NA","NA","Business | Incubation","NA","NA","Business | Pre-Hacking Committee ","NA","NA","Business | Hacking Committee","NA","NA","Business | Acceleration","NA","NA","Business | Pre-Impact Committee","NA","NA","Business | Impact Committee","NA","NA","Business | Impact","NA","NA","Business | Series B","NA","NA","OM | Incubation","NA","NA","OM | Pre-Hacking Committee","NA","NA","OM | Hacking Committee","NA","NA","OM | Acceleration","NA","NA","OM | Pre-Impact Committee ","NA","NA","OM | Impact Committee","NA","NA","OM | Impact","NA","Ecosystem | Incubation","NA","NA","Ecosystem | Pre-Hacking Committee","NA","NA","Ecosystem | Hacking Committee","NA","NA","Ecosystem | Acceleration","NA","NA","Ecosystem | Pre-Impact Committee ","NA","NA","Ecosystem | Impact Committee","NA","NA","Ecosystem | Impact","NA","NA"
"820","ENERGY CHAIN","Solution innovante de gestion énergétique basée sur la blockchain (Web3) et l’IoT pour optimiser la production et la consommation d’électricité en temps réel. L’objectif est de réduire les pertes énergétiques, d’améliorer l’efficacité opérationnelle.","29/04/2025","21/06/2025","003","Ideation","active","NA","NA","NA","Soumission","29/04/2025","29/04/2025","Business (situation visant à générer des revenus)","Categorization","NA","NA","Ideation","16/05/2025","NA","Ideation | Demo Day ","NA","NA","Development","NA","NA","Business | Incubation","NA","NA","Business | Pre-Hacking Committee ","NA","NA","Business | Hacking Committee","NA","NA","Business | Acceleration","NA","NA","Business | Pre-Impact Committee","NA","NA","Business | Impact Committee","NA","NA","Business | Impact","NA","NA","Business | Series B","NA","NA","OM | Incubation","NA","NA","OM | Pre-Hacking Committee","NA","NA","OM | Hacking Committee","NA","NA","OM | Acceleration","NA","NA","OM | Pre-Impact Committee ","NA","NA","OM | Impact Committee","NA","NA","OM | Impact","NA","Ecosystem | Incubation","NA","NA","Ecosystem | Pre-Hacking Committee","NA","NA","Ecosystem | Hacking Committee","NA","NA","Ecosystem | Acceleration","NA","NA","Ecosystem | Pre-Impact Committee ","NA","NA","Ecosystem | Impact Committee","NA","NA","Ecosystem | Impact","NA","NA"
"822","Lab Kids Innovation","Ocp Kids innovation lab est un espace ludique et éducatif qui initie les enfants aux sciences, technologies et arts par l'expérimentation, la créativité et le jeu, afin de développer leur curiosité, esprit critique et compétences du futur.","01/05/2025","26/06/2025","002","Categorization","active","NA","NA","NA","Soumission","01/05/2025","NA","","Categorization","26/06/2025","26/06/2025","Ideation","NA","NA","Ideation | Demo Day ","NA","NA","Development","NA","NA","Business | Incubation","NA","NA","Business | Pre-Hacking Committee ","NA","NA","Business | Hacking Committee","NA","NA","Business | Acceleration","NA","NA","Business | Pre-Impact Committee","NA","NA","Business | Impact Committee","NA","NA","Business | Impact","NA","NA","Business | Series B","NA","NA","OM | Incubation","NA","NA","OM | Pre-Hacking Committee","NA","NA","OM | Hacking Committee","NA","NA","OM | Acceleration","NA","NA","OM | Pre-Impact Committee ","NA","NA","OM | Impact Committee","NA","NA","OM | Impact","NA","Ecosystem | Incubation","NA","NA","Ecosystem | Pre-Hacking Committee","NA","NA","Ecosystem | Hacking Committee","NA","NA","Ecosystem | Acceleration","NA","NA","Ecosystem | Pre-Impact Committee ","NA","NA","Ecosystem | Impact Committee","NA","NA","Ecosystem | Impact","NA","NA"
"823","Equipe instrumentation","Notre idée vise  l’optimisation de  la consommation ""à vide"" par la mise  en place de quelques procédures manuelles et automatiques de mise hors service des convoyeurs non indispensables pour un redémarrage rapide de la production. ","02/05/2025","26/06/2025","003","Categorization","active","NA","NA","NA","Soumission","02/05/2025","NA","Operating Model (situation visant à améliorer, optimiser ou changer des process, pratiques ou organisations de travail)","Categorization","26/06/2025","26/06/2025","Ideation","NA","NA","Ideation | Demo Day ","NA","NA","Development","NA","NA","Business | Incubation","NA","NA","Business | Pre-Hacking Committee ","NA","NA","Business | Hacking Committee","NA","NA","Business | Acceleration","NA","NA","Business | Pre-Impact Committee","NA","NA","Business | Impact Committee","NA","NA","Business | Impact","NA","NA","Business | Series B","NA","NA","OM | Incubation","NA","NA","OM | Pre-Hacking Committee","NA","NA","OM | Hacking Committee","NA","NA","OM | Acceleration","NA","NA","OM | Pre-Impact Committee ","NA","NA","OM | Impact Committee","NA","NA","OM | Impact","NA","Ecosystem | Incubation","NA","NA","Ecosystem | Pre-Hacking Committee","NA","NA","Ecosystem | Hacking Committee","NA","NA","Ecosystem | Acceleration","NA","NA","Ecosystem | Pre-Impact Committee ","NA","NA","Ecosystem | Impact Committee","NA","NA","Ecosystem | Impact","NA","NA"
"824","ENTRETIEN PARC HTB LIAISON","L'entretien des isolateurs des équipements électriques du parc HTB est indispensable pour assurer leur disponibilité et vu la difficulté et les dangers liés à l'opération, on est obligé de mettre en œuvre une solution adéquate pour exercer l'opération.","02/05/2025","26/06/2025","001","Categorization","active","NA","NA","NA","Soumission","02/05/2025","NA","Operating Model (situation visant à améliorer, optimiser ou changer des process, pratiques ou organisations de travail)","Categorization","26/06/2025","26/06/2025","Ideation","NA","NA","Ideation | Demo Day ","NA","NA","Development","NA","NA","Business | Incubation","NA","NA","Business | Pre-Hacking Committee ","NA","NA","Business | Hacking Committee","NA","NA","Business | Acceleration","NA","NA","Business | Pre-Impact Committee","NA","NA","Business | Impact Committee","NA","NA","Business | Impact","NA","NA","Business | Series B","NA","NA","OM | Incubation","NA","NA","OM | Pre-Hacking Committee","NA","NA","OM | Hacking Committee","NA","NA","OM | Acceleration","NA","NA","OM | Pre-Impact Committee ","NA","NA","OM | Impact Committee","NA","NA","OM | Impact","NA","Ecosystem | Incubation","NA","NA","Ecosystem | Pre-Hacking Committee","NA","NA","Ecosystem | Hacking Committee","NA","NA","Ecosystem | Acceleration","NA","NA","Ecosystem | Pre-Impact Committee ","NA","NA","Ecosystem | Impact Committee","NA","NA","Ecosystem | Impact","NA","NA"
"825","DISART","DISART est une plateforme digitale dédiée aux artisans marocains, qui a pour mission de promouvoir et de commercialiser leurs créations aussi bien sur le marché local qu’international.","02/05/2025","21/06/2025","005","Ideation","active","NA","NA","NA","Soumission","02/05/2025","04/05/2025","Business (situation visant à générer des revenus)","Categorization","NA","NA","Ideation","16/05/2025","NA","Ideation | Demo Day ","NA","NA","Development","NA","NA","Business | Incubation","NA","NA","Business | Pre-Hacking Committee ","NA","NA","Business | Hacking Committee","NA","NA","Business | Acceleration","NA","NA","Business | Pre-Impact Committee","NA","NA","Business | Impact Committee","NA","NA","Business | Impact","NA","NA","Business | Series B","NA","NA","OM | Incubation","NA","NA","OM | Pre-Hacking Committee","NA","NA","OM | Hacking Committee","NA","NA","OM | Acceleration","NA","NA","OM | Pre-Impact Committee ","NA","NA","OM | Impact Committee","NA","NA","OM | Impact","NA","Ecosystem | Incubation","NA","NA","Ecosystem | Pre-Hacking Committee","NA","NA","Ecosystem | Hacking Committee","NA","NA","Ecosystem | Acceleration","NA","NA","Ecosystem | Pre-Impact Committee ","NA","NA","Ecosystem | Impact Committee","NA","NA","Ecosystem | Impact","NA","NA"
"826","Lean management","My presentation is special unique. Since our company with its cohorts spreaded the perspectives of lean management in each services I decided to teach female employees the courses of lean management through English language.","03/05/2025","30/05/2025","002","*Soumission*","active","NA","NA","NA","Soumission","03/05/2025","03/05/2025","Operating Model (situation visant à améliorer, optimiser ou changer des process, pratiques ou organisations de travail)","Categorization","NA","NA","Ideation","16/05/2025","NA","Ideation | Demo Day ","NA","NA","Development","NA","NA","Business | Incubation","NA","NA","Business | Pre-Hacking Committee ","NA","NA","Business | Hacking Committee","NA","NA","Business | Acceleration","NA","NA","Business | Pre-Impact Committee","NA","NA","Business | Impact Committee","NA","NA","Business | Impact","NA","NA","Business | Series B","NA","NA","OM | Incubation","NA","NA","OM | Pre-Hacking Committee","NA","NA","OM | Hacking Committee","NA","NA","OM | Acceleration","NA","NA","OM | Pre-Impact Committee ","NA","NA","OM | Impact Committee","NA","NA","OM | Impact","NA","Ecosystem | Incubation","NA","NA","Ecosystem | Pre-Hacking Committee","NA","NA","Ecosystem | Hacking Committee","NA","NA","Ecosystem | Acceleration","NA","NA","Ecosystem | Pre-Impact Committee ","NA","NA","Ecosystem | Impact Committee","NA","NA","Ecosystem | Impact","NA","NA"
"827","Les lions d'Atlas","","04/05/2025","04/05/2025","001","*Soumission*","active","NA","NA","NA","Soumission","04/05/2025","NA","","Categorization","NA","NA","Ideation","NA","NA","Ideation | Demo Day ","NA","NA","Development","NA","NA","Business | Incubation","NA","NA","Business | Pre-Hacking Committee ","NA","NA","Business | Hacking Committee","NA","NA","Business | Acceleration","NA","NA","Business | Pre-Impact Committee","NA","NA","Business | Impact Committee","NA","NA","Business | Impact","NA","NA","Business | Series B","NA","NA","OM | Incubation","NA","NA","OM | Pre-Hacking Committee","NA","NA","OM | Hacking Committee","NA","NA","OM | Acceleration","NA","NA","OM | Pre-Impact Committee ","NA","NA","OM | Impact Committee","NA","NA","OM | Impact","NA","Ecosystem | Incubation","NA","NA","Ecosystem | Pre-Hacking Committee","NA","NA","Ecosystem | Hacking Committee","NA","NA","Ecosystem | Acceleration","NA","NA","Ecosystem | Pre-Impact Committee ","NA","NA","Ecosystem | Impact Committee","NA","NA","Ecosystem | Impact","NA","NA"
"828","OCP-ISST Maroc","infirmier spécialisé en santé au travail a bientôt au Maroc . Le groupe OCP, déjà investi dans cette formation, dispose d'une équipe expérimentée. je  propose de mettre cette expertise théorique et pratique au service de la création de cette spécialité.","05/05/2025","26/06/2025","009","Categorization","active","NA","NA","NA","Soumission","05/05/2025","05/05/2025","Ecosystème (situation visant à créer de la valeur avec l’écosystème du groupe)","Categorization","26/06/2025","26/06/2025","Ideation","16/05/2025","NA","Ideation | Demo Day ","NA","NA","Development","NA","NA","Business | Incubation","NA","NA","Business | Pre-Hacking Committee ","NA","NA","Business | Hacking Committee","NA","NA","Business | Acceleration","NA","NA","Business | Pre-Impact Committee","NA","NA","Business | Impact Committee","NA","NA","Business | Impact","NA","NA","Business | Series B","NA","NA","OM | Incubation","NA","NA","OM | Pre-Hacking Committee","NA","NA","OM | Hacking Committee","NA","NA","OM | Acceleration","NA","NA","OM | Pre-Impact Committee ","NA","NA","OM | Impact Committee","NA","NA","OM | Impact","NA","Ecosystem | Incubation","NA","NA","Ecosystem | Pre-Hacking Committee","NA","NA","Ecosystem | Hacking Committee","NA","NA","Ecosystem | Acceleration","NA","NA","Ecosystem | Pre-Impact Committee ","NA","NA","Ecosystem | Impact Committee","NA","NA","Ecosystem | Impact","NA","NA"
"829","LAFFIGH RACHID","","05/05/2025","05/05/2025","001","*Soumission*","active","NA","NA","NA","Soumission","05/05/2025","NA","Operating Model (situation visant à améliorer, optimiser ou changer des process, pratiques ou organisations de travail)","Categorization","NA","NA","Ideation","NA","NA","Ideation | Demo Day ","NA","NA","Development","NA","NA","Business | Incubation","NA","NA","Business | Pre-Hacking Committee ","NA","NA","Business | Hacking Committee","NA","NA","Business | Acceleration","NA","NA","Business | Pre-Impact Committee","NA","NA","Business | Impact Committee","NA","NA","Business | Impact","NA","NA","Business | Series B","NA","NA","OM | Incubation","NA","NA","OM | Pre-Hacking Committee","NA","NA","OM | Hacking Committee","NA","NA","OM | Acceleration","NA","NA","OM | Pre-Impact Committee ","NA","NA","OM | Impact Committee","NA","NA","OM | Impact","NA","Ecosystem | Incubation","NA","NA","Ecosystem | Pre-Hacking Committee","NA","NA","Ecosystem | Hacking Committee","NA","NA","Ecosystem | Acceleration","NA","NA","Ecosystem | Pre-Impact Committee ","NA","NA","Ecosystem | Impact Committee","NA","NA","Ecosystem | Impact","NA","NA"
"830","Digital & auto transformation","Transformation Digitale et Automatisation en Laboratoire : Vers une Excellence Qualitative","05/05/2025","26/06/2025","004","Categorization","active","NA","NA","NA","Soumission","05/05/2025","NA","Operating Model (situation visant à améliorer, optimiser ou changer des process, pratiques ou organisations de travail)","Categorization","26/06/2025","26/06/2025","Ideation","NA","NA","Ideation | Demo Day ","NA","NA","Development","NA","NA","Business | Incubation","NA","NA","Business | Pre-Hacking Committee ","NA","NA","Business | Hacking Committee","NA","NA","Business | Acceleration","NA","NA","Business | Pre-Impact Committee","NA","NA","Business | Impact Committee","NA","NA","Business | Impact","NA","NA","Business | Series B","NA","NA","OM | Incubation","NA","NA","OM | Pre-Hacking Committee","NA","NA","OM | Hacking Committee","NA","NA","OM | Acceleration","NA","NA","OM | Pre-Impact Committee ","NA","NA","OM | Impact Committee","NA","NA","OM | Impact","NA","Ecosystem | Incubation","NA","NA","Ecosystem | Pre-Hacking Committee","NA","NA","Ecosystem | Hacking Committee","NA","NA","Ecosystem | Acceleration","NA","NA","Ecosystem | Pre-Impact Committee ","NA","NA","Ecosystem | Impact Committee","NA","NA","Ecosystem | Impact","NA","NA"
"831","Electric power","L'idée propose une approche innovante d’intégration architecturale et énergétique en remplaçant les plafonds des salles machines par des panneaux solaires photovoltaïques, transformant ainsi une surface passive en une source active de production d’é","05/05/2025","21/06/2025","002","Ideation","active","NA","NA","NA","Soumission","05/05/2025","NA","Operating Model (situation visant à améliorer, optimiser ou changer des process, pratiques ou organisations de travail)","Categorization","NA","NA","Ideation","30/05/2025","NA","Ideation | Demo Day ","NA","NA","Development","NA","NA","Business | Incubation","NA","NA","Business | Pre-Hacking Committee ","NA","NA","Business | Hacking Committee","NA","NA","Business | Acceleration","NA","NA","Business | Pre-Impact Committee","NA","NA","Business | Impact Committee","NA","NA","Business | Impact","NA","NA","Business | Series B","NA","NA","OM | Incubation","NA","NA","OM | Pre-Hacking Committee","NA","NA","OM | Hacking Committee","NA","NA","OM | Acceleration","NA","NA","OM | Pre-Impact Committee ","NA","NA","OM | Impact Committee","NA","NA","OM | Impact","NA","Ecosystem | Incubation","NA","NA","Ecosystem | Pre-Hacking Committee","NA","NA","Ecosystem | Hacking Committee","NA","NA","Ecosystem | Acceleration","NA","NA","Ecosystem | Pre-Impact Committee ","NA","NA","Ecosystem | Impact Committee","NA","NA","Ecosystem | Impact","NA","NA"
"832","AgriBloom","AgriBloom is an initiative to empower Rwandan women in agriculture—bridging gender gaps through mentorship, innovation labs, and agribusiness skills—catalyzing a new wave of female leaders in agro-inputs and sustainable farming.","06/05/2025","25/06/2025","002","Ideation","active","NA","NA","NA","Soumission","06/05/2025","16/05/2025","Ecosystème (situation visant à créer de la valeur avec l’écosystème du groupe)","Categorization","NA","NA","Ideation","16/05/2025","NA","Ideation | Demo Day ","NA","NA","Development","NA","NA","Business | Incubation","NA","NA","Business | Pre-Hacking Committee ","NA","NA","Business | Hacking Committee","NA","NA","Business | Acceleration","NA","NA","Business | Pre-Impact Committee","NA","NA","Business | Impact Committee","NA","NA","Business | Impact","NA","NA","Business | Series B","NA","NA","OM | Incubation","NA","NA","OM | Pre-Hacking Committee","NA","NA","OM | Hacking Committee","NA","NA","OM | Acceleration","NA","NA","OM | Pre-Impact Committee ","NA","NA","OM | Impact Committee","NA","NA","OM | Impact","NA","Ecosystem | Incubation","NA","NA","Ecosystem | Pre-Hacking Committee","NA","NA","Ecosystem | Hacking Committee","NA","NA","Ecosystem | Acceleration","NA","NA","Ecosystem | Pre-Impact Committee ","NA","NA","Ecosystem | Impact Committee","NA","NA","Ecosystem | Impact","NA","NA"
"834","Digicode","","09/05/2025","09/05/2025","001","*Soumission*","active","NA","NA","NA","Soumission","09/05/2025","NA","Ecosystème (situation visant à créer de la valeur avec l’écosystème du groupe)","Categorization","NA","NA","Ideation","NA","NA","Ideation | Demo Day ","NA","NA","Development","NA","NA","Business | Incubation","NA","NA","Business | Pre-Hacking Committee ","NA","NA","Business | Hacking Committee","NA","NA","Business | Acceleration","NA","NA","Business | Pre-Impact Committee","NA","NA","Business | Impact Committee","NA","NA","Business | Impact","NA","NA","Business | Series B","NA","NA","OM | Incubation","NA","NA","OM | Pre-Hacking Committee","NA","NA","OM | Hacking Committee","NA","NA","OM | Acceleration","NA","NA","OM | Pre-Impact Committee ","NA","NA","OM | Impact Committee","NA","NA","OM | Impact","NA","Ecosystem | Incubation","NA","NA","Ecosystem | Pre-Hacking Committee","NA","NA","Ecosystem | Hacking Committee","NA","NA","Ecosystem | Acceleration","NA","NA","Ecosystem | Pre-Impact Committee ","NA","NA","Ecosystem | Impact Committee","NA","NA","Ecosystem | Impact","NA","NA"
"835","VoxNova coaching","VoxNova coaching: Centre d'écoute & coaching qui transforme la parole en pouvoir. Accompagnement sur-mesure pour libérer votre potentiel, surmonter les blocages et réinventer votre histoire. Écoute active ∙ Méthodes innovantes ∙ Résultats concrets. ","09/05/2025","12/05/2025","001","*Soumission*","active","NA","NA","NA","Soumission","09/05/2025","NA","Operating Model (situation visant à améliorer, optimiser ou changer des process, pratiques ou organisations de travail)","Categorization","NA","NA","Ideation","NA","NA","Ideation | Demo Day ","NA","NA","Development","NA","NA","Business | Incubation","NA","NA","Business | Pre-Hacking Committee ","NA","NA","Business | Hacking Committee","NA","NA","Business | Acceleration","NA","NA","Business | Pre-Impact Committee","NA","NA","Business | Impact Committee","NA","NA","Business | Impact","NA","NA","Business | Series B","NA","NA","OM | Incubation","NA","NA","OM | Pre-Hacking Committee","NA","NA","OM | Hacking Committee","NA","NA","OM | Acceleration","NA","NA","OM | Pre-Impact Committee ","NA","NA","OM | Impact Committee","NA","NA","OM | Impact","NA","Ecosystem | Incubation","NA","NA","Ecosystem | Pre-Hacking Committee","NA","NA","Ecosystem | Hacking Committee","NA","NA","Ecosystem | Acceleration","NA","NA","Ecosystem | Pre-Impact Committee ","NA","NA","Ecosystem | Impact Committee","NA","NA","Ecosystem | Impact","NA","NA"
"840","HackMyBrand Team 4","Résultat du travail de la Team 4 durant le HackMyBrand","12/05/2025","16/05/2025","001","*Soumission*","active","NA","NA","NA","Soumission","12/05/2025","NA","","Categorization","NA","NA","Ideation","NA","NA","Ideation | Demo Day ","12/05/2025","12/05/2025","Development","NA","NA","Business | Incubation","NA","NA","Business | Pre-Hacking Committee ","NA","NA","Business | Hacking Committee","NA","NA","Business | Acceleration","NA","NA","Business | Pre-Impact Committee","NA","NA","Business | Impact Committee","NA","NA","Business | Impact","NA","NA","Business | Series B","NA","NA","OM | Incubation","NA","NA","OM | Pre-Hacking Committee","NA","NA","OM | Hacking Committee","NA","NA","OM | Acceleration","NA","NA","OM | Pre-Impact Committee ","NA","NA","OM | Impact Committee","NA","NA","OM | Impact","NA","Ecosystem | Incubation","NA","NA","Ecosystem | Pre-Hacking Committee","NA","NA","Ecosystem | Hacking Committee","NA","NA","Ecosystem | Acceleration","NA","NA","Ecosystem | Pre-Impact Committee ","NA","NA","Ecosystem | Impact Committee","NA","NA","Ecosystem | Impact","NA","NA"
"844","sureté en développement","","12/05/2025","12/05/2025","001","*Soumission*","active","NA","NA","NA","Soumission","12/05/2025","NA","","Categorization","NA","NA","Ideation","NA","NA","Ideation | Demo Day ","NA","NA","Development","NA","NA","Business | Incubation","NA","NA","Business | Pre-Hacking Committee ","NA","NA","Business | Hacking Committee","NA","NA","Business | Acceleration","NA","NA","Business | Pre-Impact Committee","NA","NA","Business | Impact Committee","NA","NA","Business | Impact","NA","NA","Business | Series B","NA","NA","OM | Incubation","NA","NA","OM | Pre-Hacking Committee","NA","NA","OM | Hacking Committee","NA","NA","OM | Acceleration","NA","NA","OM | Pre-Impact Committee ","NA","NA","OM | Impact Committee","NA","NA","OM | Impact","NA","Ecosystem | Incubation","NA","NA","Ecosystem | Pre-Hacking Committee","NA","NA","Ecosystem | Hacking Committee","NA","NA","Ecosystem | Acceleration","NA","NA","Ecosystem | Pre-Impact Committee ","NA","NA","Ecosystem | Impact Committee","NA","NA","Ecosystem | Impact","NA","NA"
"845","IA_filiere","La création d'une filière en intelligence artificielle (IA) pour le développement digital est une initiative stratégique qui peut stimuler l'innovation, renforcer les compétences locales et transformer les secteurs économiques. Voici une proposition struc","12/05/2025","21/06/2025","001","Ideation","active","NA","NA","NA","Soumission","12/05/2025","12/05/2025","Operating Model (situation visant à améliorer, optimiser ou changer des process, pratiques ou organisations de travail)","Categorization","NA","NA","Ideation","16/05/2025","NA","Ideation | Demo Day ","NA","NA","Development","NA","NA","Business | Incubation","NA","NA","Business | Pre-Hacking Committee ","NA","NA","Business | Hacking Committee","NA","NA","Business | Acceleration","NA","NA","Business | Pre-Impact Committee","NA","NA","Business | Impact Committee","NA","NA","Business | Impact","NA","NA","Business | Series B","NA","NA","OM | Incubation","NA","NA","OM | Pre-Hacking Committee","NA","NA","OM | Hacking Committee","NA","NA","OM | Acceleration","NA","NA","OM | Pre-Impact Committee ","NA","NA","OM | Impact Committee","NA","NA","OM | Impact","NA","Ecosystem | Incubation","NA","NA","Ecosystem | Pre-Hacking Committee","NA","NA","Ecosystem | Hacking Committee","NA","NA","Ecosystem | Acceleration","NA","NA","Ecosystem | Pre-Impact Committee ","NA","NA","Ecosystem | Impact Committee","NA","NA","Ecosystem | Impact","NA","NA"
"846","BioCycle AgriTech","Develop and commercialize biostimulants, soil amendments, and feed additives extracted from molasses and other agro-industrial byproducts, using fermentation, enzymatic hydrolysis, and microbial conversion","13/05/2025","13/05/2025","001","*Soumission*","active","NA","NA","NA","Soumission","13/05/2025","NA","Business (situation visant à générer des revenus)","Categorization","NA","NA","Ideation","NA","NA","Ideation | Demo Day ","NA","NA","Development","NA","NA","Business | Incubation","NA","NA","Business | Pre-Hacking Committee ","NA","NA","Business | Hacking Committee","NA","NA","Business | Acceleration","NA","NA","Business | Pre-Impact Committee","NA","NA","Business | Impact Committee","NA","NA","Business | Impact","NA","NA","Business | Series B","NA","NA","OM | Incubation","NA","NA","OM | Pre-Hacking Committee","NA","NA","OM | Hacking Committee","NA","NA","OM | Acceleration","NA","NA","OM | Pre-Impact Committee ","NA","NA","OM | Impact Committee","NA","NA","OM | Impact","NA","Ecosystem | Incubation","NA","NA","Ecosystem | Pre-Hacking Committee","NA","NA","Ecosystem | Hacking Committee","NA","NA","Ecosystem | Acceleration","NA","NA","Ecosystem | Pre-Impact Committee ","NA","NA","Ecosystem | Impact Committee","NA","NA","Ecosystem | Impact","NA","NA"
"847","OCP Budget Smart","Créer une cellule interne d’experts chargée d’accompagner les entités du groupe OCP dans la gestion budgétaire, la sous-traitance, la facturation et la construction des budgets, dans une logique de performance, d’optimisation et de partage de savoir-faire","13/05/2025","23/06/2025","001","Ideation","active","NA","NA","NA","Soumission","13/05/2025","24/05/2025","Operating Model (situation visant à améliorer, optimiser ou changer des process, pratiques ou organisations de travail)","Categorization","NA","NA","Ideation","16/05/2025","NA","Ideation | Demo Day ","NA","NA","Development","NA","NA","Business | Incubation","NA","NA","Business | Pre-Hacking Committee ","NA","NA","Business | Hacking Committee","NA","NA","Business | Acceleration","NA","NA","Business | Pre-Impact Committee","NA","NA","Business | Impact Committee","NA","NA","Business | Impact","NA","NA","Business | Series B","NA","NA","OM | Incubation","NA","NA","OM | Pre-Hacking Committee","NA","NA","OM | Hacking Committee","NA","NA","OM | Acceleration","NA","NA","OM | Pre-Impact Committee ","NA","NA","OM | Impact Committee","NA","NA","OM | Impact","NA","Ecosystem | Incubation","NA","NA","Ecosystem | Pre-Hacking Committee","NA","NA","Ecosystem | Hacking Committee","NA","NA","Ecosystem | Acceleration","NA","NA","Ecosystem | Pre-Impact Committee ","NA","NA","Ecosystem | Impact Committee","NA","NA","Ecosystem | Impact","NA","NA"
"848","club de multi-tir","club de multi-tir"" désigne un lieu où plusieurs disciplines de tir sportif peuvent être pratiquées. Cela peut inclure le tir à l'arc, le tir à air comprimé, le tir à la carabine ou au pistolet, et parfois même le tir au plâtre ou à l'arc. ","13/05/2025","26/06/2025","006","Categorization","active","NA","NA","NA","Soumission","13/05/2025","NA","Ecosystème (situation visant à créer de la valeur avec l’écosystème du groupe)","Categorization","26/06/2025","26/06/2025","Ideation","NA","NA","Ideation | Demo Day ","NA","NA","Development","NA","NA","Business | Incubation","NA","NA","Business | Pre-Hacking Committee ","NA","NA","Business | Hacking Committee","NA","NA","Business | Acceleration","NA","NA","Business | Pre-Impact Committee","NA","NA","Business | Impact Committee","NA","NA","Business | Impact","NA","NA","Business | Series B","NA","NA","OM | Incubation","NA","NA","OM | Pre-Hacking Committee","NA","NA","OM | Hacking Committee","NA","NA","OM | Acceleration","NA","NA","OM | Pre-Impact Committee ","NA","NA","OM | Impact Committee","NA","NA","OM | Impact","NA","Ecosystem | Incubation","NA","NA","Ecosystem | Pre-Hacking Committee","NA","NA","Ecosystem | Hacking Committee","NA","NA","Ecosystem | Acceleration","NA","NA","Ecosystem | Pre-Impact Committee ","NA","NA","Ecosystem | Impact Committee","NA","NA","Ecosystem | Impact","NA","NA"
"849","Ecoway","","13/05/2025","14/05/2025","001","*Soumission*","active","NA","NA","NA","Soumission","13/05/2025","NA","Business (situation visant à générer des revenus)","Categorization","NA","NA","Ideation","NA","NA","Ideation | Demo Day ","NA","NA","Development","NA","NA","Business | Incubation","NA","NA","Business | Pre-Hacking Committee ","NA","NA","Business | Hacking Committee","NA","NA","Business | Acceleration","NA","NA","Business | Pre-Impact Committee","NA","NA","Business | Impact Committee","NA","NA","Business | Impact","NA","NA","Business | Series B","NA","NA","OM | Incubation","NA","NA","OM | Pre-Hacking Committee","NA","NA","OM | Hacking Committee","NA","NA","OM | Acceleration","NA","NA","OM | Pre-Impact Committee ","NA","NA","OM | Impact Committee","NA","NA","OM | Impact","NA","Ecosystem | Incubation","NA","NA","Ecosystem | Pre-Hacking Committee","NA","NA","Ecosystem | Hacking Committee","NA","NA","Ecosystem | Acceleration","NA","NA","Ecosystem | Pre-Impact Committee ","NA","NA","Ecosystem | Impact Committee","NA","NA","Ecosystem | Impact","NA","NA"
"850","CREATIVITY CHILD'S ACADEMY","Académie de l’innovation et de la créativité pour enfants","15/05/2025","21/06/2025","005","Ideation","active","NA","NA","NA","Soumission","15/05/2025","18/05/2025","Business (situation visant à générer des revenus)","Categorization","NA","NA","Ideation","16/05/2025","02/06/2025","Ideation | Demo Day ","NA","NA","Development","NA","NA","Business | Incubation","NA","NA","Business | Pre-Hacking Committee ","NA","NA","Business | Hacking Committee","NA","NA","Business | Acceleration","NA","NA","Business | Pre-Impact Committee","NA","NA","Business | Impact Committee","NA","NA","Business | Impact","NA","NA","Business | Series B","NA","NA","OM | Incubation","NA","NA","OM | Pre-Hacking Committee","NA","NA","OM | Hacking Committee","NA","NA","OM | Acceleration","NA","NA","OM | Pre-Impact Committee ","NA","NA","OM | Impact Committee","NA","NA","OM | Impact","NA","Ecosystem | Incubation","NA","NA","Ecosystem | Pre-Hacking Committee","NA","NA","Ecosystem | Hacking Committee","NA","NA","Ecosystem | Acceleration","NA","NA","Ecosystem | Pre-Impact Committee ","NA","NA","Ecosystem | Impact Committee","NA","NA","Ecosystem | Impact","NA","NA"
"852","SOLVIX","SOLVIX est une entité externe qui avance les paiements aux fournisseurs d’OCP dès validation des prestations. Elle se fait rembourser avec une commission, garantissant la trésorerie des partenaires et la fluidité des opérations sans modifier les processus","16/05/2025","21/06/2025","001","Ideation","active","NA","NA","NA","Soumission","16/05/2025","26/05/2025","Business (situation visant à générer des revenus)","Categorization","NA","NA","Ideation","30/05/2025","NA","Ideation | Demo Day ","NA","NA","Development","NA","NA","Business | Incubation","NA","NA","Business | Pre-Hacking Committee ","NA","NA","Business | Hacking Committee","NA","NA","Business | Acceleration","NA","NA","Business | Pre-Impact Committee","NA","NA","Business | Impact Committee","NA","NA","Business | Impact","NA","NA","Business | Series B","NA","NA","OM | Incubation","NA","NA","OM | Pre-Hacking Committee","NA","NA","OM | Hacking Committee","NA","NA","OM | Acceleration","NA","NA","OM | Pre-Impact Committee ","NA","NA","OM | Impact Committee","NA","NA","OM | Impact","NA","Ecosystem | Incubation","NA","NA","Ecosystem | Pre-Hacking Committee","NA","NA","Ecosystem | Hacking Committee","NA","NA","Ecosystem | Acceleration","NA","NA","Ecosystem | Pre-Impact Committee ","NA","NA","Ecosystem | Impact Committee","NA","NA","Ecosystem | Impact","NA","NA"
"855","NextGen OCP Academy","Former une génération confiante, créative et bien préparée à affronter l’avenir grâce à des programmes de développement intégrés et un accompagnement personnalisé des jeunes et de leurs familles.","19/05/2025","21/06/2025","001","Ideation","active","NA","NA","NA","Soumission","19/05/2025","19/05/2025","Ecosystème (situation visant à créer de la valeur avec l’écosystème du groupe)","Categorization","NA","NA","Ideation","30/05/2025","NA","Ideation | Demo Day ","NA","NA","Development","NA","NA","Business | Incubation","NA","NA","Business | Pre-Hacking Committee ","NA","NA","Business | Hacking Committee","NA","NA","Business | Acceleration","NA","NA","Business | Pre-Impact Committee","NA","NA","Business | Impact Committee","NA","NA","Business | Impact","NA","NA","Business | Series B","NA","NA","OM | Incubation","NA","NA","OM | Pre-Hacking Committee","NA","NA","OM | Hacking Committee","NA","NA","OM | Acceleration","NA","NA","OM | Pre-Impact Committee ","NA","NA","OM | Impact Committee","NA","NA","OM | Impact","NA","Ecosystem | Incubation","NA","NA","Ecosystem | Pre-Hacking Committee","NA","NA","Ecosystem | Hacking Committee","NA","NA","Ecosystem | Acceleration","NA","NA","Ecosystem | Pre-Impact Committee ","NA","NA","Ecosystem | Impact Committee","NA","NA","Ecosystem | Impact","NA","NA"
"856","IAOCP","Mise en place d’une intelligence artificielle interne pour centraliser et analyser les données de l’entreprise (production, marché, RH, équipements). L’objectif est de générer des solutions rapides, améliorer la prise de décision, optimiser les processus,","19/05/2025","21/06/2025","002","Ideation","active","NA","NA","NA","Soumission","19/05/2025","20/05/2025","Operating Model (situation visant à améliorer, optimiser ou changer des process, pratiques ou organisations de travail)","Categorization","NA","NA","Ideation","30/05/2025","NA","Ideation | Demo Day ","NA","NA","Development","NA","NA","Business | Incubation","NA","NA","Business | Pre-Hacking Committee ","NA","NA","Business | Hacking Committee","NA","NA","Business | Acceleration","NA","NA","Business | Pre-Impact Committee","NA","NA","Business | Impact Committee","NA","NA","Business | Impact","NA","NA","Business | Series B","NA","NA","OM | Incubation","NA","NA","OM | Pre-Hacking Committee","NA","NA","OM | Hacking Committee","NA","NA","OM | Acceleration","NA","NA","OM | Pre-Impact Committee ","NA","NA","OM | Impact Committee","NA","NA","OM | Impact","NA","Ecosystem | Incubation","NA","NA","Ecosystem | Pre-Hacking Committee","NA","NA","Ecosystem | Hacking Committee","NA","NA","Ecosystem | Acceleration","NA","NA","Ecosystem | Pre-Impact Committee ","NA","NA","Ecosystem | Impact Committee","NA","NA","Ecosystem | Impact","NA","NA"
"857","OCPRobotique","La conception et fabrication des robotique ","19/05/2025","21/06/2025","001","Ideation","active","NA","NA","NA","Soumission","19/05/2025","19/05/2025","Operating Model (situation visant à améliorer, optimiser ou changer des process, pratiques ou organisations de travail)","Categorization","NA","NA","Ideation","30/05/2025","NA","Ideation | Demo Day ","NA","NA","Development","NA","NA","Business | Incubation","NA","NA","Business | Pre-Hacking Committee ","NA","NA","Business | Hacking Committee","NA","NA","Business | Acceleration","NA","NA","Business | Pre-Impact Committee","NA","NA","Business | Impact Committee","NA","NA","Business | Impact","NA","NA","Business | Series B","NA","NA","OM | Incubation","NA","NA","OM | Pre-Hacking Committee","NA","NA","OM | Hacking Committee","NA","NA","OM | Acceleration","NA","NA","OM | Pre-Impact Committee ","NA","NA","OM | Impact Committee","NA","NA","OM | Impact","NA","Ecosystem | Incubation","NA","NA","Ecosystem | Pre-Hacking Committee","NA","NA","Ecosystem | Hacking Committee","NA","NA","Ecosystem | Acceleration","NA","NA","Ecosystem | Pre-Impact Committee ","NA","NA","Ecosystem | Impact Committee","NA","NA","Ecosystem | Impact","NA","NA"
"858","BlaRiha","Les processus de production chimique génèrent des odeurs qui perturbent la qualité de vie des citoyens.","20/05/2025","21/06/2025","001","Ideation","active","NA","NA","NA","Soumission","20/05/2025","27/05/2025","Ecosystème (situation visant à créer de la valeur avec l’écosystème du groupe)","Categorization","NA","NA","Ideation","30/05/2025","11/06/2025","Ideation | Demo Day ","NA","NA","Development","NA","NA","Business | Incubation","NA","NA","Business | Pre-Hacking Committee ","NA","NA","Business | Hacking Committee","NA","NA","Business | Acceleration","NA","NA","Business | Pre-Impact Committee","NA","NA","Business | Impact Committee","NA","NA","Business | Impact","NA","NA","Business | Series B","NA","NA","OM | Incubation","NA","NA","OM | Pre-Hacking Committee","NA","NA","OM | Hacking Committee","NA","NA","OM | Acceleration","NA","NA","OM | Pre-Impact Committee ","NA","NA","OM | Impact Committee","NA","NA","OM | Impact","NA","Ecosystem | Incubation","NA","NA","Ecosystem | Pre-Hacking Committee","NA","NA","Ecosystem | Hacking Committee","NA","NA","Ecosystem | Acceleration","NA","NA","Ecosystem | Pre-Impact Committee ","NA","NA","Ecosystem | Impact Committee","NA","NA","Ecosystem | Impact","NA","NA"
"859","LA MAIN D'OR","Créer un club de handball à 4x4 pour les agents et leurs familles au niveau des différents cites du groupe en commençant en premier lieu par le cite de Safi .","20/05/2025","26/06/2025","001","Categorization","active","NA","NA","NA","Soumission","20/05/2025","NA","","Categorization","26/06/2025","26/06/2025","Ideation","NA","NA","Ideation | Demo Day ","NA","NA","Development","NA","NA","Business | Incubation","NA","NA","Business | Pre-Hacking Committee ","NA","NA","Business | Hacking Committee","NA","NA","Business | Acceleration","NA","NA","Business | Pre-Impact Committee","NA","NA","Business | Impact Committee","NA","NA","Business | Impact","NA","NA","Business | Series B","NA","NA","OM | Incubation","NA","NA","OM | Pre-Hacking Committee","NA","NA","OM | Hacking Committee","NA","NA","OM | Acceleration","NA","NA","OM | Pre-Impact Committee ","NA","NA","OM | Impact Committee","NA","NA","OM | Impact","NA","Ecosystem | Incubation","NA","NA","Ecosystem | Pre-Hacking Committee","NA","NA","Ecosystem | Hacking Committee","NA","NA","Ecosystem | Acceleration","NA","NA","Ecosystem | Pre-Impact Committee ","NA","NA","Ecosystem | Impact Committee","NA","NA","Ecosystem | Impact","NA","NA"
"860","Hydrogen","notre situation vise à transformer un problème environnemental (les déchets et gaz polluants) en une opportunité énergétique durable, en produisant de l’hydrogène renouvelable tout en réduisant l’impact écologique des activités industrielles.","20/05/2025","21/06/2025","001","Ideation","active","NA","NA","NA","Soumission","20/05/2025","22/05/2025","Ecosystème (situation visant à créer de la valeur avec l’écosystème du groupe)","Categorization","NA","NA","Ideation","30/05/2025","11/06/2025","Ideation | Demo Day ","NA","NA","Development","NA","NA","Business | Incubation","NA","NA","Business | Pre-Hacking Committee ","NA","NA","Business | Hacking Committee","NA","NA","Business | Acceleration","NA","NA","Business | Pre-Impact Committee","NA","NA","Business | Impact Committee","NA","NA","Business | Impact","NA","NA","Business | Series B","NA","NA","OM | Incubation","NA","NA","OM | Pre-Hacking Committee","NA","NA","OM | Hacking Committee","NA","NA","OM | Acceleration","NA","NA","OM | Pre-Impact Committee ","NA","NA","OM | Impact Committee","NA","NA","OM | Impact","NA","Ecosystem | Incubation","NA","NA","Ecosystem | Pre-Hacking Committee","NA","NA","Ecosystem | Hacking Committee","NA","NA","Ecosystem | Acceleration","NA","NA","Ecosystem | Pre-Impact Committee ","NA","NA","Ecosystem | Impact Committee","NA","NA","Ecosystem | Impact","NA","NA"
"861","Team MOVE","Ma participation a consisté à analyser les processus actuels sur le terrain, identifier les principales limites puis contribuer à la définition du concept et à la structuration de l’Agence Virtuelle","22/05/2025","21/06/2025","001","Ideation","active","NA","NA","NA","Soumission","22/05/2025","22/05/2025","Operating Model (situation visant à améliorer, optimiser ou changer des process, pratiques ou organisations de travail)","Categorization","NA","NA","Ideation","22/05/2025","NA","Ideation | Demo Day ","NA","NA","Development","NA","NA","Business | Incubation","NA","NA","Business | Pre-Hacking Committee ","NA","NA","Business | Hacking Committee","NA","NA","Business | Acceleration","NA","NA","Business | Pre-Impact Committee","NA","NA","Business | Impact Committee","NA","NA","Business | Impact","NA","NA","Business | Series B","NA","NA","OM | Incubation","NA","NA","OM | Pre-Hacking Committee","NA","NA","OM | Hacking Committee","NA","NA","OM | Acceleration","NA","NA","OM | Pre-Impact Committee ","NA","NA","OM | Impact Committee","NA","NA","OM | Impact","NA","Ecosystem | Incubation","NA","NA","Ecosystem | Pre-Hacking Committee","NA","NA","Ecosystem | Hacking Committee","NA","NA","Ecosystem | Acceleration","NA","NA","Ecosystem | Pre-Impact Committee ","NA","NA","Ecosystem | Impact Committee","NA","NA","Ecosystem | Impact","NA","NA"
"862","OCP Coating Solutions","""OCP Coating Solution"" vise à centraliser le pilotage des projets de revêtements anti-acide/anti-abrasion, fiabiliser les actifs, standardiser les pratiques et développer des solutions innovantes adaptées aux contraintes spécifiques des sites industriels.","22/05/2025","21/06/2025","002","Ideation","active","NA","NA","NA","Soumission","22/05/2025","NA","Business (situation visant à générer des revenus)","Categorization","NA","NA","Ideation","30/05/2025","NA","Ideation | Demo Day ","NA","NA","Development","NA","NA","Business | Incubation","NA","NA","Business | Pre-Hacking Committee ","NA","NA","Business | Hacking Committee","NA","NA","Business | Acceleration","NA","NA","Business | Pre-Impact Committee","NA","NA","Business | Impact Committee","NA","NA","Business | Impact","NA","NA","Business | Series B","NA","NA","OM | Incubation","NA","NA","OM | Pre-Hacking Committee","NA","NA","OM | Hacking Committee","NA","NA","OM | Acceleration","NA","NA","OM | Pre-Impact Committee ","NA","NA","OM | Impact Committee","NA","NA","OM | Impact","NA","Ecosystem | Incubation","NA","NA","Ecosystem | Pre-Hacking Committee","NA","NA","Ecosystem | Hacking Committee","NA","NA","Ecosystem | Acceleration","NA","NA","Ecosystem | Pre-Impact Committee ","NA","NA","Ecosystem | Impact Committee","NA","NA","Ecosystem | Impact","NA","NA"
"863","I-sense technology","","24/05/2025","24/05/2025","001","*Soumission*","active","NA","NA","NA","Soumission","24/05/2025","NA","Business (situation visant à générer des revenus)","Categorization","NA","NA","Ideation","NA","NA","Ideation | Demo Day ","NA","NA","Development","NA","NA","Business | Incubation","NA","NA","Business | Pre-Hacking Committee ","NA","NA","Business | Hacking Committee","NA","NA","Business | Acceleration","NA","NA","Business | Pre-Impact Committee","NA","NA","Business | Impact Committee","NA","NA","Business | Impact","NA","NA","Business | Series B","NA","NA","OM | Incubation","NA","NA","OM | Pre-Hacking Committee","NA","NA","OM | Hacking Committee","NA","NA","OM | Acceleration","NA","NA","OM | Pre-Impact Committee ","NA","NA","OM | Impact Committee","NA","NA","OM | Impact","NA","Ecosystem | Incubation","NA","NA","Ecosystem | Pre-Hacking Committee","NA","NA","Ecosystem | Hacking Committee","NA","NA","Ecosystem | Acceleration","NA","NA","Ecosystem | Pre-Impact Committee ","NA","NA","Ecosystem | Impact Committee","NA","NA","Ecosystem | Impact","NA","NA"
"864","XConnect","XCONNECT répond au défi des réseaux instables et peu sécurisés en industrie. Elle vise à déployer des réseaux privés LTE/5G localement, pour offrir une connectivité fiable, sécurisée et parfaitement adaptée aux besoins critiques de chaque industrie","25/05/2025","23/06/2025","001","Ideation","active","NA","NA","NA","Soumission","25/05/2025","25/05/2025","Business (situation visant à générer des revenus)","Categorization","NA","NA","Ideation","30/05/2025","NA","Ideation | Demo Day ","NA","NA","Development","NA","NA","Business | Incubation","NA","NA","Business | Pre-Hacking Committee ","NA","NA","Business | Hacking Committee","NA","NA","Business | Acceleration","NA","NA","Business | Pre-Impact Committee","NA","NA","Business | Impact Committee","NA","NA","Business | Impact","NA","NA","Business | Series B","NA","NA","OM | Incubation","NA","NA","OM | Pre-Hacking Committee","NA","NA","OM | Hacking Committee","NA","NA","OM | Acceleration","NA","NA","OM | Pre-Impact Committee ","NA","NA","OM | Impact Committee","NA","NA","OM | Impact","NA","Ecosystem | Incubation","NA","NA","Ecosystem | Pre-Hacking Committee","NA","NA","Ecosystem | Hacking Committee","NA","NA","Ecosystem | Acceleration","NA","NA","Ecosystem | Pre-Impact Committee ","NA","NA","Ecosystem | Impact Committee","NA","NA","Ecosystem | Impact","NA","NA"
"865","OBlend","Notre idée est d'implanter une unité de mélange ( réservoir équipé d'une imprimante, compteur) de Biocarburant dans le diesel afin de l'utiliser dans le transport ou dans le procédé de fabrication des engrais . ","26/05/2025","21/06/2025","001","Ideation","active","NA","NA","NA","Soumission","26/05/2025","27/05/2025","Ecosystème (situation visant à créer de la valeur avec l’écosystème du groupe)","Categorization","NA","NA","Ideation","30/05/2025","10/06/2025","Ideation | Demo Day ","NA","NA","Development","NA","NA","Business | Incubation","NA","NA","Business | Pre-Hacking Committee ","NA","NA","Business | Hacking Committee","NA","NA","Business | Acceleration","NA","NA","Business | Pre-Impact Committee","NA","NA","Business | Impact Committee","NA","NA","Business | Impact","NA","NA","Business | Series B","NA","NA","OM | Incubation","NA","NA","OM | Pre-Hacking Committee","NA","NA","OM | Hacking Committee","NA","NA","OM | Acceleration","NA","NA","OM | Pre-Impact Committee ","NA","NA","OM | Impact Committee","NA","NA","OM | Impact","NA","Ecosystem | Incubation","NA","NA","Ecosystem | Pre-Hacking Committee","NA","NA","Ecosystem | Hacking Committee","NA","NA","Ecosystem | Acceleration","NA","NA","Ecosystem | Pre-Impact Committee ","NA","NA","Ecosystem | Impact Committee","NA","NA","Ecosystem | Impact","NA","NA"
"866","Carbon Net Zero","OCP vise à atteindre la neutralité carbone grâce à des projets verts développés en interne, permettant d’éliminer les émissions générées par ses procédés de fabrication. Ces initiatives sont pilotées à l'interne mais son déploiement reste un défi. ","26/05/2025","26/06/2025","001","Categorization","active","NA","NA","NA","Soumission","26/05/2025","NA","Ecosystème (situation visant à créer de la valeur avec l’écosystème du groupe)","Categorization","26/06/2025","26/06/2025","Ideation","NA","NA","Ideation | Demo Day ","NA","NA","Development","NA","NA","Business | Incubation","NA","NA","Business | Pre-Hacking Committee ","NA","NA","Business | Hacking Committee","NA","NA","Business | Acceleration","NA","NA","Business | Pre-Impact Committee","NA","NA","Business | Impact Committee","NA","NA","Business | Impact","NA","NA","Business | Series B","NA","NA","OM | Incubation","NA","NA","OM | Pre-Hacking Committee","NA","NA","OM | Hacking Committee","NA","NA","OM | Acceleration","NA","NA","OM | Pre-Impact Committee ","NA","NA","OM | Impact Committee","NA","NA","OM | Impact","NA","Ecosystem | Incubation","NA","NA","Ecosystem | Pre-Hacking Committee","NA","NA","Ecosystem | Hacking Committee","NA","NA","Ecosystem | Acceleration","NA","NA","Ecosystem | Pre-Impact Committee ","NA","NA","Ecosystem | Impact Committee","NA","NA","Ecosystem | Impact","NA","NA"
"867","AgriTech Village Benguerir","Dans le cadre du Mouvement OCP, je suis engagé dans la mise en œuvre de projets à fort impact local, notamment autour de l’agriculture durable, de l’inclusion sociale et du développement des compétences._x000D_
Donner une bonne image sur l'initiative du OCP.","27/05/2025","26/06/2025","001","Categorization","active","NA","NA","NA","Soumission","27/05/2025","NA","","Categorization","26/06/2025","26/06/2025","Ideation","NA","NA","Ideation | Demo Day ","NA","NA","Development","NA","NA","Business | Incubation","NA","NA","Business | Pre-Hacking Committee ","NA","NA","Business | Hacking Committee","NA","NA","Business | Acceleration","NA","NA","Business | Pre-Impact Committee","NA","NA","Business | Impact Committee","NA","NA","Business | Impact","NA","NA","Business | Series B","NA","NA","OM | Incubation","NA","NA","OM | Pre-Hacking Committee","NA","NA","OM | Hacking Committee","NA","NA","OM | Acceleration","NA","NA","OM | Pre-Impact Committee ","NA","NA","OM | Impact Committee","NA","NA","OM | Impact","NA","Ecosystem | Incubation","NA","NA","Ecosystem | Pre-Hacking Committee","NA","NA","Ecosystem | Hacking Committee","NA","NA","Ecosystem | Acceleration","NA","NA","Ecosystem | Pre-Impact Committee ","NA","NA","Ecosystem | Impact Committee","NA","NA","Ecosystem | Impact","NA","NA"
"868","Cercle Dynamo OCP","un système de surveillance par caméra détectant les feux dans une usine industrielle","28/05/2025","21/06/2025","001","Ideation","active","NA","NA","NA","Soumission","28/05/2025","29/05/2025","Operating Model (situation visant à améliorer, optimiser ou changer des process, pratiques ou organisations de travail)","Categorization","NA","NA","Ideation","30/05/2025","NA","Ideation | Demo Day ","NA","NA","Development","NA","NA","Business | Incubation","NA","NA","Business | Pre-Hacking Committee ","NA","NA","Business | Hacking Committee","NA","NA","Business | Acceleration","NA","NA","Business | Pre-Impact Committee","NA","NA","Business | Impact Committee","NA","NA","Business | Impact","NA","NA","Business | Series B","NA","NA","OM | Incubation","NA","NA","OM | Pre-Hacking Committee","NA","NA","OM | Hacking Committee","NA","NA","OM | Acceleration","NA","NA","OM | Pre-Impact Committee ","NA","NA","OM | Impact Committee","NA","NA","OM | Impact","NA","Ecosystem | Incubation","NA","NA","Ecosystem | Pre-Hacking Committee","NA","NA","Ecosystem | Hacking Committee","NA","NA","Ecosystem | Acceleration","NA","NA","Ecosystem | Pre-Impact Committee ","NA","NA","Ecosystem | Impact Committee","NA","NA","Ecosystem | Impact","NA","NA"
"869","H2 GREEN DRYING","Utiliser l'hydrogène vert produit localement pour le séchage des engrais_x000D_
L'hydrogène est une source puissante d'énergie 33kwh/kg _x000D_
Avantages économiques _x000D_
Par le changement des brûleurs à fuel par des brûleurs à hydrogène dans nous chambres à combustion ","29/05/2025","21/06/2025","001","Ideation","active","NA","NA","NA","Soumission","29/05/2025","29/05/2025","Operating Model (situation visant à améliorer, optimiser ou changer des process, pratiques ou organisations de travail)","Categorization","NA","NA","Ideation","30/05/2025","02/06/2025","Ideation | Demo Day ","NA","NA","Development","NA","NA","Business | Incubation","NA","NA","Business | Pre-Hacking Committee ","NA","NA","Business | Hacking Committee","NA","NA","Business | Acceleration","NA","NA","Business | Pre-Impact Committee","NA","NA","Business | Impact Committee","NA","NA","Business | Impact","NA","NA","Business | Series B","NA","NA","OM | Incubation","NA","NA","OM | Pre-Hacking Committee","NA","NA","OM | Hacking Committee","NA","NA","OM | Acceleration","NA","NA","OM | Pre-Impact Committee ","NA","NA","OM | Impact Committee","NA","NA","OM | Impact","NA","Ecosystem | Incubation","NA","NA","Ecosystem | Pre-Hacking Committee","NA","NA","Ecosystem | Hacking Committee","NA","NA","Ecosystem | Acceleration","NA","NA","Ecosystem | Pre-Impact Committee ","NA","NA","Ecosystem | Impact Committee","NA","NA","Ecosystem | Impact","NA","NA"
"870","TalentTrack","_x000D_
TalentTrack est une solution innovante de marketing sportif dédiée aux joueurs de football formés dans les centres de formation soutenus par OCP, visant à les promouvoir auprès des clubs via une plateforme digitale, du tracking, et des campagnes ciblées.","04/06/2025","26/06/2025","002","Categorization","active","NA","NA","NA","Soumission","","NA","","Categorization","26/06/2025","26/06/2025","Ideation","NA","NA","Ideation | Demo Day ","NA","NA","Development","NA","NA","Business | Incubation","NA","NA","Business | Pre-Hacking Committee ","NA","NA","Business | Hacking Committee","NA","NA","Business | Acceleration","NA","NA","Business | Pre-Impact Committee","NA","NA","Business | Impact Committee","NA","NA","Business | Impact","NA","NA","Business | Series B","NA","NA","OM | Incubation","NA","NA","OM | Pre-Hacking Committee","NA","NA","OM | Hacking Committee","NA","NA","OM | Acceleration","NA","NA","OM | Pre-Impact Committee ","NA","NA","OM | Impact Committee","NA","NA","OM | Impact","NA","Ecosystem | Incubation","NA","NA","Ecosystem | Pre-Hacking Committee","NA","NA","Ecosystem | Hacking Committee","NA","NA","Ecosystem | Acceleration","NA","NA","Ecosystem | Pre-Impact Committee ","NA","NA","Ecosystem | Impact Committee","NA","NA","Ecosystem | Impact","NA","NA"
"871","Mathematic imagination","L'idée est de réinventer l'enseignement des mathématiques au Maroc et dans toute l'Afrique par la suite avec des objets façonné en bois. L'ambition est de créer une méthode Montessori pour les maths avancés pour se servir des maths dans sa réflexion","06/06/2025","26/06/2025","001","Categorization","active","NA","NA","NA","Soumission","","NA","","Categorization","26/06/2025","26/06/2025","Ideation","NA","NA","Ideation | Demo Day ","NA","NA","Development","NA","NA","Business | Incubation","NA","NA","Business | Pre-Hacking Committee ","NA","NA","Business | Hacking Committee","NA","NA","Business | Acceleration","NA","NA","Business | Pre-Impact Committee","NA","NA","Business | Impact Committee","NA","NA","Business | Impact","NA","NA","Business | Series B","NA","NA","OM | Incubation","NA","NA","OM | Pre-Hacking Committee","NA","NA","OM | Hacking Committee","NA","NA","OM | Acceleration","NA","NA","OM | Pre-Impact Committee ","NA","NA","OM | Impact Committee","NA","NA","OM | Impact","NA","Ecosystem | Incubation","NA","NA","Ecosystem | Pre-Hacking Committee","NA","NA","Ecosystem | Hacking Committee","NA","NA","Ecosystem | Acceleration","NA","NA","Ecosystem | Pre-Impact Committee ","NA","NA","Ecosystem | Impact Committee","NA","NA","Ecosystem | Impact","NA","NA"
"872","SURETE ANTI DRONE","Cest une nécessité urgent_x000D_
","06/06/2025","26/06/2025","001","Categorization","active","NA","NA","NA","Soumission","","NA","","Categorization","26/06/2025","26/06/2025","Ideation","NA","NA","Ideation | Demo Day ","NA","NA","Development","NA","NA","Business | Incubation","NA","NA","Business | Pre-Hacking Committee ","NA","NA","Business | Hacking Committee","NA","NA","Business | Acceleration","NA","NA","Business | Pre-Impact Committee","NA","NA","Business | Impact Committee","NA","NA","Business | Impact","NA","NA","Business | Series B","NA","NA","OM | Incubation","NA","NA","OM | Pre-Hacking Committee","NA","NA","OM | Hacking Committee","NA","NA","OM | Acceleration","NA","NA","OM | Pre-Impact Committee ","NA","NA","OM | Impact Committee","NA","NA","OM | Impact","NA","Ecosystem | Incubation","NA","NA","Ecosystem | Pre-Hacking Committee","NA","NA","Ecosystem | Hacking Committee","NA","NA","Ecosystem | Acceleration","NA","NA","Ecosystem | Pre-Impact Committee ","NA","NA","Ecosystem | Impact Committee","NA","NA","Ecosystem | Impact","NA","NA"
"873","Innovir coffe GROUNDS engrais","Collecter les résidus de café et les améliorer en ajoutant des dérives phosphates et aussi le orientant vers des engrais biologiques naturels en visant les petits et les moyens agriculteurs pour un produit marocain écologique","09/06/2025","26/06/2025","001","Categorization","active","NA","NA","NA","Soumission","","NA","","Categorization","26/06/2025","26/06/2025","Ideation","NA","NA","Ideation | Demo Day ","NA","NA","Development","NA","NA","Business | Incubation","NA","NA","Business | Pre-Hacking Committee ","NA","NA","Business | Hacking Committee","NA","NA","Business | Acceleration","NA","NA","Business | Pre-Impact Committee","NA","NA","Business | Impact Committee","NA","NA","Business | Impact","NA","NA","Business | Series B","NA","NA","OM | Incubation","NA","NA","OM | Pre-Hacking Committee","NA","NA","OM | Hacking Committee","NA","NA","OM | Acceleration","NA","NA","OM | Pre-Impact Committee ","NA","NA","OM | Impact Committee","NA","NA","OM | Impact","NA","Ecosystem | Incubation","NA","NA","Ecosystem | Pre-Hacking Committee","NA","NA","Ecosystem | Hacking Committee","NA","NA","Ecosystem | Acceleration","NA","NA","Ecosystem | Pre-Impact Committee ","NA","NA","Ecosystem | Impact Committee","NA","NA","Ecosystem | Impact","NA","NA"
"874","Moroccan Bots Academy","Moroccan Bots Academy forme les jeunes dès 16 ans à la robotique, l’IA et la R&D, 100 % marocaine. L’objectif : développer les talents locaux, stimuler l’innovation et faire du Maroc un acteur clé de la tech et de l’industrie du futur.","10/06/2025","26/06/2025","001","Categorization","active","NA","NA","NA","Soumission","","NA","","Categorization","26/06/2025","26/06/2025","Ideation","NA","NA","Ideation | Demo Day ","NA","NA","Development","NA","NA","Business | Incubation","NA","NA","Business | Pre-Hacking Committee ","NA","NA","Business | Hacking Committee","NA","NA","Business | Acceleration","NA","NA","Business | Pre-Impact Committee","NA","NA","Business | Impact Committee","NA","NA","Business | Impact","NA","NA","Business | Series B","NA","NA","OM | Incubation","NA","NA","OM | Pre-Hacking Committee","NA","NA","OM | Hacking Committee","NA","NA","OM | Acceleration","NA","NA","OM | Pre-Impact Committee ","NA","NA","OM | Impact Committee","NA","NA","OM | Impact","NA","Ecosystem | Incubation","NA","NA","Ecosystem | Pre-Hacking Committee","NA","NA","Ecosystem | Hacking Committee","NA","NA","Ecosystem | Acceleration","NA","NA","Ecosystem | Pre-Impact Committee ","NA","NA","Ecosystem | Impact Committee","NA","NA","Ecosystem | Impact","NA","NA"
"875","CO2 Business unit","Mettre en place une Business Unit dédiée au carbone afin de développer et structurer un marché de CO₂ capturé à partir des cheminées phosphoriques situées sur les différents sites industriels du groupe OCP.","12/06/2025","21/06/2025","001","Ideation","active","NA","NA","NA","Soumission","","NA","","Categorization","NA","NA","Ideation","16/06/2025","NA","Ideation | Demo Day ","NA","NA","Development","NA","NA","Business | Incubation","NA","NA","Business | Pre-Hacking Committee ","NA","NA","Business | Hacking Committee","NA","NA","Business | Acceleration","NA","NA","Business | Pre-Impact Committee","NA","NA","Business | Impact Committee","NA","NA","Business | Impact","NA","NA","Business | Series B","NA","NA","OM | Incubation","NA","NA","OM | Pre-Hacking Committee","NA","NA","OM | Hacking Committee","NA","NA","OM | Acceleration","NA","NA","OM | Pre-Impact Committee ","NA","NA","OM | Impact Committee","NA","NA","OM | Impact","NA","Ecosystem | Incubation","NA","NA","Ecosystem | Pre-Hacking Committee","NA","NA","Ecosystem | Hacking Committee","NA","NA","Ecosystem | Acceleration","NA","NA","Ecosystem | Pre-Impact Committee ","NA","NA","Ecosystem | Impact Committee","NA","NA","Ecosystem | Impact","NA","NA"
"876","Ocp adsens","Fabrication des panneaux  publicitaires pour affiche publicite ocp","12/06/2025","26/06/2025","001","Categorization","active","NA","NA","NA","Soumission","","NA","","Categorization","26/06/2025","26/06/2025","Ideation","NA","NA","Ideation | Demo Day ","NA","NA","Development","NA","NA","Business | Incubation","NA","NA","Business | Pre-Hacking Committee ","NA","NA","Business | Hacking Committee","NA","NA","Business | Acceleration","NA","NA","Business | Pre-Impact Committee","NA","NA","Business | Impact Committee","NA","NA","Business | Impact","NA","NA","Business | Series B","NA","NA","OM | Incubation","NA","NA","OM | Pre-Hacking Committee","NA","NA","OM | Hacking Committee","NA","NA","OM | Acceleration","NA","NA","OM | Pre-Impact Committee ","NA","NA","OM | Impact Committee","NA","NA","OM | Impact","NA","Ecosystem | Incubation","NA","NA","Ecosystem | Pre-Hacking Committee","NA","NA","Ecosystem | Hacking Committee","NA","NA","Ecosystem | Acceleration","NA","NA","Ecosystem | Pre-Impact Committee ","NA","NA","Ecosystem | Impact Committee","NA","NA","Ecosystem | Impact","NA","NA"
"877","cleancar&go","Un service innovant de lavage de voitures à sec et écologique proposé sur le site même de l’entreprise, pendant les heures de travail des collaborateurs._x000D_
_x000D_
","14/06/2025","26/06/2025","001","Categorization","active","NA","NA","NA","Soumission","","NA","","Categorization","26/06/2025","26/06/2025","Ideation","NA","NA","Ideation | Demo Day ","NA","NA","Development","NA","NA","Business | Incubation","NA","NA","Business | Pre-Hacking Committee ","NA","NA","Business | Hacking Committee","NA","NA","Business | Acceleration","NA","NA","Business | Pre-Impact Committee","NA","NA","Business | Impact Committee","NA","NA","Business | Impact","NA","NA","Business | Series B","NA","NA","OM | Incubation","NA","NA","OM | Pre-Hacking Committee","NA","NA","OM | Hacking Committee","NA","NA","OM | Acceleration","NA","NA","OM | Pre-Impact Committee ","NA","NA","OM | Impact Committee","NA","NA","OM | Impact","NA","Ecosystem | Incubation","NA","NA","Ecosystem | Pre-Hacking Committee","NA","NA","Ecosystem | Hacking Committee","NA","NA","Ecosystem | Acceleration","NA","NA","Ecosystem | Pre-Impact Committee ","NA","NA","Ecosystem | Impact Committee","NA","NA","Ecosystem | Impact","NA","NA"
"878","SpareDrive","","15/06/2025","15/06/2025","001","*Soumission*","active","NA","NA","NA","Soumission","","NA","","Categorization","NA","NA","Ideation","NA","NA","Ideation | Demo Day ","NA","NA","Development","NA","NA","Business | Incubation","NA","NA","Business | Pre-Hacking Committee ","NA","NA","Business | Hacking Committee","NA","NA","Business | Acceleration","NA","NA","Business | Pre-Impact Committee","NA","NA","Business | Impact Committee","NA","NA","Business | Impact","NA","NA","Business | Series B","NA","NA","OM | Incubation","NA","NA","OM | Pre-Hacking Committee","NA","NA","OM | Hacking Committee","NA","NA","OM | Acceleration","NA","NA","OM | Pre-Impact Committee ","NA","NA","OM | Impact Committee","NA","NA","OM | Impact","NA","Ecosystem | Incubation","NA","NA","Ecosystem | Pre-Hacking Committee","NA","NA","Ecosystem | Hacking Committee","NA","NA","Ecosystem | Acceleration","NA","NA","Ecosystem | Pre-Impact Committee ","NA","NA","Ecosystem | Impact Committee","NA","NA","Ecosystem | Impact","NA","NA"
"879","OCP ERGOLAB","Est une SARL spécialisé dans le domaine d'ergonomie de travail il diagnostique étudier  rapporter la conformité et les recommandations avec une affinité médical que HSE il fait les mesures des ambiances phys par poste de travail et non seulement par point","15/06/2025","26/06/2025","001","Categorization","active","NA","NA","NA","Soumission","","NA","","Categorization","26/06/2025","26/06/2025","Ideation","NA","NA","Ideation | Demo Day ","NA","NA","Development","NA","NA","Business | Incubation","NA","NA","Business | Pre-Hacking Committee ","NA","NA","Business | Hacking Committee","NA","NA","Business | Acceleration","NA","NA","Business | Pre-Impact Committee","NA","NA","Business | Impact Committee","NA","NA","Business | Impact","NA","NA","Business | Series B","NA","NA","OM | Incubation","NA","NA","OM | Pre-Hacking Committee","NA","NA","OM | Hacking Committee","NA","NA","OM | Acceleration","NA","NA","OM | Pre-Impact Committee ","NA","NA","OM | Impact Committee","NA","NA","OM | Impact","NA","Ecosystem | Incubation","NA","NA","Ecosystem | Pre-Hacking Committee","NA","NA","Ecosystem | Hacking Committee","NA","NA","Ecosystem | Acceleration","NA","NA","Ecosystem | Pre-Impact Committee ","NA","NA","Ecosystem | Impact Committee","NA","NA","Ecosystem | Impact","NA","NA"
"880","Action Urgence Humanitaire","Notre objectif est de permettre aux personnes mobilisées lors de situation d'urgence humanitaires de développer leurs compétences dans les métiers de l'humanitaire. nous prévoyons  l'élaboration d'une plateforme logistique et d'un modèle de gouvernance ","19/06/2025","24/06/2025","004","Ideation","active","NA","NA","NA","Soumission","","NA","","Categorization","NA","NA","Ideation","19/06/2025","NA","Ideation | Demo Day ","NA","NA","Development","NA","NA","Business | Incubation","NA","NA","Business | Pre-Hacking Committee ","NA","NA","Business | Hacking Committee","NA","NA","Business | Acceleration","NA","NA","Business | Pre-Impact Committee","NA","NA","Business | Impact Committee","NA","NA","Business | Impact","NA","NA","Business | Series B","NA","NA","OM | Incubation","NA","NA","OM | Pre-Hacking Committee","NA","NA","OM | Hacking Committee","NA","NA","OM | Acceleration","NA","NA","OM | Pre-Impact Committee ","NA","NA","OM | Impact Committee","NA","NA","OM | Impact","NA","Ecosystem | Incubation","NA","NA","Ecosystem | Pre-Hacking Committee","NA","NA","Ecosystem | Hacking Committee","NA","NA","Ecosystem | Acceleration","NA","NA","Ecosystem | Pre-Impact Committee ","NA","NA","Ecosystem | Impact Committee","NA","NA","Ecosystem | Impact","NA","NA"
"881","hydro-ocp","Ce canal présente un fort potentiel en énergie hydraulique grâce à un débit continu disponible 24h/24, assurant ainsi une production d’électricité stable et autonome. Sa grande longueur, combinée à une pente naturelle favorable, permet une vitesse d’écoul","19/06/2025","19/06/2025","001","*Soumission*","active","NA","NA","NA","Soumission","","NA","","Categorization","NA","NA","Ideation","NA","NA","Ideation | Demo Day ","NA","NA","Development","NA","NA","Business | Incubation","NA","NA","Business | Pre-Hacking Committee ","NA","NA","Business | Hacking Committee","NA","NA","Business | Acceleration","NA","NA","Business | Pre-Impact Committee","NA","NA","Business | Impact Committee","NA","NA","Business | Impact","NA","NA","Business | Series B","NA","NA","OM | Incubation","NA","NA","OM | Pre-Hacking Committee","NA","NA","OM | Hacking Committee","NA","NA","OM | Acceleration","NA","NA","OM | Pre-Impact Committee ","NA","NA","OM | Impact Committee","NA","NA","OM | Impact","NA","Ecosystem | Incubation","NA","NA","Ecosystem | Pre-Hacking Committee","NA","NA","Ecosystem | Hacking Committee","NA","NA","Ecosystem | Acceleration","NA","NA","Ecosystem | Pre-Impact Committee ","NA","NA","Ecosystem | Impact Committee","NA","NA","Ecosystem | Impact","NA","NA"
